                               -----------------                                
                                    DIALECT                                     
                               -----------------                                
                                 version: 1.1.0                                 
                                                                                
            :::::::::::::::::::::::::::::::::::::::::::::::::::::::             
            ::                   Roland Mitric                   ::             
            ::  Institute of Physical and Theoretical Chemistry  ::             
            ::              University of Wuerzburg              ::             
        ::::::...................................................::::::         
        :: Contributors:                                             ::         
        :: --------                                                  ::         
        :: Richard Einsele       <richard.einsele@uni-wuerzburg.de>  ::         
        :: Joscha Hoche             <joscha.hoche@uni-wuerzburg.de>  ::         
        :: Xincheng Miao           <xincheng.miao@uni-wuerzburg.de>  ::         
        :: Luca Nils Philipp   <luca_nils.philipp@uni-wuerzburg.de>  ::         
        :::::::::::::::::::::::::::::::::::::::::::::::::::::::::::::::         
                                                                                
                                                                                
                                  SCC-Routine                                   
--------------------------------------------------------------------------------
max. iterations:          500
electronic temperature:   300 K
repulsive energy:         18.04822670788097 Hartree
                                                                                
SCC Iterations: all quantities are in atomic units 
-------------------------------------------------------------- 
Iter.         SCC Energy       Energy diff.           dq diff.
-------------------------------------------------------------- 
    1    -1.6852610176e3    0.0000000000000    8.2716920976e-1
    2    -1.6935055827e3     8.2445650803e0    4.9601766229e-1
    3    -1.6933030092e3   -2.0257350891e-1    1.6894345262e-1
    4    -1.6938944570e3    5.9144782345e-1    1.0622725789e-2
    5    -1.6939026241e3    8.1671379728e-3    3.4067264799e-3
    6    -1.6939031225e3    4.9833467051e-4    5.6556299350e-4
    7    -1.6939031411e3    1.8598422230e-5    2.3069029897e-4
    8    -1.6939031427e3    1.6698181753e-6    2.6712896116e-5
    9    -1.6939031428e3    2.5725285013e-8    6.8749868088e-6
   10    -1.6939031428e3    1.2960299500e-9    3.5067687553e-6
   11    -1.6939031428e3   2.2964741220e-10    1.3712917291e-6
   12    -1.6939031428e3   3.2059688237e-11    2.9891182976e-7
   13    -1.6939031428e3   2.9558577808e-12    5.2552410675e-8
-------------------------------------------------------------- 
                        SCC converged                         
                                                                                 
electronic energy: -1711.95136948404820 Hartree
halogen bond correction:   0.00000000000000 Hartree
repulsive energy:  18.04822670788097 Hartree
dispersion energy:  -0.65837166801593 Hartree
Total energy: -1694.56151444418310 Hartree
-------------------------------------------------------------------------------- 
                                                       elapsed time:   112.01 s
                                                                                 
  Orb.    Occ.      Energy/Hartree |   Orb.    Occ.      Energy/Hartree
----------------------------------------------------------------------- 
MO:    1   2.00  -0.86534330610576 | MO:    2   2.00  -0.83727649302688
MO:    3   2.00  -0.82755753336201 | MO:    4   2.00  -0.82333382718494
MO:    5   2.00  -0.82298029152812 | MO:    6   2.00  -0.82113964991842
MO:    7   2.00  -0.81988474405188 | MO:    8   2.00  -0.81910797820546
MO:    9   2.00  -0.81859659800154 | MO:   10   2.00  -0.81824220582995
MO:   11   2.00  -0.81798562863820 | MO:   12   2.00  -0.81779255066672
MO:   13   2.00  -0.81764199201725 | MO:   14   2.00  -0.81752052114056
MO:   15   2.00  -0.81741919198117 | MO:   16   2.00  -0.81733185361023
MO:   17   2.00  -0.81725417760435 | MO:   18   2.00  -0.81718308086293
MO:   19   2.00  -0.81711635394253 | MO:   20   2.00  -0.81705241381016
MO:   21   2.00  -0.81699012625135 | MO:   22   2.00  -0.81692867870468
MO:   23   2.00  -0.81686748680923 | MO:   24   2.00  -0.81680612886465
MO:   25   2.00  -0.81674430034262 | MO:   26   2.00  -0.81668178113847
MO:   27   2.00  -0.81661841278264 | MO:   28   2.00  -0.81655408326390
MO:   29   2.00  -0.81648871545173 | MO:   30   2.00  -0.81642225891666
MO:   31   2.00  -0.81635468460679 | MO:   32   2.00  -0.81628597993447
MO:   33   2.00  -0.81621614618684 | MO:   34   2.00  -0.81614519566798
MO:   35   2.00  -0.81607314993655 | MO:   36   2.00  -0.81600003762660
MO:   37   2.00  -0.81592589428408 | MO:   38   2.00  -0.81585075952606
MO:   39   2.00  -0.81577467777241 | MO:   40   2.00  -0.81569769735039
MO:   41   2.00  -0.81561987211569 | MO:   42   2.00  -0.81554125993706
MO:   43   2.00  -0.81546192319877 | MO:   44   2.00  -0.81538192462278
MO:   45   2.00  -0.81530132562795 | MO:   46   2.00  -0.81522018880629
MO:   47   2.00  -0.81513858462193 | MO:   48   2.00  -0.81505658886862
MO:   49   2.00  -0.81497426599813 | MO:   50   2.00  -0.81489168369742
MO:   51   2.00  -0.81480892846715 | MO:   52   2.00  -0.81472605404821
MO:   53   2.00  -0.81464315681239 | MO:   54   2.00  -0.81456028432384
MO:   55   2.00  -0.81447753564292 | MO:   56   2.00  -0.81439497371659
MO:   57   2.00  -0.81431265841028 | MO:   58   2.00  -0.81423068202929
MO:   59   2.00  -0.81414911910089 | MO:   60   2.00  -0.81406802710160
MO:   61   2.00  -0.81398747076729 | MO:   62   2.00  -0.81390752436961
MO:   63   2.00  -0.81382826038250 | MO:   64   2.00  -0.81374974358530
MO:   65   2.00  -0.81367203142214 | MO:   66   2.00  -0.81359517892393
MO:   67   2.00  -0.81351923807622 | MO:   68   2.00  -0.81344425941796
MO:   69   2.00  -0.81337028891491 | MO:   70   2.00  -0.81329736756091
MO:   71   2.00  -0.81322552864628 | MO:   72   2.00  -0.81315479693655
MO:   73   2.00  -0.81308518709546 | MO:   74   2.00  -0.81301670090748
MO:   75   2.00  -0.81294932570412 | MO:   76   2.00  -0.81288302970961
MO:   77   2.00  -0.81281775735521 | MO:   78   2.00  -0.81275342262732
MO:   79   2.00  -0.81268989878160 | MO:   80   2.00  -0.81262700499843
MO:   81   2.00  -0.81256448731900 | MO:   82   2.00  -0.81250198950168
MO:   83   2.00  -0.81243901355006 | MO:   84   2.00  -0.81237486251956
MO:   85   2.00  -0.81230855716242 | MO:   86   2.00  -0.81223872104426
MO:   87   2.00  -0.81216342013456 | MO:   88   2.00  -0.81207994348616
MO:   89   2.00  -0.81198448568721 | MO:   90   2.00  -0.81187166681949
MO:   91   2.00  -0.81173375526707 | MO:   92   2.00  -0.81155934468069
MO:   93   2.00  -0.81133101414142 | MO:   94   2.00  -0.81102106068368
MO:   95   2.00  -0.81058337460633 | MO:   96   2.00  -0.80993727520933
MO:   97   2.00  -0.80893351570025 | MO:   98   2.00  -0.80727776583980
MO:   99   2.00  -0.80433641555458 | MO:  100   2.00  -0.80094150020752
MO:  101   2.00  -0.79849777461028 | MO:  102   2.00  -0.79323719401867
MO:  103   2.00  -0.78966419602796 | MO:  104   2.00  -0.78771603642480
MO:  105   2.00  -0.78654936271335 | MO:  106   2.00  -0.78579777804238
MO:  107   2.00  -0.78542958750690 | MO:  108   2.00  -0.78528375363094
MO:  109   2.00  -0.78491592424175 | MO:  110   2.00  -0.78464280618493
MO:  111   2.00  -0.78443340844362 | MO:  112   2.00  -0.78426825887366
MO:  113   2.00  -0.78413464886558 | MO:  114   2.00  -0.78402396972608
MO:  115   2.00  -0.78393019514223 | MO:  116   2.00  -0.78384898023970
MO:  117   2.00  -0.78377712176975 | MO:  118   2.00  -0.78371221799087
MO:  119   2.00  -0.78365245200524 | MO:  120   2.00  -0.78359643584374
MO:  121   2.00  -0.78354311071287 | MO:  122   2.00  -0.78349166828926
MO:  123   2.00  -0.78344149117233 | MO:  124   2.00  -0.78339210833458
MO:  125   2.00  -0.78334315864185 | MO:  126   2.00  -0.78329436590419
MO:  127   2.00  -0.78324551842405 | MO:  128   2.00  -0.78319645474727
MO:  129   2.00  -0.78314705071315 | MO:  130   2.00  -0.78309721412175
MO:  131   2.00  -0.78304687610631 | MO:  132   2.00  -0.78299598733917
MO:  133   2.00  -0.78294451207782 | MO:  134   2.00  -0.78289242830945
MO:  135   2.00  -0.78283972123310 | MO:  136   2.00  -0.78278638331271
MO:  137   2.00  -0.78273241388991 | MO:  138   2.00  -0.78267781939726
MO:  139   2.00  -0.78262261553292 | MO:  140   2.00  -0.78256682379365
MO:  141   2.00  -0.78251046752444 | MO:  142   2.00  -0.78245356750811
MO:  143   2.00  -0.78239614677907 | MO:  144   2.00  -0.78233824048403
MO:  145   2.00  -0.78227988889595 | MO:  146   2.00  -0.78222112191994
MO:  147   2.00  -0.78216197169622 | MO:  148   2.00  -0.78210249081988
MO:  149   2.00  -0.78204271026337 | MO:  150   2.00  -0.78198267692756
MO:  151   2.00  -0.78192243528715 | MO:  152   2.00  -0.78186202882692
MO:  153   2.00  -0.78180150273785 | MO:  154   2.00  -0.78174090818268
MO:  155   2.00  -0.78168028759864 | MO:  156   2.00  -0.78161968872356
MO:  157   2.00  -0.78155916046077 | MO:  158   2.00  -0.78149875536685
MO:  159   2.00  -0.78143851521465 | MO:  160   2.00  -0.78137847843262
MO:  161   2.00  -0.78131869595126 | MO:  162   2.00  -0.78125922203067
MO:  163   2.00  -0.78120009879061 | MO:  164   2.00  -0.78114135522880
MO:  165   2.00  -0.78108301953452 | MO:  166   2.00  -0.78102512588024
MO:  167   2.00  -0.78096771113393 | MO:  168   2.00  -0.78091080632852
MO:  169   2.00  -0.78085443040430 | MO:  170   2.00  -0.78079858864745
MO:  171   2.00  -0.78074327155981 | MO:  172   2.00  -0.78068845789048
MO:  173   2.00  -0.78063411168806 | MO:  174   2.00  -0.78058017836161
MO:  175   2.00  -0.78052658015673 | MO:  176   2.00  -0.78047320446920
MO:  177   2.00  -0.78041989393172 | MO:  178   2.00  -0.78036642835643
MO:  179   2.00  -0.78031250647372 | MO:  180   2.00  -0.78025771625401
MO:  181   2.00  -0.78020149732959 | MO:  182   2.00  -0.78014308911880
MO:  183   2.00  -0.78008146514935 | MO:  184   2.00  -0.78001524494678
MO:  185   2.00  -0.77994257467456 | MO:  186   2.00  -0.77986096567438
MO:  187   2.00  -0.77976705979488 | MO:  188   2.00  -0.77965628070742
MO:  189   2.00  -0.77952228436858 | MO:  190   2.00  -0.77935609021606
MO:  191   2.00  -0.77914466699462 | MO:  192   2.00  -0.77886840450428
MO:  193   2.00  -0.77849592792339 | MO:  194   2.00  -0.77797321972550
MO:  195   2.00  -0.77720575323414 | MO:  196   2.00  -0.77603465159784
MO:  197   2.00  -0.77412640318020 | MO:  198   2.00  -0.77062862138594
MO:  199   2.00  -0.76407849140975 | MO:  200   2.00  -0.74608498492426
MO:  201   2.00  -0.74179725716423 | MO:  202   2.00  -0.72789516363050
MO:  203   2.00  -0.71658752993336 | MO:  204   2.00  -0.70996604014138
MO:  205   2.00  -0.70746119331115 | MO:  206   2.00  -0.70636214284187
MO:  207   2.00  -0.70580265505781 | MO:  208   2.00  -0.70547579394861
MO:  209   2.00  -0.70526000307042 | MO:  210   2.00  -0.70510028692826
MO:  211   2.00  -0.70496890478890 | MO:  212   2.00  -0.70485095992238
MO:  213   2.00  -0.70473824471483 | MO:  214   2.00  -0.70462615340161
MO:  215   2.00  -0.70451201740364 | MO:  216   2.00  -0.70439422164570
MO:  217   2.00  -0.70427174062258 | MO:  218   2.00  -0.70414389230646
MO:  219   2.00  -0.70401020419642 | MO:  220   2.00  -0.70387033700375
MO:  221   2.00  -0.70372404020356 | MO:  222   2.00  -0.70357112423166
MO:  223   2.00  -0.70341144286438 | MO:  224   2.00  -0.70324488209827
MO:  225   2.00  -0.70307135168873 | MO:  226   2.00  -0.70289078045343
MO:  227   2.00  -0.70270311174638 | MO:  228   2.00  -0.70250830105618
MO:  229   2.00  -0.70230631370493 | MO:  230   2.00  -0.70209712322574
MO:  231   2.00  -0.70188071000294 | MO:  232   2.00  -0.70165706088110
MO:  233   2.00  -0.70142616777413 | MO:  234   2.00  -0.70118802755522
MO:  235   2.00  -0.70094264134059 | MO:  236   2.00  -0.70069001434680
MO:  237   2.00  -0.70043015528172 | MO:  238   2.00  -0.70016307621834
MO:  239   2.00  -0.69988879197174 | MO:  240   2.00  -0.69960731966461
MO:  241   2.00  -0.69931867880345 | MO:  242   2.00  -0.69902288945238
MO:  243   2.00  -0.69871997290695 | MO:  244   2.00  -0.69840994984934
MO:  245   2.00  -0.69809284050732 | MO:  246   2.00  -0.69776866399363
MO:  247   2.00  -0.69743743867994 | MO:  248   2.00  -0.69709918379007
MO:  249   2.00  -0.69675392078538 | MO:  250   2.00  -0.69640167313868
MO:  251   2.00  -0.69604246077330 | MO:  252   2.00  -0.69567627254107
MO:  253   2.00  -0.69530313400147 | MO:  254   2.00  -0.69492314020597
MO:  255   2.00  -0.69453627471063 | MO:  256   2.00  -0.69414248216939
MO:  257   2.00  -0.69374176790036 | MO:  258   2.00  -0.69333420727593
MO:  259   2.00  -0.69291991829182 | MO:  260   2.00  -0.69249903784274
MO:  261   2.00  -0.69207170780838 | MO:  262   2.00  -0.69163807071079
MO:  263   2.00  -0.69119827271812 | MO:  264   2.00  -0.69075246737161
MO:  265   2.00  -0.69030082298445 | MO:  266   2.00  -0.68984352808806
MO:  267   2.00  -0.68938079860088 | MO:  268   2.00  -0.68891288229381
MO:  269   2.00  -0.68844006373160 | MO:  270   2.00  -0.68796266833029
MO:  271   2.00  -0.68748106640242 | MO:  272   2.00  -0.68699567599508
MO:  273   2.00  -0.68650696734951 | MO:  274   2.00  -0.68601546670532
MO:  275   2.00  -0.68552176101350 | MO:  276   2.00  -0.68502650418829
MO:  277   2.00  -0.68453042446524 | MO:  278   2.00  -0.68403433482679
MO:  279   2.00  -0.68353914899150 | MO:  280   2.00  -0.68304591087087
MO:  281   2.00  -0.68255586659305 | MO:  282   2.00  -0.68207070441702
MO:  283   2.00  -0.68159387435012 | MO:  284   2.00  -0.68115159913534
MO:  285   2.00  -0.68097073662003 | MO:  286   2.00  -0.68062274692064
MO:  287   2.00  -0.68017475127123 | MO:  288   2.00  -0.67973176068150
MO:  289   2.00  -0.67930076328113 | MO:  290   2.00  -0.67888467071982
MO:  291   2.00  -0.67848583949881 | MO:  292   2.00  -0.67810646631236
MO:  293   2.00  -0.67774859262271 | MO:  294   2.00  -0.67741395944657
MO:  295   2.00  -0.67710368094666 | MO:  296   2.00  -0.67681752203334
MO:  297   2.00  -0.67655198325259 | MO:  298   2.00  -0.67629392835606
MO:  299   2.00  -0.67599529309000 | MO:  300   2.00  -0.67547326750262
MO:  301   2.00  -0.67396711412705 | MO:  302   2.00  -0.67174984924649
MO:  303   2.00  -0.66851430555605 | MO:  304   2.00  -0.66706453868799
MO:  305   2.00  -0.66464032913873 | MO:  306   2.00  -0.66327416905887
MO:  307   2.00  -0.66244695715773 | MO:  308   2.00  -0.66193808247583
MO:  309   2.00  -0.66178003873746 | MO:  310   2.00  -0.66151168293066
MO:  311   2.00  -0.66125376924489 | MO:  312   2.00  -0.66105755896767
MO:  313   2.00  -0.66090468437697 | MO:  314   2.00  -0.66078159070836
MO:  315   2.00  -0.66067905296469 | MO:  316   2.00  -0.66059070525982
MO:  317   2.00  -0.66051207866233 | MO:  318   2.00  -0.66044000580070
MO:  319   2.00  -0.66037223338592 | MO:  320   2.00  -0.66030716210459
MO:  321   2.00  -0.66024365801134 | MO:  322   2.00  -0.66018091692135
MO:  323   2.00  -0.66011836752976 | MO:  324   2.00  -0.66005560336033
MO:  325   2.00  -0.65999233556804 | MO:  326   2.00  -0.65992835947804
MO:  327   2.00  -0.65986353227771 | MO:  328   2.00  -0.65979775713857
MO:  329   2.00  -0.65973097193722 | MO:  330   2.00  -0.65966314232287
MO:  331   2.00  -0.65959425671444 | MO:  332   2.00  -0.65952432391657
MO:  333   2.00  -0.65945337475755 | MO:  334   2.00  -0.65938147008601
MO:  335   2.00  -0.65930872875252 | MO:  336   2.00  -0.65923543360220
MO:  337   2.00  -0.65916260281614 | MO:  338   2.00  -0.65909732078228
MO:  339   2.00  -0.65905738743548 | MO:  340   2.00  -0.65899765046240
MO:  341   2.00  -0.65892315051085 | MO:  342   2.00  -0.65884575991124
MO:  343   2.00  -0.65876707959533 | MO:  344   2.00  -0.65868750706448
MO:  345   2.00  -0.65860721402752 | MO:  346   2.00  -0.65852630160017
MO:  347   2.00  -0.65844484150132 | MO:  348   2.00  -0.65836289839255
MO:  349   2.00  -0.65828053739119 | MO:  350   2.00  -0.65819781116279
MO:  351   2.00  -0.65811476934959 | MO:  352   2.00  -0.65803146754238
MO:  353   2.00  -0.65794794184524 | MO:  354   2.00  -0.65786425164419
MO:  355   2.00  -0.65778042705791 | MO:  356   2.00  -0.65769649700319
MO:  357   2.00  -0.65761254316319 | MO:  358   2.00  -0.65752855171202
MO:  359   2.00  -0.65744453619472 | MO:  360   2.00  -0.65736057761322
MO:  361   2.00  -0.65727671335457 | MO:  362   2.00  -0.65719291939351
MO:  363   2.00  -0.65710917701546 | MO:  364   2.00  -0.65702550855609
MO:  365   2.00  -0.65694195499273 | MO:  366   2.00  -0.65685854244029
MO:  367   2.00  -0.65677526608474 | MO:  368   2.00  -0.65669209627986
MO:  369   2.00  -0.65660899242890 | MO:  370   2.00  -0.65652591557459
MO:  371   2.00  -0.65644283247206 | MO:  372   2.00  -0.65635971437532
MO:  373   2.00  -0.65627653161717 | MO:  374   2.00  -0.65619324850105
MO:  375   2.00  -0.65610982001512 | MO:  376   2.00  -0.65602618969299
MO:  377   2.00  -0.65594228969204 | MO:  378   2.00  -0.65585804199140
MO:  379   2.00  -0.65577336051683 | MO:  380   2.00  -0.65568815376856
MO:  381   2.00  -0.65560232638746 | MO:  382   2.00  -0.65551578110335
MO:  383   2.00  -0.65542841710535 | MO:  384   2.00  -0.65534012454628
MO:  385   2.00  -0.65525077093183 | MO:  386   2.00  -0.65516017170307
MO:  387   2.00  -0.65506803052140 | MO:  388   2.00  -0.65497382387538
MO:  389   2.00  -0.65487657893588 | MO:  390   2.00  -0.65477445571371
MO:  391   2.00  -0.65466399596598 | MO:  392   2.00  -0.65453890563678
MO:  393   2.00  -0.65438832512831 | MO:  394   2.00  -0.65419450898667
MO:  395   2.00  -0.65392914357994 | MO:  396   2.00  -0.65354614036274
MO:  397   2.00  -0.65352377684165 | MO:  398   2.00  -0.65332405481382
MO:  399   2.00  -0.65296502555179 | MO:  400   2.00  -0.65203231052628
MO:  401   2.00  -0.65041664426819 | MO:  402   2.00  -0.64767805784117
MO:  403   2.00  -0.64754993032656 | MO:  404   2.00  -0.64634224356865
MO:  405   2.00  -0.64591174195340 | MO:  406   2.00  -0.64558435655771
MO:  407   2.00  -0.64524674325576 | MO:  408   2.00  -0.64488549583037
MO:  409   2.00  -0.64452628557423 | MO:  410   2.00  -0.64419710122390
MO:  411   2.00  -0.64381094207773 | MO:  412   2.00  -0.64333876566212
MO:  413   2.00  -0.64284342673266 | MO:  414   2.00  -0.64260482227979
MO:  415   2.00  -0.64218236738058 | MO:  416   2.00  -0.64158651768843
MO:  417   2.00  -0.64095329422239 | MO:  418   2.00  -0.64029540636040
MO:  419   2.00  -0.63962010319699 | MO:  420   2.00  -0.63893886053486
MO:  421   2.00  -0.63829268745029 | MO:  422   2.00  -0.63781717969886
MO:  423   2.00  -0.63731958345943 | MO:  424   2.00  -0.63665326409912
MO:  425   2.00  -0.63596184742561 | MO:  426   2.00  -0.63535029176746
MO:  427   2.00  -0.63492418374402 | MO:  428   2.00  -0.63442552917286
MO:  429   2.00  -0.63398175560820 | MO:  430   2.00  -0.63359861832101
MO:  431   2.00  -0.63338506305926 | MO:  432   2.00  -0.63306254460470
MO:  433   2.00  -0.63297148389316 | MO:  434   2.00  -0.63276434617337
MO:  435   2.00  -0.63256517201181 | MO:  436   2.00  -0.63249573273246
MO:  437   2.00  -0.63239282048388 | MO:  438   2.00  -0.63226360197325
MO:  439   2.00  -0.63214383043959 | MO:  440   2.00  -0.63202905556275
MO:  441   2.00  -0.63192104276254 | MO:  442   2.00  -0.63183867486648
MO:  443   2.00  -0.63175641559327 | MO:  444   2.00  -0.63164193531294
MO:  445   2.00  -0.63151435463823 | MO:  446   2.00  -0.63137937774785
MO:  447   2.00  -0.63124035068599 | MO:  448   2.00  -0.63112555101015
MO:  449   2.00  -0.63105143609487 | MO:  450   2.00  -0.63090848383545
MO:  451   2.00  -0.63074240817773 | MO:  452   2.00  -0.63056536095766
MO:  453   2.00  -0.63044688924173 | MO:  454   2.00  -0.63037432340830
MO:  455   2.00  -0.63017658667648 | MO:  456   2.00  -0.62996865955939
MO:  457   2.00  -0.62987848960259 | MO:  458   2.00  -0.62973505028220
MO:  459   2.00  -0.62950561536105 | MO:  460   2.00  -0.62941215056639
MO:  461   2.00  -0.62921367294019 | MO:  462   2.00  -0.62904615842087
MO:  463   2.00  -0.62889710736381 | MO:  464   2.00  -0.62871072559900
MO:  465   2.00  -0.62853729950171 | MO:  466   2.00  -0.62839367574302
MO:  467   2.00  -0.62816174105637 | MO:  468   2.00  -0.62807338511543
MO:  469   2.00  -0.62778640126550 | MO:  470   2.00  -0.62773358116226
MO:  471   2.00  -0.62749417067474 | MO:  472   2.00  -0.62726980105292
MO:  473   2.00  -0.62720096754177 | MO:  474   2.00  -0.62695016918603
MO:  475   2.00  -0.62675381168961 | MO:  476   2.00  -0.62660830865905
MO:  477   2.00  -0.62644643364419 | MO:  478   2.00  -0.62617590495885
MO:  479   2.00  -0.62605656356368 | MO:  480   2.00  -0.62588069622873
MO:  481   2.00  -0.62567314151683 | MO:  482   2.00  -0.62542698167902
MO:  483   2.00  -0.62534279497522 | MO:  484   2.00  -0.62512966917503
MO:  485   2.00  -0.62489961775851 | MO:  486   2.00  -0.62472229987191
MO:  487   2.00  -0.62460220230946 | MO:  488   2.00  -0.62437479528186
MO:  489   2.00  -0.62413774400477 | MO:  490   2.00  -0.62406253848086
MO:  491   2.00  -0.62384894011729 | MO:  492   2.00  -0.62364128634939
MO:  493   2.00  -0.62345277214197 | MO:  494   2.00  -0.62337359558865
MO:  495   2.00  -0.62311963152993 | MO:  496   2.00  -0.62296532347099
MO:  497   2.00  -0.62281187010575 | MO:  498   2.00  -0.62267978697882
MO:  499   2.00  -0.62244086421337 | MO:  500   2.00  -0.62233923647846
MO:  501   2.00  -0.62219334147393 | MO:  502   2.00  -0.62202832444736
MO:  503   2.00  -0.62182177949077 | MO:  504   2.00  -0.62176446498127
MO:  505   2.00  -0.62161294977564 | MO:  506   2.00  -0.62143247337722
MO:  507   2.00  -0.62129432225420 | MO:  508   2.00  -0.62122205537132
MO:  509   2.00  -0.62108798437130 | MO:  510   2.00  -0.62093205112216
MO:  511   2.00  -0.62080587449758 | MO:  512   2.00  -0.62075835229950
MO:  513   2.00  -0.62064417887021 | MO:  514   2.00  -0.62052321163427
MO:  515   2.00  -0.62041050678646 | MO:  516   2.00  -0.62033073358456
MO:  517   2.00  -0.62028906356881 | MO:  518   2.00  -0.62019982866771
MO:  519   2.00  -0.62011244567862 | MO:  520   2.00  -0.62003195672111
MO:  521   2.00  -0.61995907573211 | MO:  522   2.00  -0.61990503887881
MO:  523   2.00  -0.61987566576640 | MO:  524   2.00  -0.61981888920716
MO:  525   2.00  -0.61975995026658 | MO:  526   2.00  -0.61970347305131
MO:  527   2.00  -0.61964923414502 | MO:  528   2.00  -0.61959669932330
MO:  529   2.00  -0.61954593525177 | MO:  530   2.00  -0.61950592667226
MO:  531   2.00  -0.61948144390744 | MO:  532   2.00  -0.61943320327629
MO:  533   2.00  -0.61937775367229 | MO:  534   2.00  -0.61931787018955
MO:  535   2.00  -0.61925247919800 | MO:  536   2.00  -0.61918101402985
MO:  537   2.00  -0.61913216686847 | MO:  538   2.00  -0.61908643466687
MO:  539   2.00  -0.61898935639189 | MO:  540   2.00  -0.61886973351739
MO:  541   2.00  -0.61879227911326 | MO:  542   2.00  -0.61870694670661
MO:  543   2.00  -0.61851788902522 | MO:  544   2.00  -0.61847038311402
MO:  545   2.00  -0.61823841896449 | MO:  546   2.00  -0.61818716569114
MO:  547   2.00  -0.61795114064618 | MO:  548   2.00  -0.61781776749630
MO:  549   2.00  -0.61771382309190 | MO:  550   2.00  -0.61751501359525
MO:  551   2.00  -0.61733569054213 | MO:  552   2.00  -0.61720055690425
MO:  553   2.00  -0.61714990863472 | MO:  554   2.00  -0.61701917895738
MO:  555   2.00  -0.61689062993307 | MO:  556   2.00  -0.61677430803852
MO:  557   2.00  -0.61666919259818 | MO:  558   2.00  -0.61657374354302
MO:  559   2.00  -0.61648641357517 | MO:  560   2.00  -0.61640573656282
MO:  561   2.00  -0.61633038123202 | MO:  562   2.00  -0.61625930543667
MO:  563   2.00  -0.61619266256451 | MO:  564   2.00  -0.61613945141048
MO:  565   2.00  -0.61610288731587 | MO:  566   2.00  -0.61604451711002
MO:  567   2.00  -0.61597769998319 | MO:  568   2.00  -0.61590795009477
MO:  569   2.00  -0.61583554649396 | MO:  570   2.00  -0.61576023646860
MO:  571   2.00  -0.61568178370686 | MO:  572   2.00  -0.61560007865716
MO:  573   2.00  -0.61551515131309 | MO:  574   2.00  -0.61542714100302
MO:  575   2.00  -0.61533627023589 | MO:  576   2.00  -0.61524285387785
MO:  577   2.00  -0.61514731878440 | MO:  578   2.00  -0.61505019493705
MO:  579   2.00  -0.61495207959667 | MO:  580   2.00  -0.61485360111173
MO:  581   2.00  -0.61475539317715 | MO:  582   2.00  -0.61465807639207
MO:  583   2.00  -0.61456226518947 | MO:  584   2.00  -0.61446869259736
MO:  585   2.00  -0.61437874903840 | MO:  586   2.00  -0.61429593320585
MO:  587   2.00  -0.61422285434108 | MO:  588   2.00  -0.61414663435471
MO:  589   2.00  -0.61405762395775 | MO:  590   2.00  -0.61395704332206
MO:  591   2.00  -0.61384204747784 | MO:  592   2.00  -0.61370359646341
MO:  593   2.00  -0.61352469779233 | MO:  594   2.00  -0.61327489201676
MO:  595   2.00  -0.61289815540668 | MO:  596   2.00  -0.61229631788986
MO:  597   2.00  -0.61202561280113 | MO:  598   2.00  -0.61140183823644
MO:  599   2.00  -0.61058792339977 | MO:  600   2.00  -0.60920883004656
MO:  601   2.00  -0.60795622460963 | MO:  602   2.00  -0.60515767659852
MO:  603   2.00  -0.60443689169962 | MO:  604   2.00  -0.60341959739360
MO:  605   2.00  -0.60323745015434 | MO:  606   2.00  -0.60251180641310
MO:  607   2.00  -0.60216468575395 | MO:  608   2.00  -0.60190838855901
MO:  609   2.00  -0.60174669436003 | MO:  610   2.00  -0.60159762831716
MO:  611   2.00  -0.60147986485562 | MO:  612   2.00  -0.60135317524663
MO:  613   2.00  -0.60124075887756 | MO:  614   2.00  -0.60111286204690
MO:  615   2.00  -0.60099457384168 | MO:  616   2.00  -0.60085858052721
MO:  617   2.00  -0.60073092552801 | MO:  618   2.00  -0.60058482215603
MO:  619   2.00  -0.60044677491273 | MO:  620   2.00  -0.60029027609236
MO:  621   2.00  -0.60014174378833 | MO:  622   2.00  -0.59997533137304
MO:  623   2.00  -0.59981668713516 | MO:  624   2.00  -0.59964107001585
MO:  625   2.00  -0.59947319035294 | MO:  626   2.00  -0.59928899736623
MO:  627   2.00  -0.59911293121015 | MO:  628   2.00  -0.59892136040657
MO:  629   2.00  -0.59873732289978 | MO:  630   2.00  -0.59854050301816
MO:  631   2.00  -0.59834881366461 | MO:  632   2.00  -0.59814735451341
MO:  633   2.00  -0.59795104262916 | MO:  634   2.00  -0.59774368019934
MO:  635   2.00  -0.59754491011867 | MO:  636   2.00  -0.59733483180231
MO:  637   2.00  -0.59713027845408 | MO:  638   2.00  -0.59692273285508
MO:  639   2.00  -0.59671422308719 | MO:  640   2.00  -0.59650437541177
MO:  641   2.00  -0.59630136495003 | MO:  642   2.00  -0.59608833002743
MO:  643   2.00  -0.59588493885486 | MO:  644   2.00  -0.59568294163155
MO:  645   2.00  -0.59547566298365 | MO:  646   2.00  -0.59527651309738
MO:  647   2.00  -0.59508541814950 | MO:  648   2.00  -0.59488554306282
MO:  649   2.00  -0.59469653036325 | MO:  650   2.00  -0.59451986029335
MO:  651   2.00  -0.59433649133604 | MO:  652   2.00  -0.59416367580868
MO:  653   2.00  -0.59401605217180 | MO:  654   2.00  -0.59385778073038
MO:  655   2.00  -0.59381648337127 | MO:  656   2.00  -0.59365202081946
MO:  657   2.00  -0.59344408257678 | MO:  658   2.00  -0.59328146293284
MO:  659   2.00  -0.59302172429308 | MO:  660   2.00  -0.59272829796738
MO:  661   2.00  -0.59237354635815 | MO:  662   2.00  -0.59218623116264
MO:  663   2.00  -0.59164874155835 | MO:  664   2.00  -0.59115177195793
MO:  665   2.00  -0.59068328671528 | MO:  666   2.00  -0.59017585245500
MO:  667   2.00  -0.58962731447652 | MO:  668   2.00  -0.58922731096140
MO:  669   2.00  -0.58906199074489 | MO:  670   2.00  -0.58849516593775
MO:  671   2.00  -0.58793143232205 | MO:  672   2.00  -0.58788612453798
MO:  673   2.00  -0.58737381807977 | MO:  674   2.00  -0.58682381958043
MO:  675   2.00  -0.58628224073239 | MO:  676   2.00  -0.58574969563306
MO:  677   2.00  -0.58522679755672 | MO:  678   2.00  -0.58471425095278
MO:  679   2.00  -0.58421290654679 | MO:  680   2.00  -0.58398083860770
MO:  681   2.00  -0.58372342882454 | MO:  682   2.00  -0.58324757955604
MO:  683   2.00  -0.58279182103327 | MO:  684   2.00  -0.58264024718041
MO:  685   2.00  -0.58233058646678 | MO:  686   2.00  -0.58209629564958
MO:  687   2.00  -0.58189156874372 | MO:  688   2.00  -0.58164678961790
MO:  689   2.00  -0.58147483060379 | MO:  690   2.00  -0.58136191861754
MO:  691   2.00  -0.58113754012413 | MO:  692   2.00  -0.58107204151904
MO:  693   2.00  -0.58092043316386 | MO:  694   2.00  -0.58069991660292
MO:  695   2.00  -0.58068462991765 | MO:  696   2.00  -0.58046302582759
MO:  697   2.00  -0.58031865776736 | MO:  698   2.00  -0.58021597536710
MO:  699   2.00  -0.57996816436681 | MO:  700   2.00  -0.57995738177872
MO:  701   2.00  -0.57968857422162 | MO:  702   2.00  -0.57963570608213
MO:  703   2.00  -0.57941109420336 | MO:  704   2.00  -0.57932170786708
MO:  705   2.00  -0.57912659628973 | MO:  706   2.00  -0.57902636922949
MO:  707   2.00  -0.57883672661053 | MO:  708   2.00  -0.57874970042592
MO:  709   2.00  -0.57854328473010 | MO:  710   2.00  -0.57849124329306
MO:  711   2.00  -0.57825794854261 | MO:  712   2.00  -0.57824015153345
MO:  713   2.00  -0.57803039610337 | MO:  714   2.00  -0.57794677242716
MO:  715   2.00  -0.57782059783542 | MO:  716   2.00  -0.57765108243634
MO:  717   2.00  -0.57761615501824 | MO:  718   2.00  -0.57740950238032
MO:  719   2.00  -0.57734786307812 | MO:  720   2.00  -0.57714055898175
MO:  721   2.00  -0.57705003703201 | MO:  722   2.00  -0.57676194719668
MO:  723   2.00  -0.57667338850267 | MO:  724   2.00  -0.57646110981030
MO:  725   2.00  -0.57617390195532 | MO:  726   2.00  -0.57589204712366
MO:  727   2.00  -0.57565185896631 | MO:  728   2.00  -0.57557094866774
MO:  729   2.00  -0.57541321679062 | MO:  730   2.00  -0.57528154378418
MO:  731   2.00  -0.57502327322462 | MO:  732   2.00  -0.57475309639538
MO:  733   2.00  -0.57448383338837 | MO:  734   2.00  -0.57421711782291
MO:  735   2.00  -0.57395339445121 | MO:  736   2.00  -0.57369289668531
MO:  737   2.00  -0.57343600634955 | MO:  738   2.00  -0.57318395584775
MO:  739   2.00  -0.57294257184570 | MO:  740   2.00  -0.57274901318314
MO:  741   2.00  -0.57260747741439 | MO:  742   2.00  -0.57239334370281
MO:  743   2.00  -0.57215396052961 | MO:  744   2.00  -0.57191108027428
MO:  745   2.00  -0.57166855330506 | MO:  746   2.00  -0.57152243312565
MO:  747   2.00  -0.57142298430574 | MO:  748   2.00  -0.57118233577688
MO:  749   2.00  -0.57094149190290 | MO:  750   2.00  -0.57070132629723
MO:  751   2.00  -0.57046189402684 | MO:  752   2.00  -0.57022320915620
MO:  753   2.00  -0.56998531615360 | MO:  754   2.00  -0.56988269470507
MO:  755   2.00  -0.56974807026756 | MO:  756   2.00  -0.56951178177589
MO:  757   2.00  -0.56927634706765 | MO:  758   2.00  -0.56911761578497
MO:  759   2.00  -0.56904189234503 | MO:  760   2.00  -0.56880862130387
MO:  761   2.00  -0.56870649480340 | MO:  762   2.00  -0.56857668933039
MO:  763   2.00  -0.56845232544102 | MO:  764   2.00  -0.56834625525574
MO:  765   2.00  -0.56827233988042 | MO:  766   2.00  -0.56812757567040
MO:  767   2.00  -0.56811742319581 | MO:  768   2.00  -0.56799803537340
MO:  769   2.00  -0.56789066728110 | MO:  770   2.00  -0.56787357424836
MO:  771   2.00  -0.56774879747410 | MO:  772   2.00  -0.56766595445500
MO:  773   2.00  -0.56762051673473 | MO:  774   2.00  -0.56748711569678
MO:  775   2.00  -0.56744374023353 | MO:  776   2.00  -0.56734741298655
MO:  777   2.00  -0.56722444356363 | MO:  778   2.00  -0.56720079359799
MO:  779   2.00  -0.56704698078373 | MO:  780   2.00  -0.56700821325730
MO:  781   2.00  -0.56688554118275 | MO:  782   2.00  -0.56679562629311
MO:  783   2.00  -0.56671647593869 | MO:  784   2.00  -0.56658695421637
MO:  785   2.00  -0.56653978283099 | MO:  786   2.00  -0.56638258286751
MO:  787   2.00  -0.56635557244583 | MO:  788   2.00  -0.56618287962125
MO:  789   2.00  -0.56616407454381 | MO:  790   2.00  -0.56598820293284
MO:  791   2.00  -0.56596565851362 | MO:  792   2.00  -0.56579892759466
MO:  793   2.00  -0.56576086917957 | MO:  794   2.00  -0.56561540226261
MO:  795   2.00  -0.56555061742165 | MO:  796   2.00  -0.56543794779861
MO:  797   2.00  -0.56533655323171 | MO:  798   2.00  -0.56526686432318
MO:  799   2.00  -0.56512197657774 | MO:  800   2.00  -0.56510243005840
MO:  801   2.00  -0.56494490527753 | MO:  802   2.00  -0.56491337537304
MO:  803   2.00  -0.56479454293477 | MO:  804   2.00  -0.56471671861716
MO:  805   2.00  -0.56465162539526 | MO:  806   2.00  -0.56451954664156
MO:  807   2.00  -0.56451650452583 | MO:  808   2.00  -0.56438999566185
MO:  809   2.00  -0.56430313052709 | MO:  810   2.00  -0.56427329328280
MO:  811   2.00  -0.56416853710255 | MO:  812   2.00  -0.56407532042105
MO:  813   2.00  -0.56406799590829 | MO:  814   2.00  -0.56398298315401
MO:  815   2.00  -0.56388970678715 | MO:  816   2.00  -0.56382348862577
MO:  817   2.00  -0.56379619636171 | MO:  818   2.00  -0.56370512022491
MO:  819   2.00  -0.56361656225830 | MO:  820   2.00  -0.56357084406170
MO:  821   2.00  -0.56352995360297 | MO:  822   2.00  -0.56344466025085
MO:  823   2.00  -0.56335868527414 | MO:  824   2.00  -0.56331319452210
MO:  825   2.00  -0.56326911931654 | MO:  826   2.00  -0.56317245074209
MO:  827   2.00  -0.56306279098166 | MO:  828   2.00  -0.56305107117067
MO:  829   2.00  -0.56292885072145 | MO:  830   2.00  -0.56278757569552
MO:  831   2.00  -0.56275631032938 | MO:  832   2.00  -0.56252483755757
MO:  833   2.00  -0.56251423743892 | MO:  834   2.00  -0.56225230921999
MO:  835   2.00  -0.56216382480317 | MO:  836   2.00  -0.56198190322318
MO:  837   2.00  -0.56171271201916 | MO:  838   2.00  -0.56159069127464
MO:  839   2.00  -0.56144003742899 | MO:  840   2.00  -0.56117059186247
MO:  841   2.00  -0.56090163597116 | MO:  842   2.00  -0.56063934137831
MO:  843   2.00  -0.56057143942358 | MO:  844   2.00  -0.56036149729135
MO:  845   2.00  -0.56009673080831 | MO:  846   2.00  -0.55983291276029
MO:  847   2.00  -0.55957103231620 | MO:  848   2.00  -0.55931161084481
MO:  849   2.00  -0.55905565890834 | MO:  850   2.00  -0.55881086164886
MO:  851   2.00  -0.55869676319691 | MO:  852   2.00  -0.55853279881510
MO:  853   2.00  -0.55828821429416 | MO:  854   2.00  -0.55804231130835
MO:  855   2.00  -0.55779884761856 | MO:  856   2.00  -0.55756111708073
MO:  857   2.00  -0.55742700676728 | MO:  858   2.00  -0.55730717510140
MO:  859   2.00  -0.55707534648398 | MO:  860   2.00  -0.55684207082878
MO:  861   2.00  -0.55661078778746 | MO:  862   2.00  -0.55638190452580
MO:  863   2.00  -0.55615557548363 | MO:  864   2.00  -0.55593201328638
MO:  865   2.00  -0.55571189418054 | MO:  866   2.00  -0.55549920310391
MO:  867   2.00  -0.55534816913453 | MO:  868   2.00  -0.55524542328962
MO:  869   2.00  -0.55504597082165 | MO:  870   2.00  -0.55483609891383
MO:  871   2.00  -0.55462674311852 | MO:  872   2.00  -0.55441923902202
MO:  873   2.00  -0.55421402188730 | MO:  874   2.00  -0.55401135654184
MO:  875   2.00  -0.55381147951888 | MO:  876   2.00  -0.55361464073528
MO:  877   2.00  -0.55342112113422 | MO:  878   2.00  -0.55323124322796
MO:  879   2.00  -0.55304538474967 | MO:  880   2.00  -0.55286400288101
MO:  881   2.00  -0.55268768920801 | MO:  882   2.00  -0.55251730495703
MO:  883   2.00  -0.55235432931704 | MO:  884   2.00  -0.55220168239334
MO:  885   2.00  -0.55206409318643 | MO:  886   2.00  -0.55193997512902
MO:  887   2.00  -0.55181420149953 | MO:  888   2.00  -0.55168178078008
MO:  889   2.00  -0.55154791078710 | MO:  890   2.00  -0.55141589659391
MO:  891   2.00  -0.55128645881367 | MO:  892   2.00  -0.55115852598791
MO:  893   2.00  -0.55104314877066 | MO:  894   2.00  -0.55102896879118
MO:  895   2.00  -0.55089113762444 | MO:  896   2.00  -0.55073157889873
MO:  897   2.00  -0.55052348224043 | MO:  898   2.00  -0.55021255683922
MO:  899   2.00  -0.54968060468072 | MO:  900   2.00  -0.54864530736944
MO:  901   2.00  -0.54660515486963 | MO:  902   2.00  -0.54575684583919
MO:  903   2.00  -0.54534481600223 | MO:  904   2.00  -0.54308726832884
MO:  905   2.00  -0.54185382541298 | MO:  906   2.00  -0.54123405963651
MO:  907   2.00  -0.54088126641121 | MO:  908   2.00  -0.54078199780300
MO:  909   2.00  -0.54065309270471 | MO:  910   2.00  -0.54048545692295
MO:  911   2.00  -0.54034669560266 | MO:  912   2.00  -0.54022040257586
MO:  913   2.00  -0.54009797509446 | MO:  914   2.00  -0.53997484082999
MO:  915   2.00  -0.53984850278442 | MO:  916   2.00  -0.53971755666676
MO:  917   2.00  -0.53958120153642 | MO:  918   2.00  -0.53943899134923
MO:  919   2.00  -0.53929070117104 | MO:  920   2.00  -0.53913625300144
MO:  921   2.00  -0.53897567081116 | MO:  922   2.00  -0.53880905230209
MO:  923   2.00  -0.53863655126488 | MO:  924   2.00  -0.53845836269609
MO:  925   2.00  -0.53827471502140 | MO:  926   2.00  -0.53808586182330
MO:  927   2.00  -0.53789207625849 | MO:  928   2.00  -0.53769364644195
MO:  929   2.00  -0.53749087191932 | MO:  930   2.00  -0.53728405966422
MO:  931   2.00  -0.53707352311777 | MO:  932   2.00  -0.53685957854721
MO:  933   2.00  -0.53664254443745 | MO:  934   2.00  -0.53642273899855
MO:  935   2.00  -0.53620048039456 | MO:  936   2.00  -0.53597608448333
MO:  937   2.00  -0.53574986458862 | MO:  938   2.00  -0.53552213152384
MO:  939   2.00  -0.53529319258113 | MO:  940   2.00  -0.53506335386343
MO:  941   2.00  -0.53483292291849 | MO:  942   2.00  -0.53460221796412
MO:  943   2.00  -0.53437159101120 | MO:  944   2.00  -0.53414150570595
MO:  945   2.00  -0.53391292268031 | MO:  946   2.00  -0.53370873165619
MO:  947   2.00  -0.53368127853230 | MO:  948   2.00  -0.53352744652301
MO:  949   2.00  -0.53343039721535 | MO:  950   2.00  -0.53321649095027
MO:  951   2.00  -0.53299295557254 | MO:  952   2.00  -0.53276971622719
MO:  953   2.00  -0.53254799698834 | MO:  954   2.00  -0.53232827853343
MO:  955   2.00  -0.53211090532851 | MO:  956   2.00  -0.53189610785551
MO:  957   2.00  -0.53168408315774 | MO:  958   2.00  -0.53147510953153
MO:  959   2.00  -0.53126941998934 | MO:  960   2.00  -0.53106718505406
MO:  961   2.00  -0.53086855289647 | MO:  962   2.00  -0.53067367298145
MO:  963   2.00  -0.53048269879004 | MO:  964   2.00  -0.53029578368980
MO:  965   2.00  -0.53011307409926 | MO:  966   2.00  -0.52993470468901
MO:  967   2.00  -0.52976079589961 | MO:  968   2.00  -0.52959145285378
MO:  969   2.00  -0.52942676390992 | MO:  970   2.00  -0.52926680201949
MO:  971   2.00  -0.52911162408319 | MO:  972   2.00  -0.52896127767612
MO:  973   2.00  -0.52883576660258 | MO:  974   2.00  -0.52881555644881
MO:  975   2.00  -0.52867504070013 | MO:  976   2.00  -0.52853921938445
MO:  977   2.00  -0.52840820068926 | MO:  978   2.00  -0.52828536851927
MO:  979   2.00  -0.52828194183932 | MO:  980   2.00  -0.52816037706268
MO:  981   2.00  -0.52804341946508 | MO:  982   2.00  -0.52793095910551
MO:  983   2.00  -0.52782285951695 | MO:  984   2.00  -0.52771895428957
MO:  985   2.00  -0.52761903883678 | MO:  986   2.00  -0.52752286069216
MO:  987   2.00  -0.52743010335524 | MO:  988   2.00  -0.52734036086605
MO:  989   2.00  -0.52725309929711 | MO:  990   2.00  -0.52716759304112
MO:  991   2.00  -0.52708282215828 | MO:  992   2.00  -0.52699730709900
MO:  993   2.00  -0.52690883541368 | MO:  994   2.00  -0.52681402224610
MO:  995   2.00  -0.52670761402868 | MO:  996   2.00  -0.52658133945576
MO:  997   2.00  -0.52642187184582 | MO:  998   2.00  -0.52620681461457
MO:  999   2.00  -0.52589609555603 | MO: 1000   2.00  -0.52541229674988
MO: 1001   2.00  -0.52459319886198 | MO: 1002   2.00  -0.52307491640489
MO: 1003   2.00  -0.52284133597062 | MO: 1004   2.00  -0.52002422659005
MO: 1005   2.00  -0.52002135915448 | MO: 1006   2.00  -0.51844235925994
MO: 1007   2.00  -0.51747758186560 | MO: 1008   2.00  -0.51684622684590
MO: 1009   2.00  -0.51640917488084 | MO: 1010   2.00  -0.51609241891606
MO: 1011   2.00  -0.51585385932747 | MO: 1012   2.00  -0.51566827601552
MO: 1013   2.00  -0.51551986647572 | MO: 1014   2.00  -0.51539831717682
MO: 1015   2.00  -0.51529664910494 | MO: 1016   2.00  -0.51520998460484
MO: 1017   2.00  -0.51513481524314 | MO: 1018   2.00  -0.51506855457098
MO: 1019   2.00  -0.51500924865309 | MO: 1020   2.00  -0.51495539208127
MO: 1021   2.00  -0.51490580032604 | MO: 1022   2.00  -0.51485952413320
MO: 1023   2.00  -0.51481579002844 | MO: 1024   2.00  -0.51477395413285
MO: 1025   2.00  -0.51473347106940 | MO: 1026   2.00  -0.51469387047237
MO: 1027   2.00  -0.51465473903943 | MO: 1028   2.00  -0.51461570786454
MO: 1029   2.00  -0.51457644204382 | MO: 1030   2.00  -0.51453663313698
MO: 1031   2.00  -0.51449599571719 | MO: 1032   2.00  -0.51445426395072
MO: 1033   2.00  -0.51441118835836 | MO: 1034   2.00  -0.51436653802550
MO: 1035   2.00  -0.51432009805831 | MO: 1036   2.00  -0.51427167087024
MO: 1037   2.00  -0.51422107728061 | MO: 1038   2.00  -0.51416815610811
MO: 1039   2.00  -0.51411276619207 | MO: 1040   2.00  -0.51407048502111
MO: 1041   2.00  -0.51405478634659 | MO: 1042   2.00  -0.51399411682517
MO: 1043   2.00  -0.51393067897331 | MO: 1044   2.00  -0.51386441423051
MO: 1045   2.00  -0.51379528373745 | MO: 1046   2.00  -0.51372326919775
MO: 1047   2.00  -0.51364837558466 | MO: 1048   2.00  -0.51357062692084
MO: 1049   2.00  -0.51349005896161 | MO: 1050   2.00  -0.51340674789450
MO: 1051   2.00  -0.51332075335034 | MO: 1052   2.00  -0.51323218440715
MO: 1053   2.00  -0.51314113295830 | MO: 1054   2.00  -0.51304777150358
MO: 1055   2.00  -0.51295211755120 | MO: 1056   2.00  -0.51285449693045
MO: 1057   2.00  -0.51275495581966 | MO: 1058   2.00  -0.51265355835726
MO: 1059   2.00  -0.51255067676733 | MO: 1060   2.00  -0.51244652556222
MO: 1061   2.00  -0.51234110299524 | MO: 1062   2.00  -0.51223453403230
MO: 1063   2.00  -0.51212714384977 | MO: 1064   2.00  -0.51201925885617
MO: 1065   2.00  -0.51191106891577 | MO: 1066   2.00  -0.51180266211196
MO: 1067   2.00  -0.51169413540270 | MO: 1068   2.00  -0.51158566110591
MO: 1069   2.00  -0.51147747881491 | MO: 1070   2.00  -0.51136984960363
MO: 1071   2.00  -0.51126301572417 | MO: 1072   2.00  -0.51115718020391
MO: 1073   2.00  -0.51105250550158 | MO: 1074   2.00  -0.51094912430407
MO: 1075   2.00  -0.51084715193375 | MO: 1076   2.00  -0.51074669665355
MO: 1077   2.00  -0.51064786320772 | MO: 1078   2.00  -0.51055075071914
MO: 1079   2.00  -0.51045544563979 | MO: 1080   2.00  -0.51036201138033
MO: 1081   2.00  -0.51027047549751 | MO: 1082   2.00  -0.51018081450131
MO: 1083   2.00  -0.51009293246216 | MO: 1084   2.00  -0.51000663154119
MO: 1085   2.00  -0.50992156665742 | MO: 1086   2.00  -0.50983717387917
MO: 1087   2.00  -0.50975255435406 | MO: 1088   2.00  -0.50966628834642
MO: 1089   2.00  -0.50957613303083 | MO: 1090   2.00  -0.50947855631240
MO: 1091   2.00  -0.50936803824607 | MO: 1092   2.00  -0.50923602031320
MO: 1093   2.00  -0.50906921141583 | MO: 1094   2.00  -0.50884655151507
MO: 1095   2.00  -0.50853329162897 | MO: 1096   2.00  -0.50806857636058
MO: 1097   2.00  -0.50733803364642 | MO: 1098   2.00  -0.50612707404185
MO: 1099   2.00  -0.50511586280531 | MO: 1100   2.00  -0.50395616044567
MO: 1101   2.00  -0.50206806646957 | MO: 1102   2.00  -0.50017900007508
MO: 1103   2.00  -0.49975580603978 | MO: 1104   2.00  -0.49480520546404
MO: 1105   2.00  -0.49228848833055 | MO: 1106   2.00  -0.49066359537859
MO: 1107   2.00  -0.48840213773304 | MO: 1108   2.00  -0.48764374791803
MO: 1109   2.00  -0.48720079691560 | MO: 1110   2.00  -0.48652511243151
MO: 1111   2.00  -0.48611606191160 | MO: 1112   2.00  -0.48584846914848
MO: 1113   2.00  -0.48565894655784 | MO: 1114   2.00  -0.48551326721084
MO: 1115   2.00  -0.48539190912055 | MO: 1116   2.00  -0.48528342129557
MO: 1117   2.00  -0.48518106355393 | MO: 1118   2.00  -0.48508088401380
MO: 1119   2.00  -0.48498055585752 | MO: 1120   2.00  -0.48487869612815
MO: 1121   2.00  -0.48477447795014 | MO: 1122   2.00  -0.48466741141940
MO: 1123   2.00  -0.48455721964096 | MO: 1124   2.00  -0.48444376508404
MO: 1125   2.00  -0.48432700518744 | MO: 1126   2.00  -0.48420696479413
MO: 1127   2.00  -0.48408371758251 | MO: 1128   2.00  -0.48395737399814
MO: 1129   2.00  -0.48382807345330 | MO: 1130   2.00  -0.48369597750361
MO: 1131   2.00  -0.48356126648778 | MO: 1132   2.00  -0.48342413608993
MO: 1133   2.00  -0.48328479560266 | MO: 1134   2.00  -0.48314346595080
MO: 1135   2.00  -0.48300037849605 | MO: 1136   2.00  -0.48285577332647
MO: 1137   2.00  -0.48270989708283 | MO: 1138   2.00  -0.48256300105009
MO: 1139   2.00  -0.48241533706729 | MO: 1140   2.00  -0.48226715483519
MO: 1141   2.00  -0.48211869969166 | MO: 1142   2.00  -0.48197021299399
MO: 1143   2.00  -0.48182193619261 | MO: 1144   2.00  -0.48167411791036
MO: 1145   2.00  -0.48152701785130 | MO: 1146   2.00  -0.48138090348071
MO: 1147   2.00  -0.48123603367764 | MO: 1148   2.00  -0.48109264082340
MO: 1149   2.00  -0.48095093296428 | MO: 1150   2.00  -0.48081112464534
MO: 1151   2.00  -0.48067345368005 | MO: 1152   2.00  -0.48053813768261
MO: 1153   2.00  -0.48040535100913 | MO: 1154   2.00  -0.48027528043936
MO: 1155   2.00  -0.48014809615271 | MO: 1156   2.00  -0.48002395834987
MO: 1157   2.00  -0.47990299518364 | MO: 1158   2.00  -0.47978530865886
MO: 1159   2.00  -0.47967105778446 | MO: 1160   2.00  -0.47956031361045
MO: 1161   2.00  -0.47945309348937 | MO: 1162   2.00  -0.47934943775985
MO: 1163   2.00  -0.47924939974624 | MO: 1164   2.00  -0.47915301250868
MO: 1165   2.00  -0.47906027345057 | MO: 1166   2.00  -0.47897114783327
MO: 1167   2.00  -0.47888557642353 | MO: 1168   2.00  -0.47880348254120
MO: 1169   2.00  -0.47872477509445 | MO: 1170   2.00  -0.47866706329655
MO: 1171   2.00  -0.47864934958181 | MO: 1172   2.00  -0.47857708838696
MO: 1173   2.00  -0.47850785959224 | MO: 1174   2.00  -0.47844151649942
MO: 1175   2.00  -0.47837789642671 | MO: 1176   2.00  -0.47831681973546
MO: 1177   2.00  -0.47825808809852 | MO: 1178   2.00  -0.47820148349553
MO: 1179   2.00  -0.47814676352121 | MO: 1180   2.00  -0.47809365868301
MO: 1181   2.00  -0.47804186516406 | MO: 1182   2.00  -0.47799103690386
MO: 1183   2.00  -0.47794077454403 | MO: 1184   2.00  -0.47789060999308
MO: 1185   2.00  -0.47783998611153 | MO: 1186   2.00  -0.47778822911902
MO: 1187   2.00  -0.47773451142493 | MO: 1188   2.00  -0.47767780222374
MO: 1189   2.00  -0.47761679711258 | MO: 1190   2.00  -0.47754981597189
MO: 1191   2.00  -0.47747465465105 | MO: 1192   2.00  -0.47738835839815
MO: 1193   2.00  -0.47728686799807 | MO: 1194   2.00  -0.47716445978244
MO: 1195   2.00  -0.47701287989631 | MO: 1196   2.00  -0.47682060034607
MO: 1197   2.00  -0.47662835493484 | MO: 1198   2.00  -0.47654293915001
MO: 1199   2.00  -0.47619948689337 | MO: 1200   2.00  -0.47568679171905
MO: 1201   2.00  -0.47489873471110 | MO: 1202   2.00  -0.47361027101242
MO: 1203   2.00  -0.47257745386164 | MO: 1204   2.00  -0.47139895690441
MO: 1205   2.00  -0.46948184644492 | MO: 1206   2.00  -0.46783538479527
MO: 1207   2.00  -0.46736934897181 | MO: 1208   2.00  -0.46685236604489
MO: 1209   2.00  -0.46622286964271 | MO: 1210   2.00  -0.46579257709629
MO: 1211   2.00  -0.46548351012174 | MO: 1212   2.00  -0.46525206382839
MO: 1213   2.00  -0.46507280152467 | MO: 1214   2.00  -0.46492979270497
MO: 1215   2.00  -0.46481268545437 | MO: 1216   2.00  -0.46471441776119
MO: 1217   2.00  -0.46463004161148 | MO: 1218   2.00  -0.46455597103301
MO: 1219   2.00  -0.46448956867903 | MO: 1220   2.00  -0.46442885420410
MO: 1221   2.00  -0.46437233793845 | MO: 1222   2.00  -0.46431888792394
MO: 1223   2.00  -0.46426764917377 | MO: 1224   2.00  -0.46421797301198
MO: 1225   2.00  -0.46416937278496 | MO: 1226   2.00  -0.46412148002260
MO: 1227   2.00  -0.46407401948040 | MO: 1228   2.00  -0.46402678608139
MO: 1229   2.00  -0.46397962965309 | MO: 1230   2.00  -0.46393244056910
MO: 1231   2.00  -0.46388514152039 | MO: 1232   2.00  -0.46383767839656
MO: 1233   2.00  -0.46379001660702 | MO: 1234   2.00  -0.46374213770394
MO: 1235   2.00  -0.46369403241828 | MO: 1236   2.00  -0.46364570030136
MO: 1237   2.00  -0.46359714769899 | MO: 1238   2.00  -0.46354838208138
MO: 1239   2.00  -0.46349940821497 | MO: 1240   2.00  -0.46345023065005
MO: 1241   2.00  -0.46340085376909 | MO: 1242   2.00  -0.46335126393898
MO: 1243   2.00  -0.46330142647590 | MO: 1244   2.00  -0.46325129627616
MO: 1245   2.00  -0.46320080662032 | MO: 1246   2.00  -0.46314983079243
MO: 1247   2.00  -0.46309818605838 | MO: 1248   2.00  -0.46304564570719
MO: 1249   2.00  -0.46299189693004 | MO: 1250   2.00  -0.46293648583836
MO: 1251   2.00  -0.46287884668624 | MO: 1252   2.00  -0.46281833320312
MO: 1253   2.00  -0.46275413405925 | MO: 1254   2.00  -0.46268528839479
MO: 1255   2.00  -0.46261089884349 | MO: 1256   2.00  -0.46252998677104
MO: 1257   2.00  -0.46252018184529 | MO: 1258   2.00  -0.46244153133010
MO: 1259   2.00  -0.46234487449552 | MO: 1260   2.00  -0.46223906386396
MO: 1261   2.00  -0.46212380522306 | MO: 1262   2.00  -0.46199832949961
MO: 1263   2.00  -0.46186274961969 | MO: 1264   2.00  -0.46171649794743
MO: 1265   2.00  -0.46155974084610 | MO: 1266   2.00  -0.46139270867547
MO: 1267   2.00  -0.46121504578700 | MO: 1268   2.00  -0.46102717948269
MO: 1269   2.00  -0.46082973194647 | MO: 1270   2.00  -0.46062277005597
MO: 1271   2.00  -0.46040642165322 | MO: 1272   2.00  -0.46018140866163
MO: 1273   2.00  -0.45994889262411 | MO: 1274   2.00  -0.45971045379272
MO: 1275   2.00  -0.45946921221116 | MO: 1276   2.00  -0.45923401442926
MO: 1277   2.00  -0.45902420243186 | MO: 1278   2.00  -0.45882505955431
MO: 1279   2.00  -0.45858921902294 | MO: 1280   2.00  -0.45832550288479
MO: 1281   2.00  -0.45804842302946 | MO: 1282   2.00  -0.45776361466908
MO: 1283   2.00  -0.45747360660038 | MO: 1284   2.00  -0.45718000639870
MO: 1285   2.00  -0.45688447772175 | MO: 1286   2.00  -0.45668670825313
MO: 1287   2.00  -0.45658375405569 | MO: 1288   2.00  -0.45628803457297
MO: 1289   2.00  -0.45599238725420 | MO: 1290   2.00  -0.45569959512695
MO: 1291   2.00  -0.45541142674204 | MO: 1292   2.00  -0.45512968504713
MO: 1293   2.00  -0.45485621345984 | MO: 1294   2.00  -0.45459280040179
MO: 1295   2.00  -0.45434096858980 | MO: 1296   2.00  -0.45410152542834
MO: 1297   2.00  -0.45387347705656 | MO: 1298   2.00  -0.45365097660574
MO: 1299   2.00  -0.45341342295106 | MO: 1300   2.00  -0.45309407418081
MO: 1301   2.00  -0.45249495876382 | MO: 1302   2.00  -0.45106861517827
MO: 1303   2.00  -0.44758612421994 | MO: 1304   2.00  -0.44717057591400
MO: 1305   2.00  -0.44303169875867 | MO: 1306   2.00  -0.44155107325536
MO: 1307   2.00  -0.44097265015352 | MO: 1308   2.00  -0.44066241868361
MO: 1309   2.00  -0.44042262643031 | MO: 1310   2.00  -0.44019200660066
MO: 1311   2.00  -0.43995263592441 | MO: 1312   2.00  -0.43969975698184
MO: 1313   2.00  -0.43943776416516 | MO: 1314   2.00  -0.43941130008105
MO: 1315   2.00  -0.43915105508798 | MO: 1316   2.00  -0.43885916852303
MO: 1317   2.00  -0.43855736966449 | MO: 1318   2.00  -0.43824764277537
MO: 1319   2.00  -0.43793179933712 | MO: 1320   2.00  -0.43761151400898
MO: 1321   2.00  -0.43728831890167 | MO: 1322   2.00  -0.43696360368411
MO: 1323   2.00  -0.43663862129173 | MO: 1324   2.00  -0.43631449823444
MO: 1325   2.00  -0.43599224537265 | MO: 1326   2.00  -0.43567276861764
MO: 1327   2.00  -0.43535687952633 | MO: 1328   2.00  -0.43504530410774
MO: 1329   2.00  -0.43473868975152 | MO: 1330   2.00  -0.43443761192438
MO: 1331   2.00  -0.43414257892547 | MO: 1332   2.00  -0.43385403768456
MO: 1333   2.00  -0.43357237857049 | MO: 1334   2.00  -0.43329794333435
MO: 1335   2.00  -0.43303103235632 | MO: 1336   2.00  -0.43277191232031
MO: 1337   2.00  -0.43252082029899 | MO: 1338   2.00  -0.43227796161775
MO: 1339   2.00  -0.43204350295483 | MO: 1340   2.00  -0.43181756327238
MO: 1341   2.00  -0.43160021670251 | MO: 1342   2.00  -0.43139150790815
MO: 1343   2.00  -0.43119147285358 | MO: 1344   2.00  -0.43100013590346
MO: 1345   2.00  -0.43081747798723 | MO: 1346   2.00  -0.43064342265020
MO: 1347   2.00  -0.43047787425861 | MO: 1348   2.00  -0.43032074693424
MO: 1349   2.00  -0.43017190624614 | MO: 1350   2.00  -0.43003116494875
MO: 1351   2.00  -0.42989835248435 | MO: 1352   2.00  -0.42977325325032
MO: 1353   2.00  -0.42965561968709 | MO: 1354   2.00  -0.42954520645641
MO: 1355   2.00  -0.42944171950348 | MO: 1356   2.00  -0.42934486987140
MO: 1357   2.00  -0.42925433530605 | MO: 1358   2.00  -0.42916978359401
MO: 1359   2.00  -0.42909087454528 | MO: 1360   2.00  -0.42901724961752
MO: 1361   2.00  -0.42894854264438 | MO: 1362   2.00  -0.42888438561110
MO: 1363   2.00  -0.42882440678537 | MO: 1364   2.00  -0.42876823287882
MO: 1365   2.00  -0.42871549270185 | MO: 1366   2.00  -0.42866582009700
MO: 1367   2.00  -0.42861885853067 | MO: 1368   2.00  -0.42857426194127
MO: 1369   2.00  -0.42853169828221 | MO: 1370   2.00  -0.42849085124873
MO: 1371   2.00  -0.42845142203082 | MO: 1372   2.00  -0.42841312596028
MO: 1373   2.00  -0.42837569425284 | MO: 1374   2.00  -0.42833886864424
MO: 1375   2.00  -0.42830239892441 | MO: 1376   2.00  -0.42826603515640
MO: 1377   2.00  -0.42822952185390 | MO: 1378   2.00  -0.42819258755624
MO: 1379   2.00  -0.42815493597097 | MO: 1380   2.00  -0.42811623307420
MO: 1381   2.00  -0.42807609275599 | MO: 1382   2.00  -0.42803405792681
MO: 1383   2.00  -0.42798958073573 | MO: 1384   2.00  -0.42794199043381
MO: 1385   2.00  -0.42789045843687 | MO: 1386   2.00  -0.42783394407435
MO: 1387   2.00  -0.42777112300323 | MO: 1388   2.00  -0.42770028039166
MO: 1389   2.00  -0.42761915450265 | MO: 1390   2.00  -0.42752469791948
MO: 1391   2.00  -0.42741270023081 | MO: 1392   2.00  -0.42727718077369
MO: 1393   2.00  -0.42710936662124 | MO: 1394   2.00  -0.42689590401218
MO: 1395   2.00  -0.42661557179843 | MO: 1396   2.00  -0.42623295412596
MO: 1397   2.00  -0.42568557381356 | MO: 1398   2.00  -0.42485631103343
MO: 1399   2.00  -0.42351528975978 | MO: 1400   2.00  -0.42119422217709
MO: 1401   2.00  -0.41729625389698 | MO: 1402   2.00  -0.41108530522164
MO: 1403   2.00  -0.40118677870928 | MO: 1404   2.00  -0.35385966063281
MO: 1405   0.00  -0.30427749846327 | MO: 1406   0.00  -0.29052084077919
MO: 1407   0.00  -0.28212227245572 | MO: 1408   0.00  -0.27840632104093
MO: 1409   0.00  -0.27638646147444 | MO: 1410   0.00  -0.27517440296114
MO: 1411   0.00  -0.27438852679036 | MO: 1412   0.00  -0.27384824427593
MO: 1413   0.00  -0.27346016072082 | MO: 1414   0.00  -0.27317091895385
MO: 1415   0.00  -0.27294847466813 | MO: 1416   0.00  -0.27277279270303
MO: 1417   0.00  -0.27263074749058 | MO: 1418   0.00  -0.27251336246444
MO: 1419   0.00  -0.27241428527247 | MO: 1420   0.00  -0.27232890306439
MO: 1421   0.00  -0.27225379613976 | MO: 1422   0.00  -0.27218638910232
MO: 1423   0.00  -0.27212472592026 | MO: 1424   0.00  -0.27206731344916
MO: 1425   0.00  -0.27201301345280 | MO: 1426   0.00  -0.27196096164217
MO: 1427   0.00  -0.27191050473891 | MO: 1428   0.00  -0.27186115077335
MO: 1429   0.00  -0.27181253157238 | MO: 1430   0.00  -0.27176437292048
MO: 1431   0.00  -0.27171647155972 | MO: 1432   0.00  -0.27166867818009
MO: 1433   0.00  -0.27162088521439 | MO: 1434   0.00  -0.27157301851778
MO: 1435   0.00  -0.27152502841500 | MO: 1436   0.00  -0.27147688741769
MO: 1437   0.00  -0.27142858322726 | MO: 1438   0.00  -0.27138011450546
MO: 1439   0.00  -0.27133148726429 | MO: 1440   0.00  -0.27128271312852
MO: 1441   0.00  -0.27123381061471 | MO: 1442   0.00  -0.27118480639972
MO: 1443   0.00  -0.27113573323247 | MO: 1444   0.00  -0.27108662184542
MO: 1445   0.00  -0.27103750079415 | MO: 1446   0.00  -0.27098840212105
MO: 1447   0.00  -0.27093936678695 | MO: 1448   0.00  -0.27089043142625
MO: 1449   0.00  -0.27084162361568 | MO: 1450   0.00  -0.27079298193906
MO: 1451   0.00  -0.27074454530214 | MO: 1452   0.00  -0.27069633708700
MO: 1453   0.00  -0.27064839865483 | MO: 1454   0.00  -0.27060075368903
MO: 1455   0.00  -0.27055343497299 | MO: 1456   0.00  -0.27050646653272
MO: 1457   0.00  -0.27045987765198 | MO: 1458   0.00  -0.27041368313746
MO: 1459   0.00  -0.27036791379077 | MO: 1460   0.00  -0.27032257762737
MO: 1461   0.00  -0.27027769235131 | MO: 1462   0.00  -0.27023327408254
MO: 1463   0.00  -0.27018932567605 | MO: 1464   0.00  -0.27014585087733
MO: 1465   0.00  -0.27010285457192 | MO: 1466   0.00  -0.27006033258815
MO: 1467   0.00  -0.27001827413733 | MO: 1468   0.00  -0.26997666369168
MO: 1469   0.00  -0.26993548173449 | MO: 1470   0.00  -0.26989470091200
MO: 1471   0.00  -0.26985428426447 | MO: 1472   0.00  -0.26981418389830
MO: 1473   0.00  -0.26977434094547 | MO: 1474   0.00  -0.26973468239194
MO: 1475   0.00  -0.26969511794766 | MO: 1476   0.00  -0.26965553577209
MO: 1477   0.00  -0.26961579728035 | MO: 1478   0.00  -0.26957573113670
MO: 1479   0.00  -0.26953512544082 | MO: 1480   0.00  -0.26949371849891
MO: 1481   0.00  -0.26945118591826 | MO: 1482   0.00  -0.26940712655041
MO: 1483   0.00  -0.26936104197793 | MO: 1484   0.00  -0.26931231388458
MO: 1485   0.00  -0.26926016966682 | MO: 1486   0.00  -0.26920364488063
MO: 1487   0.00  -0.26914152502745 | MO: 1488   0.00  -0.26907227222838
MO: 1489   0.00  -0.26899391555656 | MO: 1490   0.00  -0.26890389536763
MO: 1491   0.00  -0.26879883964102 | MO: 1492   0.00  -0.26867421507235
MO: 1493   0.00  -0.26852376899102 | MO: 1494   0.00  -0.26833858123626
MO: 1495   0.00  -0.26810547798481 | MO: 1496   0.00  -0.26780453074013
MO: 1497   0.00  -0.26740492349809 | MO: 1498   0.00  -0.26685582450092
MO: 1499   0.00  -0.26606534966310 | MO: 1500   0.00  -0.26486685099348
MO: 1501   0.00  -0.26293608133941 | MO: 1502   0.00  -0.25948937113052
MO: 1503   0.00  -0.25271504255747 | MO: 1504   0.00  -0.23610710211504
MO: 1505   0.00  -0.15842127162686 | MO: 1506   0.00  -0.15701252973187
MO: 1507   0.00  -0.15050653284662 | MO: 1508   0.00  -0.14817002556732
MO: 1509   0.00  -0.14748491375043 | MO: 1510   0.00  -0.14697836654596
MO: 1511   0.00  -0.14652412101897 | MO: 1512   0.00  -0.14624201386026
MO: 1513   0.00  -0.14604767360551 | MO: 1514   0.00  -0.14589504100961
MO: 1515   0.00  -0.14576072174723 | MO: 1516   0.00  -0.14563271939791
MO: 1517   0.00  -0.14550481093122 | MO: 1518   0.00  -0.14537366130264
MO: 1519   0.00  -0.14523739983357 | MO: 1520   0.00  -0.14509493027045
MO: 1521   0.00  -0.14494559053977 | MO: 1522   0.00  -0.14478897809480
MO: 1523   0.00  -0.14462485561904 | MO: 1524   0.00  -0.14445309673836
MO: 1525   0.00  -0.14427365387420 | MO: 1526   0.00  -0.14408653855775
MO: 1527   0.00  -0.14389180841648 | MO: 1528   0.00  -0.14368955887354
MO: 1529   0.00  -0.14347991829207 | MO: 1530   0.00  -0.14326304464479
MO: 1531   0.00  -0.14303912486219 | MO: 1532   0.00  -0.14280837529033
MO: 1533   0.00  -0.14257104606575 | MO: 1534   0.00  -0.14232742732041
MO: 1535   0.00  -0.14207786397408 | MO: 1536   0.00  -0.14182277839071
MO: 1537   0.00  -0.14156271609234 | MO: 1538   0.00  -0.14129842886270
MO: 1539   0.00  -0.14103103666266 | MO: 1540   0.00  -0.14076233210094
MO: 1541   0.00  -0.14049523213338 | MO: 1542   0.00  -0.14023367996618
MO: 1543   0.00  -0.13997910483306 | MO: 1544   0.00  -0.13972394840411
MO: 1545   0.00  -0.13945733333159 | MO: 1546   0.00  -0.13917684249341
MO: 1547   0.00  -0.13888569026120 | MO: 1548   0.00  -0.13858717514221
MO: 1549   0.00  -0.13828354598531 | MO: 1550   0.00  -0.13797643513802
MO: 1551   0.00  -0.13766792548121 | MO: 1552   0.00  -0.13738224336092
MO: 1553   0.00  -0.13730145310219 | MO: 1554   0.00  -0.13702977439032
MO: 1555   0.00  -0.13671679540464 | MO: 1556   0.00  -0.13640141036716
MO: 1557   0.00  -0.13608549719107 | MO: 1558   0.00  -0.13576976094112
MO: 1559   0.00  -0.13545469457039 | MO: 1560   0.00  -0.13514097715980
MO: 1561   0.00  -0.13482897302002 | MO: 1562   0.00  -0.13451894219496
MO: 1563   0.00  -0.13421124949658 | MO: 1564   0.00  -0.13390635733547
MO: 1565   0.00  -0.13360479753519 | MO: 1566   0.00  -0.13330731452273
MO: 1567   0.00  -0.13301849419627 | MO: 1568   0.00  -0.13292551459996
MO: 1569   0.00  -0.13271887040845 | MO: 1570   0.00  -0.13243552260716
MO: 1571   0.00  -0.13215600268704 | MO: 1572   0.00  -0.13188155883882
MO: 1573   0.00  -0.13161259588306 | MO: 1574   0.00  -0.13134939267561
MO: 1575   0.00  -0.13109218531301 | MO: 1576   0.00  -0.13084120145943
MO: 1577   0.00  -0.13059687024139 | MO: 1578   0.00  -0.13047981616974
MO: 1579   0.00  -0.13035763220127 | MO: 1580   0.00  -0.13012644011601
MO: 1581   0.00  -0.12990174626829 | MO: 1582   0.00  -0.12968387663120
MO: 1583   0.00  -0.12947293555402 | MO: 1584   0.00  -0.12926899276949
MO: 1585   0.00  -0.12909969281335 | MO: 1586   0.00  -0.12907198126405
MO: 1587   0.00  -0.12888219870502 | MO: 1588   0.00  -0.12869940962629
MO: 1589   0.00  -0.12852366179769 | MO: 1590   0.00  -0.12835491786413
MO: 1591   0.00  -0.12828368217961 | MO: 1592   0.00  -0.12819311041458
MO: 1593   0.00  -0.12803814395181 | MO: 1594   0.00  -0.12788987556286
MO: 1595   0.00  -0.12777387201908 | MO: 1596   0.00  -0.12774810563687
MO: 1597   0.00  -0.12761254922390 | MO: 1598   0.00  -0.12748279303958
MO: 1599   0.00  -0.12743626569728 | MO: 1600   0.00  -0.12735822011736
MO: 1601   0.00  -0.12723787811206 | MO: 1602   0.00  -0.12719982428673
MO: 1603   0.00  -0.12712023128241 | MO: 1604   0.00  -0.12702504361142
MO: 1605   0.00  -0.12700268483874 | MO: 1606   0.00  -0.12688874493651
MO: 1607   0.00  -0.12688065516468 | MO: 1608   0.00  -0.12677664704566
MO: 1609   0.00  -0.12674576893243 | MO: 1610   0.00  -0.12667962434861
MO: 1611   0.00  -0.12659173376767 | MO: 1612   0.00  -0.12658247430445
MO: 1613   0.00  -0.12650908170137 | MO: 1614   0.00  -0.12642911931361
MO: 1615   0.00  -0.12636135950698 | MO: 1616   0.00  -0.12635017367761
MO: 1617   0.00  -0.12627113969770 | MO: 1618   0.00  -0.12619128079796
MO: 1619   0.00  -0.12611010198493 | MO: 1620   0.00  -0.12602726962890
MO: 1621   0.00  -0.12602382086911 | MO: 1622   0.00  -0.12594256039816
MO: 1623   0.00  -0.12585582812080 | MO: 1624   0.00  -0.12576698199440
MO: 1625   0.00  -0.12567597199660 | MO: 1626   0.00  -0.12558277863632
MO: 1627   0.00  -0.12548740607823 | MO: 1628   0.00  -0.12544173309610
MO: 1629   0.00  -0.12538987672098 | MO: 1630   0.00  -0.12529022748063
MO: 1631   0.00  -0.12518850676629 | MO: 1632   0.00  -0.12508477211927
MO: 1633   0.00  -0.12497908822049 | MO: 1634   0.00  -0.12487152516768
MO: 1635   0.00  -0.12476215745731 | MO: 1636   0.00  -0.12465106251393
MO: 1637   0.00  -0.12453832068322 | MO: 1638   0.00  -0.12442401540947
MO: 1639   0.00  -0.12431166816694 | MO: 1640   0.00  -0.12430823420504
MO: 1641   0.00  -0.12419107081743 | MO: 1642   0.00  -0.12407262530953
MO: 1643   0.00  -0.12395300588213 | MO: 1644   0.00  -0.12383232370347
MO: 1645   0.00  -0.12371068755928 | MO: 1646   0.00  -0.12358819796405
MO: 1647   0.00  -0.12346495170276 | MO: 1648   0.00  -0.12334106092343
MO: 1649   0.00  -0.12321666653658 | MO: 1650   0.00  -0.12309190886372
MO: 1651   0.00  -0.12296688992698 | MO: 1652   0.00  -0.12284175781704
MO: 1653   0.00  -0.12271666647225 | MO: 1654   0.00  -0.12259175702406
MO: 1655   0.00  -0.12246719014777 | MO: 1656   0.00  -0.12234312256133
MO: 1657   0.00  -0.12221974238722 | MO: 1658   0.00  -0.12209724994442
MO: 1659   0.00  -0.12207621362288 | MO: 1660   0.00  -0.12197580073337
MO: 1661   0.00  -0.12185555389499 | MO: 1662   0.00  -0.12173671315563
MO: 1663   0.00  -0.12161950997579 | MO: 1664   0.00  -0.12150416996912
MO: 1665   0.00  -0.12139089719438 | MO: 1666   0.00  -0.12127987437585
MO: 1667   0.00  -0.12117127111123 | MO: 1668   0.00  -0.12106525019816
MO: 1669   0.00  -0.12096196840593 | MO: 1670   0.00  -0.12086157391742
MO: 1671   0.00  -0.12076420021144 | MO: 1672   0.00  -0.12066996004473
MO: 1673   0.00  -0.12057893932777 | MO: 1674   0.00  -0.12049119224197
MO: 1675   0.00  -0.12040673714104 | MO: 1676   0.00  -0.12032555293692
MO: 1677   0.00  -0.12024757551385 | MO: 1678   0.00  -0.12017269419766
MO: 1679   0.00  -0.12010074714531 | MO: 1680   0.00  -0.12003151565663
MO: 1681   0.00  -0.11996471608936 | MO: 1682   0.00  -0.11989998876436
MO: 1683   0.00  -0.11983688127082 | MO: 1684   0.00  -0.11977482497438
MO: 1685   0.00  -0.11971310304614 | MO: 1686   0.00  -0.11965080247458
MO: 1687   0.00  -0.11958674720792 | MO: 1688   0.00  -0.11951940565978
MO: 1689   0.00  -0.11947979262144 | MO: 1690   0.00  -0.11944671385865
MO: 1691   0.00  -0.11936598788332 | MO: 1692   0.00  -0.11927342089058
MO: 1693   0.00  -0.11916368346738 | MO: 1694   0.00  -0.11902897632649
MO: 1695   0.00  -0.11885744549098 | MO: 1696   0.00  -0.11863024979893
MO: 1697   0.00  -0.11831588030641 | MO: 1698   0.00  -0.11785857002750
MO: 1699   0.00  -0.11715390244115 | MO: 1700   0.00  -0.11712338066892
MO: 1701   0.00  -0.11600111273167 | MO: 1702   0.00  -0.11405805253166
MO: 1703   0.00  -0.11313948653095 | MO: 1704   0.00  -0.11142440287813
MO: 1705   0.00  -0.11039275161094 | MO: 1706   0.00  -0.10822228664562
MO: 1707   0.00  -0.10648221263123 | MO: 1708   0.00  -0.10544395317911
MO: 1709   0.00  -0.10478342613542 | MO: 1710   0.00  -0.10433663903912
MO: 1711   0.00  -0.10402011806302 | MO: 1712   0.00  -0.10378607206813
MO: 1713   0.00  -0.10360686294107 | MO: 1714   0.00  -0.10346498440793
MO: 1715   0.00  -0.10344578203196 | MO: 1716   0.00  -0.10334928211358
MO: 1717   0.00  -0.10325206138971 | MO: 1718   0.00  -0.10316806122455
MO: 1719   0.00  -0.10309343644999 | MO: 1720   0.00  -0.10302546190914
MO: 1721   0.00  -0.10296209259904 | MO: 1722   0.00  -0.10290187518681
MO: 1723   0.00  -0.10284370862190 | MO: 1724   0.00  -0.10278682115502
MO: 1725   0.00  -0.10273062124547 | MO: 1726   0.00  -0.10267470265711
MO: 1727   0.00  -0.10261874672657 | MO: 1728   0.00  -0.10256254366164
MO: 1729   0.00  -0.10250592464399 | MO: 1730   0.00  -0.10244878808612
MO: 1731   0.00  -0.10239105108588 | MO: 1732   0.00  -0.10233267352729
MO: 1733   0.00  -0.10227362114316 | MO: 1734   0.00  -0.10221389118363
MO: 1735   0.00  -0.10215349044926 | MO: 1736   0.00  -0.10209244872518
MO: 1737   0.00  -0.10203077752808 | MO: 1738   0.00  -0.10196850106990
MO: 1739   0.00  -0.10190569196014 | MO: 1740   0.00  -0.10184241110012
MO: 1741   0.00  -0.10177864133279 | MO: 1742   0.00  -0.10171448431272
MO: 1743   0.00  -0.10165005613348 | MO: 1744   0.00  -0.10158528112763
MO: 1745   0.00  -0.10152028719515 | MO: 1746   0.00  -0.10145521917036
MO: 1747   0.00  -0.10138990417047 | MO: 1748   0.00  -0.10132453507712
MO: 1749   0.00  -0.10125918239283 | MO: 1750   0.00  -0.10119355116895
MO: 1751   0.00  -0.10112788975137 | MO: 1752   0.00  -0.10106200220923
MO: 1753   0.00  -0.10099543533155 | MO: 1754   0.00  -0.10092832088751
MO: 1755   0.00  -0.10085986238003 | MO: 1756   0.00  -0.10078938539333
MO: 1757   0.00  -0.10072534066646 | MO: 1758   0.00  -0.10071643828493
MO: 1759   0.00  -0.10063930832773 | MO: 1760   0.00  -0.10055777769845
MO: 1761   0.00  -0.10047005678954 | MO: 1762   0.00  -0.10037591529078
MO: 1763   0.00  -0.10027427947855 | MO: 1764   0.00  -0.10016585549747
MO: 1765   0.00  -0.10004932245710 | MO: 1766   0.00  -0.09992677246473
MO: 1767   0.00  -0.09979757236781 | MO: 1768   0.00  -0.09966173772822
MO: 1769   0.00  -0.09952134310032 | MO: 1770   0.00  -0.09937685661958
MO: 1771   0.00  -0.09922772315162 | MO: 1772   0.00  -0.09907449740703
MO: 1773   0.00  -0.09891857227454 | MO: 1774   0.00  -0.09876102527942
MO: 1775   0.00  -0.09860222644802 | MO: 1776   0.00  -0.09844217789630
MO: 1777   0.00  -0.09828101246694 | MO: 1778   0.00  -0.09811919235808
MO: 1779   0.00  -0.09795740703625 | MO: 1780   0.00  -0.09779639818309
MO: 1781   0.00  -0.09763684651757 | MO: 1782   0.00  -0.09747932823291
MO: 1783   0.00  -0.09732431385861 | MO: 1784   0.00  -0.09717218594956
MO: 1785   0.00  -0.09702326265158 | MO: 1786   0.00  -0.09687781598003
MO: 1787   0.00  -0.09673607601348 | MO: 1788   0.00  -0.09659821523273
MO: 1789   0.00  -0.09646430621049 | MO: 1790   0.00  -0.09633424392306
MO: 1791   0.00  -0.09620761266730 | MO: 1792   0.00  -0.09608344449475
MO: 1793   0.00  -0.09595975754366 | MO: 1794   0.00  -0.09583264123245
MO: 1795   0.00  -0.09569444841307 | MO: 1796   0.00  -0.09553045629821
MO: 1797   0.00  -0.09531299378450 | MO: 1798   0.00  -0.09499031457555
MO: 1799   0.00  -0.09446377259454 | MO: 1800   0.00  -0.09355018366868
MO: 1801   0.00  -0.09194136065961 | MO: 1802   0.00  -0.08878495329615
MO: 1803   0.00  -0.08788536895817 | MO: 1804   0.00  -0.08440846976072
MO: 1805   0.00  -0.08085420512146 | MO: 1806   0.00  -0.07950580638666
MO: 1807   0.00  -0.07694793632388 | MO: 1808   0.00  -0.07477681623457
MO: 1809   0.00  -0.07453695863076 | MO: 1810   0.00  -0.07184417018102
MO: 1811   0.00  -0.07027966824217 | MO: 1812   0.00  -0.06927032964411
MO: 1813   0.00  -0.06859269007656 | MO: 1814   0.00  -0.06811788897755
MO: 1815   0.00  -0.06798066340166 | MO: 1816   0.00  -0.06776415231357
MO: 1817   0.00  -0.06749907575843 | MO: 1818   0.00  -0.06729366144871
MO: 1819   0.00  -0.06712963436889 | MO: 1820   0.00  -0.06699550235760
MO: 1821   0.00  -0.06688327721674 | MO: 1822   0.00  -0.06678670570441
MO: 1823   0.00  -0.06670096576804 | MO: 1824   0.00  -0.06662259459860
MO: 1825   0.00  -0.06654928739214 | MO: 1826   0.00  -0.06647959413697
MO: 1827   0.00  -0.06641259351901 | MO: 1828   0.00  -0.06634762793873
MO: 1829   0.00  -0.06628421291829 | MO: 1830   0.00  -0.06622211148030
MO: 1831   0.00  -0.06616135281113 | MO: 1832   0.00  -0.06610201872290
MO: 1833   0.00  -0.06604403243143 | MO: 1834   0.00  -0.06598732132734
MO: 1835   0.00  -0.06593205459641 | MO: 1836   0.00  -0.06587837850025
MO: 1837   0.00  -0.06582618116019 | MO: 1838   0.00  -0.06577549610964
MO: 1839   0.00  -0.06572650425353 | MO: 1840   0.00  -0.06567908869210
MO: 1841   0.00  -0.06563324395537 | MO: 1842   0.00  -0.06558908329259
MO: 1843   0.00  -0.06554644139361 | MO: 1844   0.00  -0.06550538152983
MO: 1845   0.00  -0.06546584493413 | MO: 1846   0.00  -0.06542774334189
MO: 1847   0.00  -0.06539109857494 | MO: 1848   0.00  -0.06535576347090
MO: 1849   0.00  -0.06532175956733 | MO: 1850   0.00  -0.06528894141452
MO: 1851   0.00  -0.06525730664284 | MO: 1852   0.00  -0.06522672260993
MO: 1853   0.00  -0.06519716676429 | MO: 1854   0.00  -0.06516852065624
MO: 1855   0.00  -0.06514074308619 | MO: 1856   0.00  -0.06511373294033
MO: 1857   0.00  -0.06508743100877 | MO: 1858   0.00  -0.06506175234423
MO: 1859   0.00  -0.06503662771830 | MO: 1860   0.00  -0.06501198039296
MO: 1861   0.00  -0.06498773662661 | MO: 1862   0.00  -0.06496383130224
MO: 1863   0.00  -0.06494017240766 | MO: 1864   0.00  -0.06491671777373
MO: 1865   0.00  -0.06489336778471 | MO: 1866   0.00  -0.06487005394025
MO: 1867   0.00  -0.06484673636697 | MO: 1868   0.00  -0.06482328475617
MO: 1869   0.00  -0.06479965793338 | MO: 1870   0.00  -0.06477580573821
MO: 1871   0.00  -0.06475156404324 | MO: 1872   0.00  -0.06472690813627
MO: 1873   0.00  -0.06470178221363 | MO: 1874   0.00  -0.06467596842561
MO: 1875   0.00  -0.06464943011597 | MO: 1876   0.00  -0.06462212698621
MO: 1877   0.00  -0.06459375694747 | MO: 1878   0.00  -0.06456420369738
MO: 1879   0.00  -0.06453346886110 | MO: 1880   0.00  -0.06450115583349
MO: 1881   0.00  -0.06446693263742 | MO: 1882   0.00  -0.06443082798384
MO: 1883   0.00  -0.06439240243206 | MO: 1884   0.00  -0.06435090687758
MO: 1885   0.00  -0.06430625076881 | MO: 1886   0.00  -0.06425805973111
MO: 1887   0.00  -0.06420493092206 | MO: 1888   0.00  -0.06414627141633
MO: 1889   0.00  -0.06408184867682 | MO: 1890   0.00  -0.06400920996717
MO: 1891   0.00  -0.06399991057476 | MO: 1892   0.00  -0.06392651141039
MO: 1893   0.00  -0.06383359849663 | MO: 1894   0.00  -0.06372569736213
MO: 1895   0.00  -0.06359823037725 | MO: 1896   0.00  -0.06345074155102
MO: 1897   0.00  -0.06327087138980 | MO: 1898   0.00  -0.06304883854834
MO: 1899   0.00  -0.06277966347557 | MO: 1900   0.00  -0.06242094184928
MO: 1901   0.00  -0.06195943426118 | MO: 1902   0.00  -0.06132601856059
MO: 1903   0.00  -0.06107747855659 | MO: 1904   0.00  -0.06038889379512
MO: 1905   0.00  -0.05948533440870 | MO: 1906   0.00  -0.05906184420971
MO: 1907   0.00  -0.05860184842045 | MO: 1908   0.00  -0.05808029577293
MO: 1909   0.00  -0.05775098831967 | MO: 1910   0.00  -0.05752646124077
MO: 1911   0.00  -0.05735884828160 | MO: 1912   0.00  -0.05722103973910
MO: 1913   0.00  -0.05709781672840 | MO: 1914   0.00  -0.05698100631384
MO: 1915   0.00  -0.05686649632119 | MO: 1916   0.00  -0.05675256192154
MO: 1917   0.00  -0.05670486433853 | MO: 1918   0.00  -0.05663952650415
MO: 1919   0.00  -0.05653320742418 | MO: 1920   0.00  -0.05645391308775
MO: 1921   0.00  -0.05637089061966 | MO: 1922   0.00  -0.05626007608985
MO: 1923   0.00  -0.05614114385104 | MO: 1924   0.00  -0.05601962283619
MO: 1925   0.00  -0.05589702262222 | MO: 1926   0.00  -0.05577407757283
MO: 1927   0.00  -0.05565129390425 | MO: 1928   0.00  -0.05552907811878
MO: 1929   0.00  -0.05540777598300 | MO: 1930   0.00  -0.05528768791935
MO: 1931   0.00  -0.05516907635371 | MO: 1932   0.00  -0.05505217074846
MO: 1933   0.00  -0.05493716987158 | MO: 1934   0.00  -0.05482424234329
MO: 1935   0.00  -0.05471352453878 | MO: 1936   0.00  -0.05460511749959
MO: 1937   0.00  -0.05449908517791 | MO: 1938   0.00  -0.05439545625892
MO: 1939   0.00  -0.05429423061298 | MO: 1940   0.00  -0.05419538947033
MO: 1941   0.00  -0.05409890187900 | MO: 1942   0.00  -0.05400472449966
MO: 1943   0.00  -0.05391279316995 | MO: 1944   0.00  -0.05382301699212
MO: 1945   0.00  -0.05373528504048 | MO: 1946   0.00  -0.05364948092046
MO: 1947   0.00  -0.05356548963340 | MO: 1948   0.00  -0.05348318730667
MO: 1949   0.00  -0.05340244612871 | MO: 1950   0.00  -0.05332317109045
MO: 1951   0.00  -0.05324542497275 | MO: 1952   0.00  -0.05317273273739
MO: 1953   0.00  -0.05315123703975 | MO: 1954   0.00  -0.05308961683044
MO: 1955   0.00  -0.05301487826163 | MO: 1956   0.00  -0.05294027448894
MO: 1957   0.00  -0.05286600704950 | MO: 1958   0.00  -0.05279201967062
MO: 1959   0.00  -0.05271826425308 | MO: 1960   0.00  -0.05264451841332
MO: 1961   0.00  -0.05257069599041 | MO: 1962   0.00  -0.05249679371254
MO: 1963   0.00  -0.05242269231810 | MO: 1964   0.00  -0.05234822460396
MO: 1965   0.00  -0.05227330995929 | MO: 1966   0.00  -0.05219795945746
MO: 1967   0.00  -0.05212220155518 | MO: 1968   0.00  -0.05204603023864
MO: 1969   0.00  -0.05196940590455 | MO: 1970   0.00  -0.05189228928922
MO: 1971   0.00  -0.05181467414098 | MO: 1972   0.00  -0.05173660033073
MO: 1973   0.00  -0.05165814793186 | MO: 1974   0.00  -0.05157942217203
MO: 1975   0.00  -0.05150053783589 | MO: 1976   0.00  -0.05142160849146
MO: 1977   0.00  -0.05134274077770 | MO: 1978   0.00  -0.05126403187041
MO: 1979   0.00  -0.05118557027231 | MO: 1980   0.00  -0.05110743516356
MO: 1981   0.00  -0.05102969478972 | MO: 1982   0.00  -0.05095240055514
MO: 1983   0.00  -0.05087557562211 | MO: 1984   0.00  -0.05079919671664
MO: 1985   0.00  -0.05072316787077 | MO: 1986   0.00  -0.05064728050188
MO: 1987   0.00  -0.05057115388790 | MO: 1988   0.00  -0.05049414558390
MO: 1989   0.00  -0.05041521285497 | MO: 1990   0.00  -0.05033270147178
MO: 1991   0.00  -0.05024403239733 | MO: 1992   0.00  -0.05014525796482
MO: 1993   0.00  -0.05003043772059 | MO: 1994   0.00  -0.04989072442513
MO: 1995   0.00  -0.04971288444607 | MO: 1996   0.00  -0.04947667199459
MO: 1997   0.00  -0.04914969983821 | MO: 1998   0.00  -0.04867597635844
MO: 1999   0.00  -0.04829982729937 | MO: 2000   0.00  -0.04826781770717
MO: 2001   0.00  -0.04794897538189 | MO: 2002   0.00  -0.04676611434851
MO: 2003   0.00  -0.04485979170692 | MO: 2004   0.00  -0.04456584277127
MO: 2005   0.00  -0.04321724871897 | MO: 2006   0.00  -0.04137319333090
MO: 2007   0.00  -0.04051918880046 | MO: 2008   0.00  -0.03895495260045
MO: 2009   0.00  -0.03794869906716 | MO: 2010   0.00  -0.03727322147256
MO: 2011   0.00  -0.03678602762000 | MO: 2012   0.00  -0.03642656491133
MO: 2013   0.00  -0.03614832715375 | MO: 2014   0.00  -0.03592933126813
MO: 2015   0.00  -0.03575200348776 | MO: 2016   0.00  -0.03560567325422
MO: 2017   0.00  -0.03548333051277 | MO: 2018   0.00  -0.03537879588002
MO: 2019   0.00  -0.03535981963542 | MO: 2020   0.00  -0.03528884795955
MO: 2021   0.00  -0.03521008413086 | MO: 2022   0.00  -0.03514031112143
MO: 2023   0.00  -0.03507797082981 | MO: 2024   0.00  -0.03502133775006
MO: 2025   0.00  -0.03496957444284 | MO: 2026   0.00  -0.03492167632250
MO: 2027   0.00  -0.03487685578109 | MO: 2028   0.00  -0.03483470967445
MO: 2029   0.00  -0.03479456351621 | MO: 2030   0.00  -0.03475617717303
MO: 2031   0.00  -0.03471918336536 | MO: 2032   0.00  -0.03468328061741
MO: 2033   0.00  -0.03464836074316 | MO: 2034   0.00  -0.03461410140451
MO: 2035   0.00  -0.03458049449454 | MO: 2036   0.00  -0.03454727664066
MO: 2037   0.00  -0.03451444366713 | MO: 2038   0.00  -0.03448181813152
MO: 2039   0.00  -0.03444937318763 | MO: 2040   0.00  -0.03441700524360
MO: 2041   0.00  -0.03438466934342 | MO: 2042   0.00  -0.03435231699593
MO: 2043   0.00  -0.03431989252814 | MO: 2044   0.00  -0.03428738719814
MO: 2045   0.00  -0.03425474039884 | MO: 2046   0.00  -0.03422197170722
MO: 2047   0.00  -0.03418901719581 | MO: 2048   0.00  -0.03415592199613
MO: 2049   0.00  -0.03412261455194 | MO: 2050   0.00  -0.03408916455646
MO: 2051   0.00  -0.03405549063536 | MO: 2052   0.00  -0.03402168457761
MO: 2053   0.00  -0.03398765125412 | MO: 2054   0.00  -0.03395351069899
MO: 2055   0.00  -0.03391914192710 | MO: 2056   0.00  -0.03388470268752
MO: 2057   0.00  -0.03385003660201 | MO: 2058   0.00  -0.03381534286678
MO: 2059   0.00  -0.03378042194573 | MO: 2060   0.00  -0.03374552342661
MO: 2061   0.00  -0.03371039229186 | MO: 2062   0.00  -0.03367533641535
MO: 2063   0.00  -0.03364003581468 | MO: 2064   0.00  -0.03360486091690
MO: 2065   0.00  -0.03356941875631 | MO: 2066   0.00  -0.03353414718624
MO: 2067   0.00  -0.03349857012900 | MO: 2068   0.00  -0.03346319369724
MO: 2069   0.00  -0.03342745478352 | MO: 2070   0.00  -0.03339192238605
MO: 2071   0.00  -0.03335593992681 | MO: 2072   0.00  -0.03332013297546
MO: 2073   0.00  -0.03328374128493 | MO: 2074   0.00  -0.03324743934450
MO: 2075   0.00  -0.03321034522817 | MO: 2076   0.00  -0.03317317467626
MO: 2077   0.00  -0.03313488860631 | MO: 2078   0.00  -0.03309624067009
MO: 2079   0.00  -0.03305597062660 | MO: 2080   0.00  -0.03301487584640
MO: 2081   0.00  -0.03297137308546 | MO: 2082   0.00  -0.03292630590005
MO: 2083   0.00  -0.03287763688821 | MO: 2084   0.00  -0.03282622824628
MO: 2085   0.00  -0.03276942234760 | MO: 2086   0.00  -0.03270802183304
MO: 2087   0.00  -0.03263846610513 | MO: 2088   0.00  -0.03256142633132
MO: 2089   0.00  -0.03247169859811 | MO: 2090   0.00  -0.03236998496304
MO: 2091   0.00  -0.03226467319683 | MO: 2092   0.00  -0.03224748385192
MO: 2093   0.00  -0.03210558564898 | MO: 2094   0.00  -0.03192740254469
MO: 2095   0.00  -0.03171584527791 | MO: 2096   0.00  -0.03143578569560
MO: 2097   0.00  -0.03109119494681 | MO: 2098   0.00  -0.03060203197151
MO: 2099   0.00  -0.02996415376138 | MO: 2100   0.00  -0.02896007114210
MO: 2101   0.00  -0.02752809504707 | MO: 2102   0.00  -0.02481162378511
MO: 2103   0.00  -0.02136939194588 | MO: 2104   0.00  -0.01893148396949
MO: 2105   0.00  -0.01168152719248 | MO: 2106   0.00  -0.00002184529357
MO: 2107   0.00   0.00086876943241 | MO: 2108   0.00   0.01828694035912
MO: 2109   0.00   0.02063536211663 | MO: 2110   0.00   0.02125029005137
MO: 2111   0.00   0.02156707981640 | MO: 2112   0.00   0.02183199130922
MO: 2113   0.00   0.02210515619422 | MO: 2114   0.00   0.02240370827610
MO: 2115   0.00   0.02273357532598 | MO: 2116   0.00   0.02309703133556
MO: 2117   0.00   0.02349483663185 | MO: 2118   0.00   0.02392700067678
MO: 2119   0.00   0.02439310715603 | MO: 2120   0.00   0.02489247944280
MO: 2121   0.00   0.02542427226326 | MO: 2122   0.00   0.02598752271959
MO: 2123   0.00   0.02658118278504 | MO: 2124   0.00   0.02720414071571
MO: 2125   0.00   0.02785523387615 | MO: 2126   0.00   0.02853325649771
MO: 2127   0.00   0.02923696175273 | MO: 2128   0.00   0.02996506776911
MO: 2129   0.00   0.03071625604307 | MO: 2130   0.00   0.03148916803749
MO: 2131   0.00   0.03228240535852 | MO: 2132   0.00   0.03309452215673
MO: 2133   0.00   0.03392401804631 | MO: 2134   0.00   0.03476932765544
MO: 2135   0.00   0.03562880335537 | MO: 2136   0.00   0.03650069634037
MO: 2137   0.00   0.03738312096734 | MO: 2138   0.00   0.03827400926358
MO: 2139   0.00   0.03917103392322 | MO: 2140   0.00   0.04007149676857
MO: 2141   0.00   0.04097214227059 | MO: 2142   0.00   0.04186887134493
MO: 2143   0.00   0.04275629469272 | MO: 2144   0.00   0.04362717264345
MO: 2145   0.00   0.04447223326691 | MO: 2146   0.00   0.04528247572851
MO: 2147   0.00   0.04605771692716 | MO: 2148   0.00   0.04681569670602
MO: 2149   0.00   0.04758142812676 | MO: 2150   0.00   0.04836813548346
MO: 2151   0.00   0.04917655328560 | MO: 2152   0.00   0.05000148523998
MO: 2153   0.00   0.05083570652604 | MO: 2154   0.00   0.05167210154217
MO: 2155   0.00   0.05250459448104 | MO: 2156   0.00   0.05332826271579
MO: 2157   0.00   0.05413913839827 | MO: 2158   0.00   0.05493397076813
MO: 2159   0.00   0.05571005165342 | MO: 2160   0.00   0.05646511880026
MO: 2161   0.00   0.05719725230865 | MO: 2162   0.00   0.05790486861923
MO: 2163   0.00   0.05858668332128 | MO: 2164   0.00   0.05924168523268
MO: 2165   0.00   0.05986911505369 | MO: 2166   0.00   0.06046843971035
MO: 2167   0.00   0.06103932595103 | MO: 2168   0.00   0.06158161587533
MO: 2169   0.00   0.06209531024599 | MO: 2170   0.00   0.06258055764594
MO: 2171   0.00   0.06303765393356 | MO: 2172   0.00   0.06346704109093
MO: 2173   0.00   0.06386930830528 | MO: 2174   0.00   0.06424518324176
MO: 2175   0.00   0.06459552106277 | MO: 2176   0.00   0.06492128791749
MO: 2177   0.00   0.06522353872724 | MO: 2178   0.00   0.06550340100145
MO: 2179   0.00   0.06576205661844 | MO: 2180   0.00   0.06600072398264
MO: 2181   0.00   0.06622064524950 | MO: 2182   0.00   0.06642307161574
MO: 2183   0.00   0.06660924859718 | MO: 2184   0.00   0.06678041077954
MO: 2185   0.00   0.06693776904680 | MO: 2186   0.00   0.06708250852818
MO: 2187   0.00   0.06721578801928 | MO: 2188   0.00   0.06733874107300
MO: 2189   0.00   0.06745248214801 | MO: 2190   0.00   0.06755812565004
MO: 2191   0.00   0.06765680044491 | MO: 2192   0.00   0.06774969158768
MO: 2193   0.00   0.06783809147182 | MO: 2194   0.00   0.06792348630877
MO: 2195   0.00   0.06800769683561 | MO: 2196   0.00   0.06809308101208
MO: 2197   0.00   0.06818289467555 | MO: 2198   0.00   0.06828185916857
MO: 2199   0.00   0.06839714932877 | MO: 2200   0.00   0.06854026321379
MO: 2201   0.00   0.06873092415456 | MO: 2202   0.00   0.06900611315770
MO: 2203   0.00   0.06944363205213 | MO: 2204   0.00   0.07023282540396
MO: 2205   0.00   0.07192012378561 | MO: 2206   0.00   0.07634088824683
MO: 2207   0.00   0.08297586567047 | MO: 2208   0.00   0.09000139743024
MO: 2209   0.00   0.09294942856907 | MO: 2210   0.00   0.09672677560910
MO: 2211   0.00   0.09851400080526 | MO: 2212   0.00   0.09947829830823
MO: 2213   0.00   0.10005507039135 | MO: 2214   0.00   0.10042899255365
MO: 2215   0.00   0.10068777718112 | MO: 2216   0.00   0.10087706834902
MO: 2217   0.00   0.10102272570237 | MO: 2218   0.00   0.10114034898255
MO: 2219   0.00   0.10123987417593 | MO: 2220   0.00   0.10132781241470
MO: 2221   0.00   0.10140851228722 | MO: 2222   0.00   0.10148486922517
MO: 2223   0.00   0.10155882003300 | MO: 2224   0.00   0.10163164255926
MO: 2225   0.00   0.10170418998643 | MO: 2226   0.00   0.10177701554149
MO: 2227   0.00   0.10185048499782 | MO: 2228   0.00   0.10192482249169
MO: 2229   0.00   0.10200016146745 | MO: 2230   0.00   0.10207656479573
MO: 2231   0.00   0.10215404520846 | MO: 2232   0.00   0.10223257749333
MO: 2233   0.00   0.10231210823750 | MO: 2234   0.00   0.10239256259507
MO: 2235   0.00   0.10247384759725 | MO: 2236   0.00   0.10255585120800
MO: 2237   0.00   0.10263845390726 | MO: 2238   0.00   0.10272152822878
MO: 2239   0.00   0.10280494693585 | MO: 2240   0.00   0.10288856415652
MO: 2241   0.00   0.10297223787247 | MO: 2242   0.00   0.10305583028754
MO: 2243   0.00   0.10313921396700 | MO: 2244   0.00   0.10322225831602
MO: 2245   0.00   0.10330483334883 | MO: 2246   0.00   0.10338684738036
MO: 2247   0.00   0.10346823608315 | MO: 2248   0.00   0.10354896956127
MO: 2249   0.00   0.10362906077789 | MO: 2250   0.00   0.10370861130091
MO: 2251   0.00   0.10378785654689 | MO: 2252   0.00   0.10386721705179
MO: 2253   0.00   0.10394737424408 | MO: 2254   0.00   0.10402939359602
MO: 2255   0.00   0.10411490274864 | MO: 2256   0.00   0.10420628866221
MO: 2257   0.00   0.10430679262571 | MO: 2258   0.00   0.10442041790160
MO: 2259   0.00   0.10455164174161 | MO: 2260   0.00   0.10470510901565
MO: 2261   0.00   0.10488499367992 | MO: 2262   0.00   0.10509434701129
MO: 2263   0.00   0.10533545738261 | MO: 2264   0.00   0.10560886230638
MO: 2265   0.00   0.10591463975779 | MO: 2266   0.00   0.10625165263936
MO: 2267   0.00   0.10661831582641 | MO: 2268   0.00   0.10701297037533
MO: 2269   0.00   0.10743351773228 | MO: 2270   0.00   0.10787781878513
MO: 2271   0.00   0.10834384820312 | MO: 2272   0.00   0.10882945849783
MO: 2273   0.00   0.10933231500937 | MO: 2274   0.00   0.10985004504159
MO: 2275   0.00   0.11038038686050 | MO: 2276   0.00   0.11092121467309
MO: 2277   0.00   0.11147047027951 | MO: 2278   0.00   0.11202607287757
MO: 2279   0.00   0.11258587263729 | MO: 2280   0.00   0.11314764886411
MO: 2281   0.00   0.11370913924462 | MO: 2282   0.00   0.11426808651064
MO: 2283   0.00   0.11482227307388 | MO: 2284   0.00   0.11536955127456
MO: 2285   0.00   0.11590785945901 | MO: 2286   0.00   0.11643522689738
MO: 2287   0.00   0.11694977705017 | MO: 2288   0.00   0.11744972967482
MO: 2289   0.00   0.11793339290178 | MO: 2290   0.00   0.11839916521215
MO: 2291   0.00   0.11884554083921 | MO: 2292   0.00   0.11927111430634
MO: 2293   0.00   0.11967459811719 | MO: 2294   0.00   0.12005485056692
MO: 2295   0.00   0.12041092307035 | MO: 2296   0.00   0.12074214344069
MO: 2297   0.00   0.12104825910749 | MO: 2298   0.00   0.12132973291759
MO: 2299   0.00   0.12158840242665 | MO: 2300   0.00   0.12182926753171
MO: 2301   0.00   0.12206624227853 | MO: 2302   0.00   0.12234295722105
MO: 2303   0.00   0.12280659737197 | MO: 2304   0.00   0.12401088075097
MO: 2305   0.00   0.12826537497580 | MO: 2306   0.00   0.14424904340729
MO: 2307   0.00   0.21103744971985 | MO: 2308   0.00   0.21631940691634
MO: 2309   0.00   0.21997145284017 | MO: 2310   0.00   0.22220968916115
MO: 2311   0.00   0.22343458621329 | MO: 2312   0.00   0.22414035063980
MO: 2313   0.00   0.22457827075927 | MO: 2314   0.00   0.22486984024157
MO: 2315   0.00   0.22507666408010 | MO: 2316   0.00   0.22523220459335
MO: 2317   0.00   0.22535588639858 | MO: 2318   0.00   0.22545963319305
MO: 2319   0.00   0.22555105862882 | MO: 2320   0.00   0.22563512859550
MO: 2321   0.00   0.22571511987100 | MO: 2322   0.00   0.22579320604499
MO: 2323   0.00   0.22587084404776 | MO: 2324   0.00   0.22594903348114
MO: 2325   0.00   0.22602846289591 | MO: 2326   0.00   0.22610963001787
MO: 2327   0.00   0.22619289185152 | MO: 2328   0.00   0.22627851497874
MO: 2329   0.00   0.22636670461800 | MO: 2330   0.00   0.22645761716920
MO: 2331   0.00   0.22655137568778 | MO: 2332   0.00   0.22664807750510
MO: 2333   0.00   0.22674780059775 | MO: 2334   0.00   0.22685061209651
MO: 2335   0.00   0.22695656166184 | MO: 2336   0.00   0.22706569505844
MO: 2337   0.00   0.22717804598557 | MO: 2338   0.00   0.22729364557490
MO: 2339   0.00   0.22741251694933 | MO: 2340   0.00   0.22753468227037
MO: 2341   0.00   0.22766015558548 | MO: 2342   0.00   0.22778895070421
MO: 2343   0.00   0.22792107542375 | MO: 2344   0.00   0.22805653631822
MO: 2345   0.00   0.22819533349555 | MO: 2346   0.00   0.22833746502106
MO: 2347   0.00   0.22848292223809 | MO: 2348   0.00   0.22863169280599
MO: 2349   0.00   0.22878376402724 | MO: 2350   0.00   0.22893911801080
MO: 2351   0.00   0.22909774057383 | MO: 2352   0.00   0.22925961697469
MO: 2353   0.00   0.22942472522571 | MO: 2354   0.00   0.22959302297254
MO: 2355   0.00   0.22976447284870 | MO: 2356   0.00   0.22993903497583
MO: 2357   0.00   0.23011668353399 | MO: 2358   0.00   0.23029724904108
MO: 2359   0.00   0.23048086479362 | MO: 2360   0.00   0.23066744384275
MO: 2361   0.00   0.23085668210311 | MO: 2362   0.00   0.23104847446508
MO: 2363   0.00   0.23124290268195 | MO: 2364   0.00   0.23144000581437
MO: 2365   0.00   0.23163966998748 | MO: 2366   0.00   0.23184165894962
MO: 2367   0.00   0.23204569965788 | MO: 2368   0.00   0.23225154322590
MO: 2369   0.00   0.23245898769263 | MO: 2370   0.00   0.23266787507827
MO: 2371   0.00   0.23287806810461 | MO: 2372   0.00   0.23308942271617
MO: 2373   0.00   0.23330176625306 | MO: 2374   0.00   0.23351488192370
MO: 2375   0.00   0.23372850638982 | MO: 2376   0.00   0.23394233229260
MO: 2377   0.00   0.23415601403275 | MO: 2378   0.00   0.23436917243377
MO: 2379   0.00   0.23458140884778 | MO: 2380   0.00   0.23479230112573
MO: 2381   0.00   0.23500141449718 | MO: 2382   0.00   0.23520830044470
MO: 2383   0.00   0.23541250101098 | MO: 2384   0.00   0.23561355137899
MO: 2385   0.00   0.23581098517915 | MO: 2386   0.00   0.23600433583820
MO: 2387   0.00   0.23619314686747 | MO: 2388   0.00   0.23637697533131
MO: 2389   0.00   0.23655541106524 | MO: 2390   0.00   0.23672808793740
MO: 2391   0.00   0.23689471880971 | MO: 2392   0.00   0.23705513257793
MO: 2393   0.00   0.23720935293009 | MO: 2394   0.00   0.23735772130765
MO: 2395   0.00   0.23750114324034 | MO: 2396   0.00   0.23764158163864
MO: 2397   0.00   0.23778311717545 | MO: 2398   0.00   0.23793428811532
MO: 2399   0.00   0.23811302368629 | MO: 2400   0.00   0.23835650316453
MO: 2401   0.00   0.23874265830509 | MO: 2402   0.00   0.23944535578382
MO: 2403   0.00   0.24088250190943 | MO: 2404   0.00   0.24411201856261
MO: 2405   0.00   0.24783364055074 | MO: 2406   0.00   0.24887290749747
MO: 2407   0.00   0.25617661485425 | MO: 2408   0.00   0.28244228108724
MO: 2409   0.00   0.28883684935753 | MO: 2410   0.00   0.29079886220803
MO: 2411   0.00   0.29153849158729 | MO: 2412   0.00   0.29190026861256
MO: 2413   0.00   0.29213367565321 | MO: 2414   0.00   0.29232632437671
MO: 2415   0.00   0.29251131517699 | MO: 2416   0.00   0.29270133683987
MO: 2417   0.00   0.29290143614492 | MO: 2418   0.00   0.29311359672264
MO: 2419   0.00   0.29333840538754 | MO: 2420   0.00   0.29357571862054
MO: 2421   0.00   0.29382498192184 | MO: 2422   0.00   0.29408543377615
MO: 2423   0.00   0.29435629281930 | MO: 2424   0.00   0.29463694221613
MO: 2425   0.00   0.29492709591835 | MO: 2426   0.00   0.29522681045892
MO: 2427   0.00   0.29553631502933 | MO: 2428   0.00   0.29585573944025
MO: 2429   0.00   0.29618491055105 | MO: 2430   0.00   0.29652332405039
MO: 2431   0.00   0.29687022732999 | MO: 2432   0.00   0.29722472618142
MO: 2433   0.00   0.29758587404260 | MO: 2434   0.00   0.29795272594659
MO: 2435   0.00   0.29832436663260 | MO: 2436   0.00   0.29869991704986
MO: 2437   0.00   0.29907853981681 | MO: 2438   0.00   0.29945944032345
MO: 2439   0.00   0.29984185872540 | MO: 2440   0.00   0.30022507221794
MO: 2441   0.00   0.30060839155032 | MO: 2442   0.00   0.30099115594729
MO: 2443   0.00   0.30137273288956 | MO: 2444   0.00   0.30175251965713
MO: 2445   0.00   0.30212993807483 | MO: 2446   0.00   0.30250443572605
MO: 2447   0.00   0.30287548877902 | MO: 2448   0.00   0.30324260156741
MO: 2449   0.00   0.30360530846881 | MO: 2450   0.00   0.30396317548977
MO: 2451   0.00   0.30431579758424 | MO: 2452   0.00   0.30466279450172
MO: 2453   0.00   0.30500379984693 | MO: 2454   0.00   0.30533845351567
MO: 2455   0.00   0.30566639670211 | MO: 2456   0.00   0.30598730283650
MO: 2457   0.00   0.30630090132408 | MO: 2458   0.00   0.30660695448383
MO: 2459   0.00   0.30690520365612 | MO: 2460   0.00   0.30719540489567
MO: 2461   0.00   0.30747735943956 | MO: 2462   0.00   0.30775094567526
MO: 2463   0.00   0.30801603263740 | MO: 2464   0.00   0.30827248446296
MO: 2465   0.00   0.30852018248477 | MO: 2466   0.00   0.30875903553134
MO: 2467   0.00   0.30898899036279 | MO: 2468   0.00   0.30921002603708
MO: 2469   0.00   0.30942215499308 | MO: 2470   0.00   0.30962542084648
MO: 2471   0.00   0.30981989583800 | MO: 2472   0.00   0.31000568122346
MO: 2473   0.00   0.31018290657859 | MO: 2474   0.00   0.31035172788771
MO: 2475   0.00   0.31051232922814 | MO: 2476   0.00   0.31066491649656
MO: 2477   0.00   0.31080972162569 | MO: 2478   0.00   0.31094699722389
MO: 2479   0.00   0.31107702097702 | MO: 2480   0.00   0.31120009125469
MO: 2481   0.00   0.31131652207805 | MO: 2482   0.00   0.31142664987242
MO: 2483   0.00   0.31153083282317 | MO: 2484   0.00   0.31162944772875
MO: 2485   0.00   0.31172289503733 | MO: 2486   0.00   0.31179800846453
MO: 2487   0.00   0.31181160509677 | MO: 2488   0.00   0.31189604607232
MO: 2489   0.00   0.31197673167800 | MO: 2490   0.00   0.31205424868923
MO: 2491   0.00   0.31212927683262 | MO: 2492   0.00   0.31220264258951
MO: 2493   0.00   0.31227537301222 | MO: 2494   0.00   0.31234881215923
MO: 2495   0.00   0.31242476509952 | MO: 2496   0.00   0.31250574237102
MO: 2497   0.00   0.31259531140698 | MO: 2498   0.00   0.31269868687060
MO: 2499   0.00   0.31282375334041 | MO: 2500   0.00   0.31298294541529
MO: 2501   0.00   0.31319705250727 | MO: 2502   0.00   0.31350331570756
MO: 2503   0.00   0.31397424006493 | MO: 2504   0.00   0.31476460082534
MO: 2505   0.00   0.31623535752213 | MO: 2506   0.00   0.31927666492520
MO: 2507   0.00   0.32587790618158 | MO: 2508   0.00   0.33586029719267
MO: 2509   0.00   0.33946116410911 | MO: 2510   0.00   0.34543632032124
MO: 2511   0.00   0.34960417278797 | MO: 2512   0.00   0.35168660073506
MO: 2513   0.00   0.35291230428517 | MO: 2514   0.00   0.35366411499217
MO: 2515   0.00   0.35416308982972 | MO: 2516   0.00   0.35450829515581
MO: 2517   0.00   0.35475981933115 | MO: 2518   0.00   0.35494918480680
MO: 2519   0.00   0.35509762096437 | MO: 2520   0.00   0.35521744312039
MO: 2521   0.00   0.35531778363152 | MO: 2522   0.00   0.35540425344614
MO: 2523   0.00   0.35548133133179 | MO: 2524   0.00   0.35555180167410
MO: 2525   0.00   0.35561800607078 | MO: 2526   0.00   0.35568133189860
MO: 2527   0.00   0.35574303620006 | MO: 2528   0.00   0.35580378283686
MO: 2529   0.00   0.35586426541040 | MO: 2530   0.00   0.35592478063225
MO: 2531   0.00   0.35598573109140 | MO: 2532   0.00   0.35604723451901
MO: 2533   0.00   0.35610953266150 | MO: 2534   0.00   0.35617263196209
MO: 2535   0.00   0.35623669276703 | MO: 2536   0.00   0.35630169526013
MO: 2537   0.00   0.35636770715483 | MO: 2538   0.00   0.35643467067209
MO: 2539   0.00   0.35650267638264 | MO: 2540   0.00   0.35657158848641
MO: 2541   0.00   0.35664147485760 | MO: 2542   0.00   0.35671225738528
MO: 2543   0.00   0.35678386712968 | MO: 2544   0.00   0.35685633389479
MO: 2545   0.00   0.35692951256571 | MO: 2546   0.00   0.35700340367457
MO: 2547   0.00   0.35707795745937 | MO: 2548   0.00   0.35715300725349
MO: 2549   0.00   0.35722867248477 | MO: 2550   0.00   0.35730463407557
MO: 2551   0.00   0.35738108597685 | MO: 2552   0.00   0.35745771659856
MO: 2553   0.00   0.35753460574381 | MO: 2554   0.00   0.35761163993157
MO: 2555   0.00   0.35768863307460 | MO: 2556   0.00   0.35776575428988
MO: 2557   0.00   0.35784257067929 | MO: 2558   0.00   0.35791941359459
MO: 2559   0.00   0.35799583121685 | MO: 2560   0.00   0.35807202601594
MO: 2561   0.00   0.35814785822056 | MO: 2562   0.00   0.35822314135920
MO: 2563   0.00   0.35829820872337 | MO: 2564   0.00   0.35837255880663
MO: 2565   0.00   0.35844677084136 | MO: 2566   0.00   0.35852052977736
MO: 2567   0.00   0.35859420403691 | MO: 2568   0.00   0.35866823568428
MO: 2569   0.00   0.35874266888883 | MO: 2570   0.00   0.35881881956981
MO: 2571   0.00   0.35889686371153 | MO: 2572   0.00   0.35897856895473
MO: 2573   0.00   0.35906440751800 | MO: 2574   0.00   0.35915595110485
MO: 2575   0.00   0.35925302076671 | MO: 2576   0.00   0.35935673474185
MO: 2577   0.00   0.35946567929966 | MO: 2578   0.00   0.35957990757898
MO: 2579   0.00   0.35969887661434 | MO: 2580   0.00   0.35982086671402
MO: 2581   0.00   0.35994506005115 | MO: 2582   0.00   0.36007111591474
MO: 2583   0.00   0.36019825151841 | MO: 2584   0.00   0.36032541748742
MO: 2585   0.00   0.36045173796511 | MO: 2586   0.00   0.36057663923607
MO: 2587   0.00   0.36067389200821 | MO: 2588   0.00   0.36069975020644
MO: 2589   0.00   0.36082078026691 | MO: 2590   0.00   0.36093946853170
MO: 2591   0.00   0.36105560694877 | MO: 2592   0.00   0.36116910703770
MO: 2593   0.00   0.36128007412592 | MO: 2594   0.00   0.36138893499512
MO: 2595   0.00   0.36149661628658 | MO: 2596   0.00   0.36160487706688
MO: 2597   0.00   0.36171692157358 | MO: 2598   0.00   0.36183847200242
MO: 2599   0.00   0.36197953880494 | MO: 2600   0.00   0.36215718382539
MO: 2601   0.00   0.36240016242621 | MO: 2602   0.00   0.36275808868915
MO: 2603   0.00   0.36332153150080 | MO: 2604   0.00   0.36426392814095
MO: 2605   0.00   0.36589214083898 | MO: 2606   0.00   0.36834269175703
MO: 2607   0.00   0.36876707767374 | MO: 2608   0.00   0.37181581746185
MO: 2609   0.00   0.37352430488512 | MO: 2610   0.00   0.37442335317962
MO: 2611   0.00   0.37490518764837 | MO: 2612   0.00   0.37493367861931
MO: 2613   0.00   0.37524905182761 | MO: 2614   0.00   0.37546321036369
MO: 2615   0.00   0.37562449544320 | MO: 2616   0.00   0.37575905153837
MO: 2617   0.00   0.37588112549417 | MO: 2618   0.00   0.37599828511775
MO: 2619   0.00   0.37611448134016 | MO: 2620   0.00   0.37623172705390
MO: 2621   0.00   0.37635100843676 | MO: 2622   0.00   0.37647275608438
MO: 2623   0.00   0.37659707203755 | MO: 2624   0.00   0.37672388255368
MO: 2625   0.00   0.37685300201765 | MO: 2626   0.00   0.37698418235656
MO: 2627   0.00   0.37711714709161 | MO: 2628   0.00   0.37725160570836
MO: 2629   0.00   0.37738726735470 | MO: 2630   0.00   0.37752384916854
MO: 2631   0.00   0.37766108500732 | MO: 2632   0.00   0.37779872254736
MO: 2633   0.00   0.37793653407838 | MO: 2634   0.00   0.37807431137971
MO: 2635   0.00   0.37821186798866 | MO: 2636   0.00   0.37834904155441
MO: 2637   0.00   0.37848569169287 | MO: 2638   0.00   0.37862169510181
MO: 2639   0.00   0.37875695321607 | MO: 2640   0.00   0.37889138288923
MO: 2641   0.00   0.37902491816694 | MO: 2642   0.00   0.37915750913178
MO: 2643   0.00   0.37928907322409 | MO: 2644   0.00   0.37935668323527
MO: 2645   0.00   0.37941993197767 | MO: 2646   0.00   0.37954951010022
MO: 2647   0.00   0.37967816514281 | MO: 2648   0.00   0.37980586260656
MO: 2649   0.00   0.37993262769239 | MO: 2650   0.00   0.38005849002618
MO: 2651   0.00   0.38018348677429 | MO: 2652   0.00   0.38030765956251
MO: 2653   0.00   0.38043105938612 | MO: 2654   0.00   0.38055374068968
MO: 2655   0.00   0.38067574855952 | MO: 2656   0.00   0.38079713277313
MO: 2657   0.00   0.38091795247388 | MO: 2658   0.00   0.38103824429774
MO: 2659   0.00   0.38115805522827 | MO: 2660   0.00   0.38127744005106
MO: 2661   0.00   0.38139640890518 | MO: 2662   0.00   0.38151499126643
MO: 2663   0.00   0.38163322448144 | MO: 2664   0.00   0.38175112777397
MO: 2665   0.00   0.38186869900655 | MO: 2666   0.00   0.38198591696229
MO: 2667   0.00   0.38210276538072 | MO: 2668   0.00   0.38221921691912
MO: 2669   0.00   0.38233523726000 | MO: 2670   0.00   0.38245077553240
MO: 2671   0.00   0.38256576474955 | MO: 2672   0.00   0.38268010001546
MO: 2673   0.00   0.38279362834287 | MO: 2674   0.00   0.38290606709374
MO: 2675   0.00   0.38301671895710 | MO: 2676   0.00   0.38312259047138
MO: 2677   0.00   0.38320360688418 | MO: 2678   0.00   0.38326490726642
MO: 2679   0.00   0.38336157681576 | MO: 2680   0.00   0.38346676694124
MO: 2681   0.00   0.38357242097506 | MO: 2682   0.00   0.38367719049318
MO: 2683   0.00   0.38378063271543 | MO: 2684   0.00   0.38388251447649
MO: 2685   0.00   0.38398268578888 | MO: 2686   0.00   0.38408104224535
MO: 2687   0.00   0.38417752606472 | MO: 2688   0.00   0.38427212504217
MO: 2689   0.00   0.38436489946321 | MO: 2690   0.00   0.38445600467450
MO: 2691   0.00   0.38454573766067 | MO: 2692   0.00   0.38463462376136
MO: 2693   0.00   0.38472352912561 | MO: 2694   0.00   0.38481387361329
MO: 2695   0.00   0.38490799512673 | MO: 2696   0.00   0.38500969631291
MO: 2697   0.00   0.38512514172883 | MO: 2698   0.00   0.38526425519274
MO: 2699   0.00   0.38544306894333 | MO: 2700   0.00   0.38568822818562
MO: 2701   0.00   0.38573680412969 | MO: 2702   0.00   0.38604618587822
MO: 2703   0.00   0.38660284357120 | MO: 2704   0.00   0.38752555435958
MO: 2705   0.00   0.38914542069054 | MO: 2706   0.00   0.38975489007865
MO: 2707   0.00   0.39064826908822 | MO: 2708   0.00   0.39170965979642
MO: 2709   0.00   0.39228103423360 | MO: 2710   0.00   0.39269184692498
MO: 2711   0.00   0.39323100767130 | MO: 2712   0.00   0.39355773117458
MO: 2713   0.00   0.39377645004571 | MO: 2714   0.00   0.39393843359787
MO: 2715   0.00   0.39407081743474 | MO: 2716   0.00   0.39418857802475
MO: 2717   0.00   0.39430004601540 | MO: 2718   0.00   0.39440985657664
MO: 2719   0.00   0.39452061166275 | MO: 2720   0.00   0.39463378780639
MO: 2721   0.00   0.39475023321234 | MO: 2722   0.00   0.39487042129192
MO: 2723   0.00   0.39499460286987 | MO: 2724   0.00   0.39512287480344
MO: 2725   0.00   0.39525524496218 | MO: 2726   0.00   0.39539165210269
MO: 2727   0.00   0.39553198476309 | MO: 2728   0.00   0.39567610471718
MO: 2729   0.00   0.39582384752691 | MO: 2730   0.00   0.39597503174040
MO: 2731   0.00   0.39612946617864 | MO: 2732   0.00   0.39628695218145
MO: 2733   0.00   0.39644729063242 | MO: 2734   0.00   0.39661027477325
MO: 2735   0.00   0.39677570506350 | MO: 2736   0.00   0.39694338243876
MO: 2737   0.00   0.39711311315869 | MO: 2738   0.00   0.39728470878230
MO: 2739   0.00   0.39745798692449 | MO: 2740   0.00   0.39763277329496
MO: 2741   0.00   0.39780890232505 | MO: 2742   0.00   0.39798621185339
MO: 2743   0.00   0.39816454767620 | MO: 2744   0.00   0.39834375739265
MO: 2745   0.00   0.39852366719320 | MO: 2746   0.00   0.39870329124873
MO: 2747   0.00   0.39873427499877 | MO: 2748   0.00   0.39888573213125
MO: 2749   0.00   0.39906705603388 | MO: 2750   0.00   0.39924871886711
MO: 2751   0.00   0.39943055580191 | MO: 2752   0.00   0.39961247829236
MO: 2753   0.00   0.39979439850998 | MO: 2754   0.00   0.39997622910010
MO: 2755   0.00   0.40015788712037 | MO: 2756   0.00   0.40033931124222
MO: 2757   0.00   0.40052042451544 | MO: 2758   0.00   0.40070115270126
MO: 2759   0.00   0.40088153466033 | MO: 2760   0.00   0.40106140949671
MO: 2761   0.00   0.40124065401591 | MO: 2762   0.00   0.40141927531426
MO: 2763   0.00   0.40159731047237 | MO: 2764   0.00   0.40177473293905
MO: 2765   0.00   0.40195145814252 | MO: 2766   0.00   0.40212737851756
MO: 2767   0.00   0.40230238535001 | MO: 2768   0.00   0.40247638608520
MO: 2769   0.00   0.40264929992382 | MO: 2770   0.00   0.40282105089922
MO: 2771   0.00   0.40299157301962 | MO: 2772   0.00   0.40316079002753
MO: 2773   0.00   0.40332861860899 | MO: 2774   0.00   0.40349496366383
MO: 2775   0.00   0.40365971445785 | MO: 2776   0.00   0.40382274843974
MO: 2777   0.00   0.40398392503345 | MO: 2778   0.00   0.40414309344090
MO: 2779   0.00   0.40430008899568 | MO: 2780   0.00   0.40445473871659
MO: 2781   0.00   0.40460685872773 | MO: 2782   0.00   0.40475626196308
MO: 2783   0.00   0.40490275487176 | MO: 2784   0.00   0.40504614626756
MO: 2785   0.00   0.40518625174221 | MO: 2786   0.00   0.40532289777067
MO: 2787   0.00   0.40545593441040 | MO: 2788   0.00   0.40558524281845
MO: 2789   0.00   0.40571076059733 | MO: 2790   0.00   0.40583250503575
MO: 2791   0.00   0.40595062562963 | MO: 2792   0.00   0.40606546698904
MO: 2793   0.00   0.40617770009999 | MO: 2794   0.00   0.40628853222389
MO: 2795   0.00   0.40640005412977 | MO: 2796   0.00   0.40651568728954
MO: 2797   0.00   0.40663981760306 | MO: 2798   0.00   0.40677083282873
MO: 2799   0.00   0.40690017456399 | MO: 2800   0.00   0.40708953032571
MO: 2801   0.00   0.40741019481582 | MO: 2802   0.00   0.40795396970661
MO: 2803   0.00   0.40826404664048 | MO: 2804   0.00   0.40893763483033
MO: 2805   0.00   0.41084188667063 | MO: 2806   0.00   0.41485143647222
MO: 2807   0.00   0.41733448237938 | MO: 2808   0.00   0.42248955397713
MO: 2809   0.00   0.42490796362102 | MO: 2810   0.00   0.42522109261740
MO: 2811   0.00   0.42676151826359 | MO: 2812   0.00   0.42769844790675
MO: 2813   0.00   0.42829752144122 | MO: 2814   0.00   0.42869423418307
MO: 2815   0.00   0.42896871638021 | MO: 2816   0.00   0.42916864890303
MO: 2817   0.00   0.42932335568377 | MO: 2818   0.00   0.42945151425316
MO: 2819   0.00   0.42956492951365 | MO: 2820   0.00   0.42967072811356
MO: 2821   0.00   0.42977298410660 | MO: 2822   0.00   0.42987390746400
MO: 2823   0.00   0.42997463968011 | MO: 2824   0.00   0.43007572084772
MO: 2825   0.00   0.43017733699093 | MO: 2826   0.00   0.43027940335848
MO: 2827   0.00   0.43038156916825 | MO: 2828   0.00   0.43048330201933
MO: 2829   0.00   0.43058409472896 | MO: 2830   0.00   0.43068366106345
MO: 2831   0.00   0.43078167526547 | MO: 2832   0.00   0.43087740207266
MO: 2833   0.00   0.43097017972572 | MO: 2834   0.00   0.43105996475651
MO: 2835   0.00   0.43114629121795 | MO: 2836   0.00   0.43122855958151
MO: 2837   0.00   0.43130704783276 | MO: 2838   0.00   0.43138126217948
MO: 2839   0.00   0.43145155340677 | MO: 2840   0.00   0.43151789145554
MO: 2841   0.00   0.43158076778527 | MO: 2842   0.00   0.43164035684064
MO: 2843   0.00   0.43169736444472 | MO: 2844   0.00   0.43175199169312
MO: 2845   0.00   0.43180489930947 | MO: 2846   0.00   0.43185639196206
MO: 2847   0.00   0.43190677615772 | MO: 2848   0.00   0.43195647438888
MO: 2849   0.00   0.43200555301971 | MO: 2850   0.00   0.43205425701837
MO: 2851   0.00   0.43210275162767 | MO: 2852   0.00   0.43215100429323
MO: 2853   0.00   0.43219919361775 | MO: 2854   0.00   0.43224731444472
MO: 2855   0.00   0.43229533565932 | MO: 2856   0.00   0.43234337200014
MO: 2857   0.00   0.43239132641964 | MO: 2858   0.00   0.43243922130358
MO: 2859   0.00   0.43248707875210 | MO: 2860   0.00   0.43253480052467
MO: 2861   0.00   0.43258244036035 | MO: 2862   0.00   0.43262993930645
MO: 2863   0.00   0.43267725560457 | MO: 2864   0.00   0.43272441765424
MO: 2865   0.00   0.43277134750726 | MO: 2866   0.00   0.43281804985790
MO: 2867   0.00   0.43286451264745 | MO: 2868   0.00   0.43291068159801
MO: 2869   0.00   0.43295659181613 | MO: 2870   0.00   0.43300218574919
MO: 2871   0.00   0.43304749099497 | MO: 2872   0.00   0.43309248655761
MO: 2873   0.00   0.43313719215488 | MO: 2874   0.00   0.43318161221704
MO: 2875   0.00   0.43322579086738 | MO: 2876   0.00   0.43326973223960
MO: 2877   0.00   0.43331353884741 | MO: 2878   0.00   0.43335722470421
MO: 2879   0.00   0.43340095074587 | MO: 2880   0.00   0.43344477155520
MO: 2881   0.00   0.43348893757544 | MO: 2882   0.00   0.43353356620257
MO: 2883   0.00   0.43357903740206 | MO: 2884   0.00   0.43362560745562
MO: 2885   0.00   0.43367383238917 | MO: 2886   0.00   0.43372419138608
MO: 2887   0.00   0.43377760318598 | MO: 2888   0.00   0.43383479756054
MO: 2889   0.00   0.43389731613995 | MO: 2890   0.00   0.43396647600768
MO: 2891   0.00   0.43404455075427 | MO: 2892   0.00   0.43413401467694
MO: 2893   0.00   0.43423905965067 | MO: 2894   0.00   0.43436326480460
MO: 2895   0.00   0.43451541613580 | MO: 2896   0.00   0.43470321946162
MO: 2897   0.00   0.43494207082575 | MO: 2898   0.00   0.43525366238261
MO: 2899   0.00   0.43567592736540 | MO: 2900   0.00   0.43625172781314
MO: 2901   0.00   0.43713378552626 | MO: 2902   0.00   0.43835731522106
MO: 2903   0.00   0.43896718836645 | MO: 2904   0.00   0.44071500197403
MO: 2905   0.00   0.44445615489064 | MO: 2906   0.00   0.45276461079229
MO: 2907   0.00   0.46467932514117 | MO: 2908   0.00   0.49203613621047
MO: 2909   0.00   0.57778990738221 | MO: 2910   0.00   0.62188897477433
MO: 2911   0.00   0.62960120408073 | MO: 2912   0.00   0.63316908744017
MO: 2913   0.00   0.63511106671064 | MO: 2914   0.00   0.63627198474712
MO: 2915   0.00   0.63701691254878 | MO: 2916   0.00   0.63752269090435
MO: 2917   0.00   0.63788145406031 | MO: 2918   0.00   0.63814544214240
MO: 2919   0.00   0.63834617960015 | MO: 2920   0.00   0.63850357006051
MO: 2921   0.00   0.63863070238732 | MO: 2922   0.00   0.63873652585572
MO: 2923   0.00   0.63882729433257 | MO: 2924   0.00   0.63890750040591
MO: 2925   0.00   0.63898038988983 | MO: 2926   0.00   0.63904829998855
MO: 2927   0.00   0.63911290922698 | MO: 2928   0.00   0.63917540897993
MO: 2929   0.00   0.63923664342475 | MO: 2930   0.00   0.63929720378936
MO: 2931   0.00   0.63935749433327 | MO: 2932   0.00   0.63941779447962
MO: 2933   0.00   0.63947829281049 | MO: 2934   0.00   0.63953910423648
MO: 2935   0.00   0.63960030048179 | MO: 2936   0.00   0.63966191114628
MO: 2937   0.00   0.63972393093056 | MO: 2938   0.00   0.63978634214425
MO: 2939   0.00   0.63984909936980 | MO: 2940   0.00   0.63991215416543
MO: 2941   0.00   0.63997544111645 | MO: 2942   0.00   0.64003889711045
MO: 2943   0.00   0.64010244935612 | MO: 2944   0.00   0.64016602442006
MO: 2945   0.00   0.64022953893631 | MO: 2946   0.00   0.64029290466605
MO: 2947   0.00   0.64035603775507 | MO: 2948   0.00   0.64041886279268
MO: 2949   0.00   0.64048130260846 | MO: 2950   0.00   0.64054327001962
MO: 2951   0.00   0.64060468473967 | MO: 2952   0.00   0.64066547764618
MO: 2953   0.00   0.64072558556682 | MO: 2954   0.00   0.64078492819010
MO: 2955   0.00   0.64084344615270 | MO: 2956   0.00   0.64090109089180
MO: 2957   0.00   0.64095779851195 | MO: 2958   0.00   0.64101353366863
MO: 2959   0.00   0.64106824208411 | MO: 2960   0.00   0.64112190106814
MO: 2961   0.00   0.64117446636420 | MO: 2962   0.00   0.64122592965253
MO: 2963   0.00   0.64127626752141 | MO: 2964   0.00   0.64132547050173
MO: 2965   0.00   0.64137354066492 | MO: 2966   0.00   0.64142047978850
MO: 2967   0.00   0.64146629446164 | MO: 2968   0.00   0.64151101159159
MO: 2969   0.00   0.64155465934449 | MO: 2970   0.00   0.64159726792652
MO: 2971   0.00   0.64163888589060 | MO: 2972   0.00   0.64167956718562
MO: 2973   0.00   0.64171937443704 | MO: 2974   0.00   0.64175837917611
MO: 2975   0.00   0.64179667105902 | MO: 2976   0.00   0.64183434945428
MO: 2977   0.00   0.64187152413669 | MO: 2978   0.00   0.64190832799554
MO: 2979   0.00   0.64194490983634 | MO: 2980   0.00   0.64198144437549
MO: 2981   0.00   0.64201813216459 | MO: 2982   0.00   0.64205520110073
MO: 2983   0.00   0.64209292631480 | MO: 2984   0.00   0.64213161366956
MO: 2985   0.00   0.64217164268900 | MO: 2986   0.00   0.64221344422724
MO: 2987   0.00   0.64225754877133 | MO: 2988   0.00   0.64230459574334
MO: 2989   0.00   0.64235533757571 | MO: 2990   0.00   0.64241072866369
MO: 2991   0.00   0.64247193216249 | MO: 2992   0.00   0.64254043346729
MO: 2993   0.00   0.64261813034873 | MO: 2994   0.00   0.64270749045336
MO: 2995   0.00   0.64281178742667 | MO: 2996   0.00   0.64293546573286
MO: 2997   0.00   0.64308473463561 | MO: 2998   0.00   0.64326847082750
MO: 2999   0.00   0.64349975238358 | MO: 3000   0.00   0.64379835403821
MO: 3001   0.00   0.64419544237164 | MO: 3002   0.00   0.64474339516081
MO: 3003   0.00   0.64553532643332 | MO: 3004   0.00   0.64673957190057
MO: 3005   0.00   0.64869584378768 | MO: 3006   0.00   0.65220192684733
MO: 3007   0.00   0.65913349494882 | MO: 3008   0.00   0.67702511973871
----------------------------------------------------------------------- 
                                                                                
-------------------------------------------------------------------------------- 
                                                 total elapsed time:   120.36 s
                                                                                
                    :::::::::::::::::::::::::::::::::::::::                     
                    ::    Thank you for using DIALECT    ::                     
                    :::::::::::::::::::::::::::::::::::::::                     
                                                                                
