                               -----------------                                
                                    DIALECT                                     
                               -----------------                                
                                 version: 1.1.0                                 
                                                                                
            :::::::::::::::::::::::::::::::::::::::::::::::::::::::             
            ::                   Roland Mitric                   ::             
            ::  Institute of Physical and Theoretical Chemistry  ::             
            ::              University of Wuerzburg              ::             
        ::::::...................................................::::::         
        :: Contributors:                                             ::         
        :: --------                                                  ::         
        :: Richard Einsele       <richard.einsele@uni-wuerzburg.de>  ::         
        :: Joscha Hoche             <joscha.hoche@uni-wuerzburg.de>  ::         
        :: Xincheng Miao           <xincheng.miao@uni-wuerzburg.de>  ::         
        :: Luca Nils Philipp   <luca_nils.philipp@uni-wuerzburg.de>  ::         
        :::::::::::::::::::::::::::::::::::::::::::::::::::::::::::::::         
                                                                                
                                                                                
                                  SCC-Routine                                   
--------------------------------------------------------------------------------
max. iterations:          500
electronic temperature:   300 K
repulsive energy:         37.64506944127519 Hartree
                                                                                
SCC Iterations: all quantities are in atomic units 
-------------------------------------------------------------- 
Iter.         SCC Energy       Energy diff.           dq diff.
-------------------------------------------------------------- 
    1    -4.1938103670e3    0.0000000000000    8.8686080500e-1
    2    -4.1624446945e3    -3.1365672536e1    5.7614456993e-1
    3    -4.1394768190e3    -2.2967875461e1    8.7642601016e-1
    4    -4.1954550726e3     5.5978253508e1    1.8101288685e-1
    5    -4.2185519155e3     2.3096842963e1    7.3914963529e-2
    6    -4.2203502456e3     1.7983300601e0    5.2004790211e-2
    7    -4.2212026520e3    8.5240645722e-1    3.5158002203e-2
    8    -4.2217159406e3    5.1328860236e-1    1.4927964988e-2
    9    -4.2218702754e3    1.5433478725e-1    2.2523102023e-3
   10    -4.2218734622e3    3.1867586204e-3    4.6833564591e-4
   11    -4.2218735149e3    5.2722184591e-5    2.4739806660e-4
   12    -4.2218735282e3    1.3320213839e-5    1.6667950750e-4
   13    -4.2218735508e3    2.2572929993e-5    3.4971476576e-5
   14    -4.2218735511e3    3.1781200960e-7    2.0269280452e-5
   15    -4.2218735513e3    1.6038120521e-7    7.6011244135e-6
   16    -4.2218735513e3    2.0193510863e-8    3.0605318166e-6
   17    -4.2218735513e3    4.0126906242e-9    1.7627921837e-6
   18    -4.2218735513e3    2.2382664611e-9    4.5249355409e-7
   19    -4.2218735513e3   3.2741809264e-11    2.2695757103e-7
   20    -4.2218735513e3   4.5474735089e-11    1.1764986456e-7
   21    -4.2218735513e3   3.0922819860e-11    4.5405763873e-8
-------------------------------------------------------------- 
                        SCC converged                         
                                                                                 
electronic energy: -4259.51862074689870 Hartree
halogen bond correction:   0.00000000000000 Hartree
repulsive energy:  37.64506944127519 Hartree
dispersion energy:  -2.41997795689910 Hartree
Total energy: -4224.29352926252250 Hartree
-------------------------------------------------------------------------------- 
                                                       elapsed time:  1679.22 s
                                                                                 
  Orb.    Occ.      Energy/Hartree |   Orb.    Occ.      Energy/Hartree
----------------------------------------------------------------------- 
MO:    1   2.00  -0.91539286100613 | MO:    2   2.00  -0.91410055241146
MO:    3   2.00  -0.91368459980480 | MO:    4   2.00  -0.91311132648196
MO:    5   2.00  -0.91302324227882 | MO:    6   2.00  -0.91220911410300
MO:    7   2.00  -0.91205466711793 | MO:    8   2.00  -0.91107314985798
MO:    9   2.00  -0.91051138407902 | MO:   10   2.00  -0.91009931324736
MO:   11   2.00  -0.91003817888259 | MO:   12   2.00  -0.90989194565644
MO:   13   2.00  -0.90972887572877 | MO:   14   2.00  -0.90955908017524
MO:   15   2.00  -0.90913969292931 | MO:   16   2.00  -0.90899437565253
MO:   17   2.00  -0.90868483024191 | MO:   18   2.00  -0.90831626403018
MO:   19   2.00  -0.90810182750786 | MO:   20   2.00  -0.90723771545695
MO:   21   2.00  -0.90687599517095 | MO:   22   2.00  -0.90659913748752
MO:   23   2.00  -0.90644532377028 | MO:   24   2.00  -0.90630347787995
MO:   25   2.00  -0.90627713000222 | MO:   26   2.00  -0.90622971770203
MO:   27   2.00  -0.90616636486136 | MO:   28   2.00  -0.90596892751433
MO:   29   2.00  -0.90532664357194 | MO:   30   2.00  -0.90496716827807
MO:   31   2.00  -0.90480279183926 | MO:   32   2.00  -0.90477323717197
MO:   33   2.00  -0.90474913547522 | MO:   34   2.00  -0.90471634622716
MO:   35   2.00  -0.90438588347799 | MO:   36   2.00  -0.90370375569668
MO:   37   2.00  -0.90349283844813 | MO:   38   2.00  -0.90310813949302
MO:   39   2.00  -0.90293667403203 | MO:   40   2.00  -0.90280342015233
MO:   41   2.00  -0.90253028806952 | MO:   42   2.00  -0.90180078869618
MO:   43   2.00  -0.90163471431358 | MO:   44   2.00  -0.90142753997168
MO:   45   2.00  -0.90124362525488 | MO:   46   2.00  -0.90094823398247
MO:   47   2.00  -0.90055149225775 | MO:   48   2.00  -0.89979934491633
MO:   49   2.00  -0.89973778979368 | MO:   50   2.00  -0.89937214072560
MO:   51   2.00  -0.89933621949116 | MO:   52   2.00  -0.89921792742079
MO:   53   2.00  -0.89841167255659 | MO:   54   2.00  -0.89825020306206
MO:   55   2.00  -0.89782835128422 | MO:   56   2.00  -0.89779668257909
MO:   57   2.00  -0.89619688135812 | MO:   58   2.00  -0.89576106934646
MO:   59   2.00  -0.89572490675545 | MO:   60   2.00  -0.89216912351742
MO:   61   2.00  -0.85518374769361 | MO:   62   2.00  -0.85421330358431
MO:   63   2.00  -0.85383873475725 | MO:   64   2.00  -0.85310711351999
MO:   65   2.00  -0.85279097347000 | MO:   66   2.00  -0.85219778855346
MO:   67   2.00  -0.85210055679581 | MO:   68   2.00  -0.85102612223384
MO:   69   2.00  -0.85044593933122 | MO:   70   2.00  -0.85040558857239
MO:   71   2.00  -0.84999298367658 | MO:   72   2.00  -0.84991132384002
MO:   73   2.00  -0.84982721882323 | MO:   74   2.00  -0.84973129844397
MO:   75   2.00  -0.84923777029884 | MO:   76   2.00  -0.84922821457870
MO:   77   2.00  -0.84889856361675 | MO:   78   2.00  -0.84851730316721
MO:   79   2.00  -0.84813318140531 | MO:   80   2.00  -0.84734586872818
MO:   81   2.00  -0.84719533487748 | MO:   82   2.00  -0.84696058302784
MO:   83   2.00  -0.84682348872509 | MO:   84   2.00  -0.84664368298250
MO:   85   2.00  -0.84657477875552 | MO:   86   2.00  -0.84640753502683
MO:   87   2.00  -0.84615575470577 | MO:   88   2.00  -0.84584108639339
MO:   89   2.00  -0.84536515599588 | MO:   90   2.00  -0.84525817657903
MO:   91   2.00  -0.84512155316066 | MO:   92   2.00  -0.84494190099353
MO:   93   2.00  -0.84491297072063 | MO:   94   2.00  -0.84489587633197
MO:   95   2.00  -0.84458058078187 | MO:   96   2.00  -0.84441910502756
MO:   97   2.00  -0.84424524153157 | MO:   98   2.00  -0.84356510313607
MO:   99   2.00  -0.84292574875938 | MO:  100   2.00  -0.84286074001808
MO:  101   2.00  -0.84281524517950 | MO:  102   2.00  -0.84214941895530
MO:  103   2.00  -0.84205196005752 | MO:  104   2.00  -0.84187830020304
MO:  105   2.00  -0.84155876912456 | MO:  106   2.00  -0.84143411068813
MO:  107   2.00  -0.84108988496485 | MO:  108   2.00  -0.84089485280941
MO:  109   2.00  -0.84032539659890 | MO:  110   2.00  -0.84020524931437
MO:  111   2.00  -0.84005743524710 | MO:  112   2.00  -0.83985763508233
MO:  113   2.00  -0.83972072353269 | MO:  114   2.00  -0.83961038317644
MO:  115   2.00  -0.83889032310619 | MO:  116   2.00  -0.83857490588861
MO:  117   2.00  -0.83826362130543 | MO:  118   2.00  -0.83752776518211
MO:  119   2.00  -0.83727786112767 | MO:  120   2.00  -0.83671601780932
MO:  121   2.00  -0.83669430126066 | MO:  122   2.00  -0.83657587064619
MO:  123   2.00  -0.83610316312098 | MO:  124   2.00  -0.83604300665252
MO:  125   2.00  -0.83430114165877 | MO:  126   2.00  -0.83378828739542
MO:  127   2.00  -0.83356315068251 | MO:  128   2.00  -0.83339718317563
MO:  129   2.00  -0.83310863650099 | MO:  130   2.00  -0.83289240571208
MO:  131   2.00  -0.83286628784678 | MO:  132   2.00  -0.83284911954062
MO:  133   2.00  -0.83261033951426 | MO:  134   2.00  -0.83239918912826
MO:  135   2.00  -0.83238083091203 | MO:  136   2.00  -0.83102108916782
MO:  137   2.00  -0.83094722741356 | MO:  138   2.00  -0.83068011288454
MO:  139   2.00  -0.83064994821933 | MO:  140   2.00  -0.83060476867794
MO:  141   2.00  -0.83051840490563 | MO:  142   2.00  -0.83047611943276
MO:  143   2.00  -0.83040689277648 | MO:  144   2.00  -0.83038422763741
MO:  145   2.00  -0.82928479621913 | MO:  146   2.00  -0.82899992167086
MO:  147   2.00  -0.82834177878391 | MO:  148   2.00  -0.82811522262934
MO:  149   2.00  -0.82790208537518 | MO:  150   2.00  -0.82789249085778
MO:  151   2.00  -0.82787111459967 | MO:  152   2.00  -0.82783630592333
MO:  153   2.00  -0.82759487326660 | MO:  154   2.00  -0.82754465633329
MO:  155   2.00  -0.82745062978618 | MO:  156   2.00  -0.82717816510351
MO:  157   2.00  -0.82678631518113 | MO:  158   2.00  -0.82677050084559
MO:  159   2.00  -0.82640358599886 | MO:  160   2.00  -0.82605301733924
MO:  161   2.00  -0.82561568420799 | MO:  162   2.00  -0.82508007171092
MO:  163   2.00  -0.82495369633782 | MO:  164   2.00  -0.82486529408904
MO:  165   2.00  -0.82466443847311 | MO:  166   2.00  -0.82455959507140
MO:  167   2.00  -0.82453352928176 | MO:  168   2.00  -0.82376722490106
MO:  169   2.00  -0.82365477338609 | MO:  170   2.00  -0.82361643733655
MO:  171   2.00  -0.82360536235475 | MO:  172   2.00  -0.82289381511335
MO:  173   2.00  -0.82269811668449 | MO:  174   2.00  -0.82262791641655
MO:  175   2.00  -0.82246202266432 | MO:  176   2.00  -0.82207910400233
MO:  177   2.00  -0.82202028033273 | MO:  178   2.00  -0.82074115910769
MO:  179   2.00  -0.81959112676724 | MO:  180   2.00  -0.81907022078648
MO:  181   2.00  -0.81836066632188 | MO:  182   2.00  -0.81607143938155
MO:  183   2.00  -0.81447904815513 | MO:  184   2.00  -0.81333265984016
MO:  185   2.00  -0.81245966866222 | MO:  186   2.00  -0.81215708089756
MO:  187   2.00  -0.81192199357257 | MO:  188   2.00  -0.81167244409264
MO:  189   2.00  -0.81156587760376 | MO:  190   2.00  -0.81031496904807
MO:  191   2.00  -0.81029498578891 | MO:  192   2.00  -0.80923851939717
MO:  193   2.00  -0.80905313784870 | MO:  194   2.00  -0.80902630799190
MO:  195   2.00  -0.80892757373708 | MO:  196   2.00  -0.80885829833195
MO:  197   2.00  -0.80867967580327 | MO:  198   2.00  -0.80859487478130
MO:  199   2.00  -0.80812487720316 | MO:  200   2.00  -0.80735894719922
MO:  201   2.00  -0.80726579286206 | MO:  202   2.00  -0.80666885212892
MO:  203   2.00  -0.80581356195165 | MO:  204   2.00  -0.80558433062609
MO:  205   2.00  -0.80513221896607 | MO:  206   2.00  -0.80460387170669
MO:  207   2.00  -0.80456247714885 | MO:  208   2.00  -0.80434559751636
MO:  209   2.00  -0.80431616648064 | MO:  210   2.00  -0.80402217260383
MO:  211   2.00  -0.80397036183784 | MO:  212   2.00  -0.80396356445802
MO:  213   2.00  -0.80375770263827 | MO:  214   2.00  -0.80365331713057
MO:  215   2.00  -0.80352596351950 | MO:  216   2.00  -0.80345490532496
MO:  217   2.00  -0.80318444734483 | MO:  218   2.00  -0.80306968750032
MO:  219   2.00  -0.80295753889611 | MO:  220   2.00  -0.80292739153468
MO:  221   2.00  -0.80291012660788 | MO:  222   2.00  -0.80291006967054
MO:  223   2.00  -0.80269239988333 | MO:  224   2.00  -0.80259105664280
MO:  225   2.00  -0.80249147003305 | MO:  226   2.00  -0.80226570090839
MO:  227   2.00  -0.80208218388926 | MO:  228   2.00  -0.80204292276423
MO:  229   2.00  -0.80200664230290 | MO:  230   2.00  -0.80150597909344
MO:  231   2.00  -0.80138053228991 | MO:  232   2.00  -0.80114086947285
MO:  233   2.00  -0.80106790487122 | MO:  234   2.00  -0.80106782753327
MO:  235   2.00  -0.80102711223915 | MO:  236   2.00  -0.80097848040146
MO:  237   2.00  -0.80094870385683 | MO:  238   2.00  -0.80092422124697
MO:  239   2.00  -0.80091236600004 | MO:  240   2.00  -0.80072581080895
MO:  241   2.00  -0.80059146902886 | MO:  242   2.00  -0.80039655522007
MO:  243   2.00  -0.80016648874519 | MO:  244   2.00  -0.80010737241612
MO:  245   2.00  -0.80006639658695 | MO:  246   2.00  -0.80000557594030
MO:  247   2.00  -0.79999824361053 | MO:  248   2.00  -0.79991756473343
MO:  249   2.00  -0.79986492738441 | MO:  250   2.00  -0.79974142569374
MO:  251   2.00  -0.79968686863618 | MO:  252   2.00  -0.79957095056055
MO:  253   2.00  -0.79956778392382 | MO:  254   2.00  -0.79938118407396
MO:  255   2.00  -0.79904011563075 | MO:  256   2.00  -0.79873906445214
MO:  257   2.00  -0.79869166016506 | MO:  258   2.00  -0.79867496636509
MO:  259   2.00  -0.79866820050521 | MO:  260   2.00  -0.79858187592250
MO:  261   2.00  -0.79853332132623 | MO:  262   2.00  -0.79841777952499
MO:  263   2.00  -0.79835552175100 | MO:  264   2.00  -0.79819764188433
MO:  265   2.00  -0.79819317128588 | MO:  266   2.00  -0.79818590062113
MO:  267   2.00  -0.79810196266919 | MO:  268   2.00  -0.79808145229746
MO:  269   2.00  -0.79804664483206 | MO:  270   2.00  -0.79746865981558
MO:  271   2.00  -0.79720580992581 | MO:  272   2.00  -0.79720410148522
MO:  273   2.00  -0.79713872735170 | MO:  274   2.00  -0.79707479944901
MO:  275   2.00  -0.79705576347628 | MO:  276   2.00  -0.79705503522869
MO:  277   2.00  -0.79674909982866 | MO:  278   2.00  -0.79669339023030
MO:  279   2.00  -0.79661808016528 | MO:  280   2.00  -0.79645958321179
MO:  281   2.00  -0.79643119704835 | MO:  282   2.00  -0.79603025383466
MO:  283   2.00  -0.79602183976324 | MO:  284   2.00  -0.79601229869439
MO:  285   2.00  -0.79557524464360 | MO:  286   2.00  -0.79555147887511
MO:  287   2.00  -0.79538967804489 | MO:  288   2.00  -0.79522791578937
MO:  289   2.00  -0.79520907131883 | MO:  290   2.00  -0.79497627217585
MO:  291   2.00  -0.79492703699635 | MO:  292   2.00  -0.79446452670963
MO:  293   2.00  -0.79431899571357 | MO:  294   2.00  -0.79398031012206
MO:  295   2.00  -0.79369408542926 | MO:  296   2.00  -0.79366808244463
MO:  297   2.00  -0.79341169987886 | MO:  298   2.00  -0.79339509598350
MO:  299   2.00  -0.79329206173689 | MO:  300   2.00  -0.79265520060595
MO:  301   2.00  -0.79257924409854 | MO:  302   2.00  -0.79237292276833
MO:  303   2.00  -0.79234162383271 | MO:  304   2.00  -0.79227647858045
MO:  305   2.00  -0.79226452472377 | MO:  306   2.00  -0.79223356321847
MO:  307   2.00  -0.79219851312251 | MO:  308   2.00  -0.79186287335028
MO:  309   2.00  -0.79182956994676 | MO:  310   2.00  -0.79155595172558
MO:  311   2.00  -0.79154756837676 | MO:  312   2.00  -0.79150798853001
MO:  313   2.00  -0.79148285517705 | MO:  314   2.00  -0.79145139338918
MO:  315   2.00  -0.79131594889717 | MO:  316   2.00  -0.79117632939653
MO:  317   2.00  -0.79106979866137 | MO:  318   2.00  -0.79102604433831
MO:  319   2.00  -0.79100841459225 | MO:  320   2.00  -0.79091367458417
MO:  321   2.00  -0.79086415207816 | MO:  322   2.00  -0.79059881264144
MO:  323   2.00  -0.79056571778075 | MO:  324   2.00  -0.79048186099453
MO:  325   2.00  -0.79026029142455 | MO:  326   2.00  -0.79012753875517
MO:  327   2.00  -0.78963818255028 | MO:  328   2.00  -0.78954916801784
MO:  329   2.00  -0.78927174170350 | MO:  330   2.00  -0.78895542231800
MO:  331   2.00  -0.78878846774227 | MO:  332   2.00  -0.78848886758189
MO:  333   2.00  -0.78813107848929 | MO:  334   2.00  -0.78810621771833
MO:  335   2.00  -0.78806707603201 | MO:  336   2.00  -0.78792003857054
MO:  337   2.00  -0.78786379716046 | MO:  338   2.00  -0.78769161265064
MO:  339   2.00  -0.78761107154194 | MO:  340   2.00  -0.78714548063937
MO:  341   2.00  -0.78711781143604 | MO:  342   2.00  -0.78702444635915
MO:  343   2.00  -0.78681195863894 | MO:  344   2.00  -0.78663871662516
MO:  345   2.00  -0.78615520268901 | MO:  346   2.00  -0.78611654550110
MO:  347   2.00  -0.78607198772048 | MO:  348   2.00  -0.78595743710099
MO:  349   2.00  -0.78552613268180 | MO:  350   2.00  -0.78490860242954
MO:  351   2.00  -0.78485549469882 | MO:  352   2.00  -0.78463583868362
MO:  353   2.00  -0.78450009177393 | MO:  354   2.00  -0.78446700788259
MO:  355   2.00  -0.78394900964298 | MO:  356   2.00  -0.78338813046477
MO:  357   2.00  -0.78333433317219 | MO:  358   2.00  -0.78257580747513
MO:  359   2.00  -0.78247011177677 | MO:  360   2.00  -0.78230855629928
MO:  361   2.00  -0.78207076351449 | MO:  362   2.00  -0.78175537342648
MO:  363   2.00  -0.78120829416662 | MO:  364   2.00  -0.77916263608886
MO:  365   2.00  -0.77772198959964 | MO:  366   2.00  -0.77757625184514
MO:  367   2.00  -0.77659205914615 | MO:  368   2.00  -0.77568778007581
MO:  369   2.00  -0.77531915145585 | MO:  370   2.00  -0.77528912559696
MO:  371   2.00  -0.77506272983571 | MO:  372   2.00  -0.77496845997884
MO:  373   2.00  -0.77481040774574 | MO:  374   2.00  -0.77454601668473
MO:  375   2.00  -0.77407445267145 | MO:  376   2.00  -0.77400929748929
MO:  377   2.00  -0.77356906557600 | MO:  378   2.00  -0.77350976966332
MO:  379   2.00  -0.77346148225069 | MO:  380   2.00  -0.77333747110753
MO:  381   2.00  -0.77295711847068 | MO:  382   2.00  -0.77277789168808
MO:  383   2.00  -0.77262063982950 | MO:  384   2.00  -0.77215795027055
MO:  385   2.00  -0.77210285560965 | MO:  386   2.00  -0.77190285692895
MO:  387   2.00  -0.77185811546212 | MO:  388   2.00  -0.77167468757868
MO:  389   2.00  -0.77147758007294 | MO:  390   2.00  -0.77103188304819
MO:  391   2.00  -0.77066626268550 | MO:  392   2.00  -0.76970121779403
MO:  393   2.00  -0.76931286882682 | MO:  394   2.00  -0.76645554627267
MO:  395   2.00  -0.76493348416332 | MO:  396   2.00  -0.76488909304323
MO:  397   2.00  -0.76454278689957 | MO:  398   2.00  -0.76453933076164
MO:  399   2.00  -0.76434983544384 | MO:  400   2.00  -0.76403839841584
MO:  401   2.00  -0.76357499914383 | MO:  402   2.00  -0.76347639257361
MO:  403   2.00  -0.76344581417016 | MO:  404   2.00  -0.76308710203584
MO:  405   2.00  -0.76278318879196 | MO:  406   2.00  -0.76270714662085
MO:  407   2.00  -0.76199132310123 | MO:  408   2.00  -0.76155071941276
MO:  409   2.00  -0.76084253670756 | MO:  410   2.00  -0.75876325857713
MO:  411   2.00  -0.75757065870851 | MO:  412   2.00  -0.75733845971993
MO:  413   2.00  -0.75732756717868 | MO:  414   2.00  -0.75688847410149
MO:  415   2.00  -0.75667544406488 | MO:  416   2.00  -0.75659662005507
MO:  417   2.00  -0.75559375741294 | MO:  418   2.00  -0.75552066341971
MO:  419   2.00  -0.75520108723295 | MO:  420   2.00  -0.75456642027496
MO:  421   2.00  -0.75399114263059 | MO:  422   2.00  -0.75353738278793
MO:  423   2.00  -0.75327874305723 | MO:  424   2.00  -0.75327170482150
MO:  425   2.00  -0.75289416336519 | MO:  426   2.00  -0.75251002549272
MO:  427   2.00  -0.75247364371347 | MO:  428   2.00  -0.75244225698779
MO:  429   2.00  -0.75221260100583 | MO:  430   2.00  -0.75212213631932
MO:  431   2.00  -0.75188211303447 | MO:  432   2.00  -0.75148196658169
MO:  433   2.00  -0.75134162696713 | MO:  434   2.00  -0.75118114468966
MO:  435   2.00  -0.75049288790570 | MO:  436   2.00  -0.75039967900906
MO:  437   2.00  -0.75036988508304 | MO:  438   2.00  -0.75010348393971
MO:  439   2.00  -0.75000890988640 | MO:  440   2.00  -0.74999559254357
MO:  441   2.00  -0.74940300119284 | MO:  442   2.00  -0.74926435987480
MO:  443   2.00  -0.74916817525453 | MO:  444   2.00  -0.74883002105144
MO:  445   2.00  -0.74822917692623 | MO:  446   2.00  -0.74807387133701
MO:  447   2.00  -0.74796549719030 | MO:  448   2.00  -0.74789249044898
MO:  449   2.00  -0.74777253260769 | MO:  450   2.00  -0.74774964431403
MO:  451   2.00  -0.74770085866819 | MO:  452   2.00  -0.74761578330684
MO:  453   2.00  -0.74723409864102 | MO:  454   2.00  -0.74693397793203
MO:  455   2.00  -0.74638207105159 | MO:  456   2.00  -0.74619588055199
MO:  457   2.00  -0.74581286162350 | MO:  458   2.00  -0.74573209918838
MO:  459   2.00  -0.74567404168309 | MO:  460   2.00  -0.74543232723476
MO:  461   2.00  -0.74511902115706 | MO:  462   2.00  -0.74504223469152
MO:  463   2.00  -0.74498856473239 | MO:  464   2.00  -0.74487400377167
MO:  465   2.00  -0.74485858293813 | MO:  466   2.00  -0.74481410638737
MO:  467   2.00  -0.74476380833746 | MO:  468   2.00  -0.74460305052602
MO:  469   2.00  -0.74454299576875 | MO:  470   2.00  -0.74444611537097
MO:  471   2.00  -0.74428088828282 | MO:  472   2.00  -0.74394715427516
MO:  473   2.00  -0.74393686741426 | MO:  474   2.00  -0.74392746678138
MO:  475   2.00  -0.74389196614696 | MO:  476   2.00  -0.74388334883536
MO:  477   2.00  -0.74386497856176 | MO:  478   2.00  -0.74371425080823
MO:  479   2.00  -0.74358780381939 | MO:  480   2.00  -0.74353024013719
MO:  481   2.00  -0.74345962472517 | MO:  482   2.00  -0.74325630587327
MO:  483   2.00  -0.74300944619660 | MO:  484   2.00  -0.74295901304913
MO:  485   2.00  -0.74276367901167 | MO:  486   2.00  -0.74272598184753
MO:  487   2.00  -0.74264952279449 | MO:  488   2.00  -0.74264150365780
MO:  489   2.00  -0.74251520238454 | MO:  490   2.00  -0.74249499471557
MO:  491   2.00  -0.74236022124845 | MO:  492   2.00  -0.74191572983004
MO:  493   2.00  -0.74188150073828 | MO:  494   2.00  -0.74187051850739
MO:  495   2.00  -0.74175120871118 | MO:  496   2.00  -0.74169212891051
MO:  497   2.00  -0.74162907245743 | MO:  498   2.00  -0.74155543817931
MO:  499   2.00  -0.74132600798557 | MO:  500   2.00  -0.74120752773176
MO:  501   2.00  -0.74099743364162 | MO:  502   2.00  -0.74093008395382
MO:  503   2.00  -0.74087151726360 | MO:  504   2.00  -0.74071723285998
MO:  505   2.00  -0.74065114482480 | MO:  506   2.00  -0.74057025797855
MO:  507   2.00  -0.74057006200103 | MO:  508   2.00  -0.74046621226400
MO:  509   2.00  -0.74026751462140 | MO:  510   2.00  -0.74015859237132
MO:  511   2.00  -0.73970573421925 | MO:  512   2.00  -0.73931269114288
MO:  513   2.00  -0.73911607113909 | MO:  514   2.00  -0.73904735527892
MO:  515   2.00  -0.73869491579711 | MO:  516   2.00  -0.73855372189551
MO:  517   2.00  -0.73847122283415 | MO:  518   2.00  -0.73776754776254
MO:  519   2.00  -0.73766800944894 | MO:  520   2.00  -0.73754980503684
MO:  521   2.00  -0.73688711036402 | MO:  522   2.00  -0.73666244104814
MO:  523   2.00  -0.73640068073885 | MO:  524   2.00  -0.73636378404176
MO:  525   2.00  -0.73581729718111 | MO:  526   2.00  -0.73578743999833
MO:  527   2.00  -0.73552987770376 | MO:  528   2.00  -0.73510128851568
MO:  529   2.00  -0.73496797882437 | MO:  530   2.00  -0.73486452035114
MO:  531   2.00  -0.73446912720876 | MO:  532   2.00  -0.73425533202060
MO:  533   2.00  -0.73383288839354 | MO:  534   2.00  -0.73374306893750
MO:  535   2.00  -0.73373112284693 | MO:  536   2.00  -0.73368742245548
MO:  537   2.00  -0.73342493333347 | MO:  538   2.00  -0.73334137896364
MO:  539   2.00  -0.73334070665972 | MO:  540   2.00  -0.73307603449082
MO:  541   2.00  -0.73302897248282 | MO:  542   2.00  -0.73286774607469
MO:  543   2.00  -0.73275936447024 | MO:  544   2.00  -0.73270512592479
MO:  545   2.00  -0.73268519360829 | MO:  546   2.00  -0.73255929383703
MO:  547   2.00  -0.73215530917370 | MO:  548   2.00  -0.73202379720349
MO:  549   2.00  -0.73179934355761 | MO:  550   2.00  -0.73173405035716
MO:  551   2.00  -0.73146506562556 | MO:  552   2.00  -0.73087339308682
MO:  553   2.00  -0.73068729166194 | MO:  554   2.00  -0.73023281809600
MO:  555   2.00  -0.73019669110317 | MO:  556   2.00  -0.72955824577752
MO:  557   2.00  -0.72923984319095 | MO:  558   2.00  -0.72903634978130
MO:  559   2.00  -0.72901208584770 | MO:  560   2.00  -0.72883954493034
MO:  561   2.00  -0.72777757911218 | MO:  562   2.00  -0.72690034809694
MO:  563   2.00  -0.72680604412357 | MO:  564   2.00  -0.72676173966818
MO:  565   2.00  -0.72672973930663 | MO:  566   2.00  -0.72666488776684
MO:  567   2.00  -0.72619396072141 | MO:  568   2.00  -0.72586127546080
MO:  569   2.00  -0.72584956956486 | MO:  570   2.00  -0.72582926477150
MO:  571   2.00  -0.72570101049392 | MO:  572   2.00  -0.72562716615415
MO:  573   2.00  -0.72530676982307 | MO:  574   2.00  -0.72488622212202
MO:  575   2.00  -0.72485796090331 | MO:  576   2.00  -0.72480128549002
MO:  577   2.00  -0.72447763284899 | MO:  578   2.00  -0.72428380977310
MO:  579   2.00  -0.72414927987145 | MO:  580   2.00  -0.72403747346781
MO:  581   2.00  -0.72396626251453 | MO:  582   2.00  -0.72370844684806
MO:  583   2.00  -0.72356531318173 | MO:  584   2.00  -0.72350487690336
MO:  585   2.00  -0.72327870210874 | MO:  586   2.00  -0.72324842806460
MO:  587   2.00  -0.72323602090854 | MO:  588   2.00  -0.72313847372880
MO:  589   2.00  -0.72313699059179 | MO:  590   2.00  -0.72288189932461
MO:  591   2.00  -0.72283489336767 | MO:  592   2.00  -0.72256679454682
MO:  593   2.00  -0.72255069977963 | MO:  594   2.00  -0.72249026393216
MO:  595   2.00  -0.72243226998356 | MO:  596   2.00  -0.72238410192733
MO:  597   2.00  -0.72237048198019 | MO:  598   2.00  -0.72233793288168
MO:  599   2.00  -0.72232300977033 | MO:  600   2.00  -0.72196945212822
MO:  601   2.00  -0.72177634163007 | MO:  602   2.00  -0.72149187351308
MO:  603   2.00  -0.72141540127526 | MO:  604   2.00  -0.72105298588615
MO:  605   2.00  -0.72088883950213 | MO:  606   2.00  -0.72083157177785
MO:  607   2.00  -0.72074505374609 | MO:  608   2.00  -0.72050410487465
MO:  609   2.00  -0.72049636025286 | MO:  610   2.00  -0.71996669152275
MO:  611   2.00  -0.71973399923544 | MO:  612   2.00  -0.71960678464191
MO:  613   2.00  -0.71954911978218 | MO:  614   2.00  -0.71954519164410
MO:  615   2.00  -0.71950941001164 | MO:  616   2.00  -0.71945047155424
MO:  617   2.00  -0.71944678265730 | MO:  618   2.00  -0.71936906386706
MO:  619   2.00  -0.71934633604567 | MO:  620   2.00  -0.71913774226264
MO:  621   2.00  -0.71908144567726 | MO:  622   2.00  -0.71892521941064
MO:  623   2.00  -0.71887983511233 | MO:  624   2.00  -0.71878634823596
MO:  625   2.00  -0.71869071120984 | MO:  626   2.00  -0.71837739764156
MO:  627   2.00  -0.71829742250960 | MO:  628   2.00  -0.71825913465030
MO:  629   2.00  -0.71810558691571 | MO:  630   2.00  -0.71806770162596
MO:  631   2.00  -0.71802135451040 | MO:  632   2.00  -0.71789809314028
MO:  633   2.00  -0.71769967762708 | MO:  634   2.00  -0.71750467196593
MO:  635   2.00  -0.71748660356815 | MO:  636   2.00  -0.71747362137439
MO:  637   2.00  -0.71736794296714 | MO:  638   2.00  -0.71734152917270
MO:  639   2.00  -0.71727857930925 | MO:  640   2.00  -0.71724979037373
MO:  641   2.00  -0.71716192344352 | MO:  642   2.00  -0.71715509413714
MO:  643   2.00  -0.71710702801845 | MO:  644   2.00  -0.71710023251921
MO:  645   2.00  -0.71697006874014 | MO:  646   2.00  -0.71693173225072
MO:  647   2.00  -0.71685741649722 | MO:  648   2.00  -0.71663396328991
MO:  649   2.00  -0.71633865651106 | MO:  650   2.00  -0.71627488263666
MO:  651   2.00  -0.71617928086659 | MO:  652   2.00  -0.71616279848157
MO:  653   2.00  -0.71598579315506 | MO:  654   2.00  -0.71592996241081
MO:  655   2.00  -0.71585489804049 | MO:  656   2.00  -0.71559759936477
MO:  657   2.00  -0.71542283800042 | MO:  658   2.00  -0.71529955898449
MO:  659   2.00  -0.71513793967240 | MO:  660   2.00  -0.71511753178235
MO:  661   2.00  -0.71500584710092 | MO:  662   2.00  -0.71490873668406
MO:  663   2.00  -0.71471486143665 | MO:  664   2.00  -0.71467038597006
MO:  665   2.00  -0.71448829273052 | MO:  666   2.00  -0.71422578722323
MO:  667   2.00  -0.71390455326631 | MO:  668   2.00  -0.71389167636412
MO:  669   2.00  -0.71387223025427 | MO:  670   2.00  -0.71379331372834
MO:  671   2.00  -0.71375592944772 | MO:  672   2.00  -0.71369699729369
MO:  673   2.00  -0.71358009321274 | MO:  674   2.00  -0.71335569469578
MO:  675   2.00  -0.71330737673763 | MO:  676   2.00  -0.71314942090272
MO:  677   2.00  -0.71313713508303 | MO:  678   2.00  -0.71295778667197
MO:  679   2.00  -0.71280928126096 | MO:  680   2.00  -0.71273953105634
MO:  681   2.00  -0.71258388246935 | MO:  682   2.00  -0.71252686957548
MO:  683   2.00  -0.71238694427142 | MO:  684   2.00  -0.71231306842624
MO:  685   2.00  -0.71201313975780 | MO:  686   2.00  -0.71189723271135
MO:  687   2.00  -0.71184503584342 | MO:  688   2.00  -0.71177200385353
MO:  689   2.00  -0.71170496151118 | MO:  690   2.00  -0.71160091038158
MO:  691   2.00  -0.71156134039097 | MO:  692   2.00  -0.71149887896223
MO:  693   2.00  -0.71142386220611 | MO:  694   2.00  -0.71124430882359
MO:  695   2.00  -0.71113478326776 | MO:  696   2.00  -0.71112439485740
MO:  697   2.00  -0.71109268162220 | MO:  698   2.00  -0.71108725051055
MO:  699   2.00  -0.71078084300239 | MO:  700   2.00  -0.71067035290127
MO:  701   2.00  -0.71059447662832 | MO:  702   2.00  -0.71054424291269
MO:  703   2.00  -0.71050748693132 | MO:  704   2.00  -0.71039252498320
MO:  705   2.00  -0.71017893686769 | MO:  706   2.00  -0.70988108192089
MO:  707   2.00  -0.70987425196323 | MO:  708   2.00  -0.70924060069082
MO:  709   2.00  -0.70911785296627 | MO:  710   2.00  -0.70902834559355
MO:  711   2.00  -0.70901270526411 | MO:  712   2.00  -0.70899443463902
MO:  713   2.00  -0.70893196883220 | MO:  714   2.00  -0.70877108943052
MO:  715   2.00  -0.70872096465878 | MO:  716   2.00  -0.70865294089931
MO:  717   2.00  -0.70846556983884 | MO:  718   2.00  -0.70844462062466
MO:  719   2.00  -0.70796471108993 | MO:  720   2.00  -0.70781571746040
MO:  721   2.00  -0.70770763720941 | MO:  722   2.00  -0.70706968430150
MO:  723   2.00  -0.70678767698943 | MO:  724   2.00  -0.70670951171986
MO:  725   2.00  -0.70670340174977 | MO:  726   2.00  -0.70663311258743
MO:  727   2.00  -0.70605598898245 | MO:  728   2.00  -0.70550781791219
MO:  729   2.00  -0.70525221103105 | MO:  730   2.00  -0.70497942646192
MO:  731   2.00  -0.70459798405855 | MO:  732   2.00  -0.70426135225452
MO:  733   2.00  -0.70400457018346 | MO:  734   2.00  -0.70395811173314
MO:  735   2.00  -0.70388768799456 | MO:  736   2.00  -0.70357747775705
MO:  737   2.00  -0.70345066133094 | MO:  738   2.00  -0.70337867786482
MO:  739   2.00  -0.70335572284538 | MO:  740   2.00  -0.70323870446250
MO:  741   2.00  -0.70288018309442 | MO:  742   2.00  -0.70275355303712
MO:  743   2.00  -0.70272374125268 | MO:  744   2.00  -0.70268406327418
MO:  745   2.00  -0.70242630982242 | MO:  746   2.00  -0.70234098128130
MO:  747   2.00  -0.70225218365038 | MO:  748   2.00  -0.70194623600774
MO:  749   2.00  -0.70164884005036 | MO:  750   2.00  -0.70139199538886
MO:  751   2.00  -0.70135362817137 | MO:  752   2.00  -0.70134641214616
MO:  753   2.00  -0.70095814917460 | MO:  754   2.00  -0.70083904197413
MO:  755   2.00  -0.70079218117727 | MO:  756   2.00  -0.70074298421979
MO:  757   2.00  -0.70072289632811 | MO:  758   2.00  -0.70070726443635
MO:  759   2.00  -0.70035587980442 | MO:  760   2.00  -0.69999136147651
MO:  761   2.00  -0.69991462155284 | MO:  762   2.00  -0.69974646316073
MO:  763   2.00  -0.69962465730642 | MO:  764   2.00  -0.69921791265831
MO:  765   2.00  -0.69911043244814 | MO:  766   2.00  -0.69871705167042
MO:  767   2.00  -0.69837023893624 | MO:  768   2.00  -0.69800213734923
MO:  769   2.00  -0.69793151905152 | MO:  770   2.00  -0.69760429622958
MO:  771   2.00  -0.69748855323892 | MO:  772   2.00  -0.69732046430782
MO:  773   2.00  -0.69722505257475 | MO:  774   2.00  -0.69720875679696
MO:  775   2.00  -0.69619352089785 | MO:  776   2.00  -0.69611088370380
MO:  777   2.00  -0.69602507024077 | MO:  778   2.00  -0.69553042781484
MO:  779   2.00  -0.69521455185792 | MO:  780   2.00  -0.69479567167023
MO:  781   2.00  -0.69439443741141 | MO:  782   2.00  -0.69414219380587
MO:  783   2.00  -0.69380752903006 | MO:  784   2.00  -0.69371603679915
MO:  785   2.00  -0.69327506971230 | MO:  786   2.00  -0.69301760252138
MO:  787   2.00  -0.69233931252081 | MO:  788   2.00  -0.69193639153954
MO:  789   2.00  -0.69180060490762 | MO:  790   2.00  -0.69142865263602
MO:  791   2.00  -0.69108213967710 | MO:  792   2.00  -0.69089240247289
MO:  793   2.00  -0.69079846534023 | MO:  794   2.00  -0.69062515352657
MO:  795   2.00  -0.69049557135589 | MO:  796   2.00  -0.69015645747847
MO:  797   2.00  -0.68948757688053 | MO:  798   2.00  -0.68945184777047
MO:  799   2.00  -0.68877264131439 | MO:  800   2.00  -0.68870795921496
MO:  801   2.00  -0.68835186953459 | MO:  802   2.00  -0.68793755234769
MO:  803   2.00  -0.68761203542343 | MO:  804   2.00  -0.68737851310762
MO:  805   2.00  -0.68688917498438 | MO:  806   2.00  -0.68687215538658
MO:  807   2.00  -0.68681535451116 | MO:  808   2.00  -0.68661280563234
MO:  809   2.00  -0.68633824033826 | MO:  810   2.00  -0.68593809457845
MO:  811   2.00  -0.68589371082364 | MO:  812   2.00  -0.68580918457064
MO:  813   2.00  -0.68579731068976 | MO:  814   2.00  -0.68563827527407
MO:  815   2.00  -0.68526561960097 | MO:  816   2.00  -0.68514617745915
MO:  817   2.00  -0.68508686181678 | MO:  818   2.00  -0.68508627012239
MO:  819   2.00  -0.68506059207454 | MO:  820   2.00  -0.68451326735317
MO:  821   2.00  -0.68430258638554 | MO:  822   2.00  -0.68424625763284
MO:  823   2.00  -0.68386220280957 | MO:  824   2.00  -0.68371851423514
MO:  825   2.00  -0.68371714641473 | MO:  826   2.00  -0.68366922777613
MO:  827   2.00  -0.68288306399879 | MO:  828   2.00  -0.68285612522722
MO:  829   2.00  -0.68275735729397 | MO:  830   2.00  -0.68258449977852
MO:  831   2.00  -0.68257786056741 | MO:  832   2.00  -0.68229930942823
MO:  833   2.00  -0.68213062917164 | MO:  834   2.00  -0.68186274152031
MO:  835   2.00  -0.68172964934372 | MO:  836   2.00  -0.68166025851382
MO:  837   2.00  -0.68139300653168 | MO:  838   2.00  -0.68127618759616
MO:  839   2.00  -0.68106879116641 | MO:  840   2.00  -0.68106352599322
MO:  841   2.00  -0.68097967352411 | MO:  842   2.00  -0.68088572013783
MO:  843   2.00  -0.68086468869542 | MO:  844   2.00  -0.68068204074293
MO:  845   2.00  -0.68049891704426 | MO:  846   2.00  -0.68048053945113
MO:  847   2.00  -0.68042641214963 | MO:  848   2.00  -0.68021367055876
MO:  849   2.00  -0.68020367994749 | MO:  850   2.00  -0.68010249366961
MO:  851   2.00  -0.67975842206707 | MO:  852   2.00  -0.67965874324877
MO:  853   2.00  -0.67963438143331 | MO:  854   2.00  -0.67958157913855
MO:  855   2.00  -0.67945175896539 | MO:  856   2.00  -0.67941656851372
MO:  857   2.00  -0.67910681919331 | MO:  858   2.00  -0.67871826037858
MO:  859   2.00  -0.67863695333363 | MO:  860   2.00  -0.67845616168301
MO:  861   2.00  -0.67827390340159 | MO:  862   2.00  -0.67825122503736
MO:  863   2.00  -0.67814318152681 | MO:  864   2.00  -0.67787302735671
MO:  865   2.00  -0.67774441255940 | MO:  866   2.00  -0.67761401943904
MO:  867   2.00  -0.67755751552337 | MO:  868   2.00  -0.67747745821945
MO:  869   2.00  -0.67737039340113 | MO:  870   2.00  -0.67715958235360
MO:  871   2.00  -0.67678031518861 | MO:  872   2.00  -0.67629365745785
MO:  873   2.00  -0.67607830261657 | MO:  874   2.00  -0.67606739766379
MO:  875   2.00  -0.67589847531143 | MO:  876   2.00  -0.67587611206552
MO:  877   2.00  -0.67534468085327 | MO:  878   2.00  -0.67533199830858
MO:  879   2.00  -0.67527127755628 | MO:  880   2.00  -0.67504074728515
MO:  881   2.00  -0.67500978965403 | MO:  882   2.00  -0.67475562408677
MO:  883   2.00  -0.67475039002551 | MO:  884   2.00  -0.67474138482368
MO:  885   2.00  -0.67470365893992 | MO:  886   2.00  -0.67461906980603
MO:  887   2.00  -0.67457653352921 | MO:  888   2.00  -0.67430779482832
MO:  889   2.00  -0.67417104103008 | MO:  890   2.00  -0.67411598109789
MO:  891   2.00  -0.67404887832332 | MO:  892   2.00  -0.67397790881591
MO:  893   2.00  -0.67383797476856 | MO:  894   2.00  -0.67356269978618
MO:  895   2.00  -0.67350278402754 | MO:  896   2.00  -0.67342956546847
MO:  897   2.00  -0.67341293842407 | MO:  898   2.00  -0.67339240658827
MO:  899   2.00  -0.67335398188511 | MO:  900   2.00  -0.67301494259150
MO:  901   2.00  -0.67274077842268 | MO:  902   2.00  -0.67261053413762
MO:  903   2.00  -0.67237020522395 | MO:  904   2.00  -0.67232337223253
MO:  905   2.00  -0.67218172478950 | MO:  906   2.00  -0.67216908362082
MO:  907   2.00  -0.67214824993045 | MO:  908   2.00  -0.67213364942281
MO:  909   2.00  -0.67193058804970 | MO:  910   2.00  -0.67190347098252
MO:  911   2.00  -0.67179037943516 | MO:  912   2.00  -0.67178281990707
MO:  913   2.00  -0.67177914716456 | MO:  914   2.00  -0.67132859896564
MO:  915   2.00  -0.67122555303513 | MO:  916   2.00  -0.67118408525910
MO:  917   2.00  -0.67075786586851 | MO:  918   2.00  -0.67071956190612
MO:  919   2.00  -0.67045310436726 | MO:  920   2.00  -0.67016295815565
MO:  921   2.00  -0.66991469811004 | MO:  922   2.00  -0.66980217569590
MO:  923   2.00  -0.66979078265047 | MO:  924   2.00  -0.66966453457016
MO:  925   2.00  -0.66951927490618 | MO:  926   2.00  -0.66942654616875
MO:  927   2.00  -0.66931204938135 | MO:  928   2.00  -0.66906501903461
MO:  929   2.00  -0.66897262825793 | MO:  930   2.00  -0.66896927107646
MO:  931   2.00  -0.66887109673055 | MO:  932   2.00  -0.66886186300892
MO:  933   2.00  -0.66866327395873 | MO:  934   2.00  -0.66851204377510
MO:  935   2.00  -0.66836633840164 | MO:  936   2.00  -0.66826467898712
MO:  937   2.00  -0.66797949539831 | MO:  938   2.00  -0.66790935821963
MO:  939   2.00  -0.66778416571297 | MO:  940   2.00  -0.66772100224074
MO:  941   2.00  -0.66761503057998 | MO:  942   2.00  -0.66741107598453
MO:  943   2.00  -0.66737993007351 | MO:  944   2.00  -0.66730378874521
MO:  945   2.00  -0.66726071303727 | MO:  946   2.00  -0.66721293641685
MO:  947   2.00  -0.66690293016911 | MO:  948   2.00  -0.66688548597963
MO:  949   2.00  -0.66688168852635 | MO:  950   2.00  -0.66682678964004
MO:  951   2.00  -0.66669515143465 | MO:  952   2.00  -0.66652697668191
MO:  953   2.00  -0.66597444789266 | MO:  954   2.00  -0.66585819193199
MO:  955   2.00  -0.66572376531828 | MO:  956   2.00  -0.66566222302702
MO:  957   2.00  -0.66564019869035 | MO:  958   2.00  -0.66492855138295
MO:  959   2.00  -0.66455604300847 | MO:  960   2.00  -0.66390602206192
MO:  961   2.00  -0.66371652525070 | MO:  962   2.00  -0.66350683774277
MO:  963   2.00  -0.66335364675524 | MO:  964   2.00  -0.66278170117937
MO:  965   2.00  -0.66259032714314 | MO:  966   2.00  -0.66233344677698
MO:  967   2.00  -0.66230977084796 | MO:  968   2.00  -0.66227258784286
MO:  969   2.00  -0.66224214907893 | MO:  970   2.00  -0.66222093406520
MO:  971   2.00  -0.66188379419169 | MO:  972   2.00  -0.66178690739345
MO:  973   2.00  -0.66172054086721 | MO:  974   2.00  -0.66159362933881
MO:  975   2.00  -0.66158100069505 | MO:  976   2.00  -0.66134773842286
MO:  977   2.00  -0.66121344568130 | MO:  978   2.00  -0.66119578942330
MO:  979   2.00  -0.66117733778249 | MO:  980   2.00  -0.66117235922270
MO:  981   2.00  -0.66103443833227 | MO:  982   2.00  -0.66071245932488
MO:  983   2.00  -0.66051934472311 | MO:  984   2.00  -0.66050918555821
MO:  985   2.00  -0.66047374559530 | MO:  986   2.00  -0.66041340272117
MO:  987   2.00  -0.66036123759510 | MO:  988   2.00  -0.66019102013576
MO:  989   2.00  -0.66013047689403 | MO:  990   2.00  -0.66006176277557
MO:  991   2.00  -0.66003637810185 | MO:  992   2.00  -0.65995495994366
MO:  993   2.00  -0.65989934732282 | MO:  994   2.00  -0.65989920413386
MO:  995   2.00  -0.65971672145037 | MO:  996   2.00  -0.65956127806566
MO:  997   2.00  -0.65947171378013 | MO:  998   2.00  -0.65938380112666
MO:  999   2.00  -0.65900287183222 | MO: 1000   2.00  -0.65896356822556
MO: 1001   2.00  -0.65895178142195 | MO: 1002   2.00  -0.65873348569006
MO: 1003   2.00  -0.65871713053354 | MO: 1004   2.00  -0.65839640777327
MO: 1005   2.00  -0.65831663966707 | MO: 1006   2.00  -0.65827793839952
MO: 1007   2.00  -0.65810178912543 | MO: 1008   2.00  -0.65808491541890
MO: 1009   2.00  -0.65796580675039 | MO: 1010   2.00  -0.65778386068603
MO: 1011   2.00  -0.65774626758945 | MO: 1012   2.00  -0.65769290915614
MO: 1013   2.00  -0.65755990871829 | MO: 1014   2.00  -0.65754597552964
MO: 1015   2.00  -0.65740324432981 | MO: 1016   2.00  -0.65735603633398
MO: 1017   2.00  -0.65735126482179 | MO: 1018   2.00  -0.65714508138384
MO: 1019   2.00  -0.65705587298746 | MO: 1020   2.00  -0.65682893683334
MO: 1021   2.00  -0.65678065240452 | MO: 1022   2.00  -0.65665289664920
MO: 1023   2.00  -0.65664991413955 | MO: 1024   2.00  -0.65652955324058
MO: 1025   2.00  -0.65650374770551 | MO: 1026   2.00  -0.65605208798313
MO: 1027   2.00  -0.65588448663504 | MO: 1028   2.00  -0.65585818714891
MO: 1029   2.00  -0.65577839597407 | MO: 1030   2.00  -0.65577075856217
MO: 1031   2.00  -0.65573819446555 | MO: 1032   2.00  -0.65564662535558
MO: 1033   2.00  -0.65560399145144 | MO: 1034   2.00  -0.65522372988278
MO: 1035   2.00  -0.65515196440290 | MO: 1036   2.00  -0.65492051641749
MO: 1037   2.00  -0.65467766477875 | MO: 1038   2.00  -0.65436789375942
MO: 1039   2.00  -0.65424098239995 | MO: 1040   2.00  -0.65418493554261
MO: 1041   2.00  -0.65407160544647 | MO: 1042   2.00  -0.65395890339479
MO: 1043   2.00  -0.65389664229207 | MO: 1044   2.00  -0.65371061526855
MO: 1045   2.00  -0.65370692254553 | MO: 1046   2.00  -0.65362276100889
MO: 1047   2.00  -0.65351405421210 | MO: 1048   2.00  -0.65346981659414
MO: 1049   2.00  -0.65338927628136 | MO: 1050   2.00  -0.65335809129030
MO: 1051   2.00  -0.65311956614723 | MO: 1052   2.00  -0.65305613833733
MO: 1053   2.00  -0.65302038833293 | MO: 1054   2.00  -0.65292794541254
MO: 1055   2.00  -0.65274794260102 | MO: 1056   2.00  -0.65256022245312
MO: 1057   2.00  -0.65246350601923 | MO: 1058   2.00  -0.65244919874277
MO: 1059   2.00  -0.65237801635636 | MO: 1060   2.00  -0.65234396953386
MO: 1061   2.00  -0.65194961919532 | MO: 1062   2.00  -0.65190034258177
MO: 1063   2.00  -0.65181979217699 | MO: 1064   2.00  -0.65180906553539
MO: 1065   2.00  -0.65165345416143 | MO: 1066   2.00  -0.65156297962822
MO: 1067   2.00  -0.65135497898049 | MO: 1068   2.00  -0.65120234833184
MO: 1069   2.00  -0.65110050593779 | MO: 1070   2.00  -0.65086297055823
MO: 1071   2.00  -0.65065400105688 | MO: 1072   2.00  -0.65049397880408
MO: 1073   2.00  -0.65042098574168 | MO: 1074   2.00  -0.65033881138799
MO: 1075   2.00  -0.65027038727552 | MO: 1076   2.00  -0.65019021672100
MO: 1077   2.00  -0.65008645285457 | MO: 1078   2.00  -0.65005457252602
MO: 1079   2.00  -0.64996006425949 | MO: 1080   2.00  -0.64989267711782
MO: 1081   2.00  -0.64941936181014 | MO: 1082   2.00  -0.64929623529081
MO: 1083   2.00  -0.64919678064420 | MO: 1084   2.00  -0.64909782766961
MO: 1085   2.00  -0.64870303707536 | MO: 1086   2.00  -0.64868970669847
MO: 1087   2.00  -0.64863769141869 | MO: 1088   2.00  -0.64853773951555
MO: 1089   2.00  -0.64849201358101 | MO: 1090   2.00  -0.64842685912398
MO: 1091   2.00  -0.64830824304366 | MO: 1092   2.00  -0.64814790929865
MO: 1093   2.00  -0.64797357792853 | MO: 1094   2.00  -0.64770199792362
MO: 1095   2.00  -0.64759632131987 | MO: 1096   2.00  -0.64753494988122
MO: 1097   2.00  -0.64741244084135 | MO: 1098   2.00  -0.64733808950252
MO: 1099   2.00  -0.64707184254121 | MO: 1100   2.00  -0.64693017032105
MO: 1101   2.00  -0.64667010446330 | MO: 1102   2.00  -0.64653517809370
MO: 1103   2.00  -0.64638285686186 | MO: 1104   2.00  -0.64637504845861
MO: 1105   2.00  -0.64622856242661 | MO: 1106   2.00  -0.64573260219753
MO: 1107   2.00  -0.64569716956243 | MO: 1108   2.00  -0.64568051551933
MO: 1109   2.00  -0.64557949246261 | MO: 1110   2.00  -0.64555590947424
MO: 1111   2.00  -0.64534967691348 | MO: 1112   2.00  -0.64500191971263
MO: 1113   2.00  -0.64489306759151 | MO: 1114   2.00  -0.64482738241755
MO: 1115   2.00  -0.64481280073185 | MO: 1116   2.00  -0.64478953084292
MO: 1117   2.00  -0.64464215710286 | MO: 1118   2.00  -0.64440394107074
MO: 1119   2.00  -0.64422371664059 | MO: 1120   2.00  -0.64400022454551
MO: 1121   2.00  -0.64373875081363 | MO: 1122   2.00  -0.64365391157558
MO: 1123   2.00  -0.64361485269928 | MO: 1124   2.00  -0.64352456183868
MO: 1125   2.00  -0.64341334257173 | MO: 1126   2.00  -0.64337900233628
MO: 1127   2.00  -0.64303776001261 | MO: 1128   2.00  -0.64299339098902
MO: 1129   2.00  -0.64272606411388 | MO: 1130   2.00  -0.64209727873849
MO: 1131   2.00  -0.64204804397514 | MO: 1132   2.00  -0.64191575609501
MO: 1133   2.00  -0.64181968272335 | MO: 1134   2.00  -0.64169418523634
MO: 1135   2.00  -0.64162141689921 | MO: 1136   2.00  -0.64138227648123
MO: 1137   2.00  -0.64135357810260 | MO: 1138   2.00  -0.64122067982997
MO: 1139   2.00  -0.64111426725207 | MO: 1140   2.00  -0.64108798342194
MO: 1141   2.00  -0.64106378345734 | MO: 1142   2.00  -0.64100727274015
MO: 1143   2.00  -0.64092546668624 | MO: 1144   2.00  -0.64082290283509
MO: 1145   2.00  -0.64076768132418 | MO: 1146   2.00  -0.64074501933977
MO: 1147   2.00  -0.64032020384539 | MO: 1148   2.00  -0.64027095310967
MO: 1149   2.00  -0.64003561016098 | MO: 1150   2.00  -0.63996547757794
MO: 1151   2.00  -0.63993648740832 | MO: 1152   2.00  -0.63985353322949
MO: 1153   2.00  -0.63983958484609 | MO: 1154   2.00  -0.63982396175966
MO: 1155   2.00  -0.63977284080798 | MO: 1156   2.00  -0.63975699983438
MO: 1157   2.00  -0.63968641107735 | MO: 1158   2.00  -0.63953817629225
MO: 1159   2.00  -0.63942819425289 | MO: 1160   2.00  -0.63941639243776
MO: 1161   2.00  -0.63903741018266 | MO: 1162   2.00  -0.63892640262151
MO: 1163   2.00  -0.63889398628190 | MO: 1164   2.00  -0.63880216868826
MO: 1165   2.00  -0.63876416816517 | MO: 1166   2.00  -0.63852134155047
MO: 1167   2.00  -0.63844047814528 | MO: 1168   2.00  -0.63827674938069
MO: 1169   2.00  -0.63814070837410 | MO: 1170   2.00  -0.63805035533011
MO: 1171   2.00  -0.63803533457226 | MO: 1172   2.00  -0.63794274351200
MO: 1173   2.00  -0.63793184622691 | MO: 1174   2.00  -0.63777370396629
MO: 1175   2.00  -0.63772252601327 | MO: 1176   2.00  -0.63749592537463
MO: 1177   2.00  -0.63733425610534 | MO: 1178   2.00  -0.63726039951170
MO: 1179   2.00  -0.63716963345568 | MO: 1180   2.00  -0.63714287683653
MO: 1181   2.00  -0.63710471420612 | MO: 1182   2.00  -0.63693109819073
MO: 1183   2.00  -0.63689159380974 | MO: 1184   2.00  -0.63674444190604
MO: 1185   2.00  -0.63664931141557 | MO: 1186   2.00  -0.63648125798676
MO: 1187   2.00  -0.63640982771239 | MO: 1188   2.00  -0.63636858276935
MO: 1189   2.00  -0.63629553079630 | MO: 1190   2.00  -0.63610409333332
MO: 1191   2.00  -0.63605908529874 | MO: 1192   2.00  -0.63602685809755
MO: 1193   2.00  -0.63600346642549 | MO: 1194   2.00  -0.63598309141422
MO: 1195   2.00  -0.63585889381106 | MO: 1196   2.00  -0.63579165215416
MO: 1197   2.00  -0.63563499872191 | MO: 1198   2.00  -0.63557648548349
MO: 1199   2.00  -0.63540083235463 | MO: 1200   2.00  -0.63537546369459
MO: 1201   2.00  -0.63532966837675 | MO: 1202   2.00  -0.63514694682186
MO: 1203   2.00  -0.63504230134445 | MO: 1204   2.00  -0.63496474401267
MO: 1205   2.00  -0.63489850048407 | MO: 1206   2.00  -0.63487523605168
MO: 1207   2.00  -0.63481594804283 | MO: 1208   2.00  -0.63467915781348
MO: 1209   2.00  -0.63448926758052 | MO: 1210   2.00  -0.63430117261837
MO: 1211   2.00  -0.63398206060554 | MO: 1212   2.00  -0.63382345333449
MO: 1213   2.00  -0.63372090089477 | MO: 1214   2.00  -0.63367397335481
MO: 1215   2.00  -0.63362691849565 | MO: 1216   2.00  -0.63349598399388
MO: 1217   2.00  -0.63347836113117 | MO: 1218   2.00  -0.63338872589819
MO: 1219   2.00  -0.63337221820879 | MO: 1220   2.00  -0.63329268931148
MO: 1221   2.00  -0.63291956385469 | MO: 1222   2.00  -0.63286642215041
MO: 1223   2.00  -0.63277802012826 | MO: 1224   2.00  -0.63269396956531
MO: 1225   2.00  -0.63265815350228 | MO: 1226   2.00  -0.63264428318543
MO: 1227   2.00  -0.63250696946302 | MO: 1228   2.00  -0.63239688816521
MO: 1229   2.00  -0.63237454342792 | MO: 1230   2.00  -0.63206693125599
MO: 1231   2.00  -0.63204417725519 | MO: 1232   2.00  -0.63199627159837
MO: 1233   2.00  -0.63186851838189 | MO: 1234   2.00  -0.63165978301951
MO: 1235   2.00  -0.63162539369094 | MO: 1236   2.00  -0.63162307137963
MO: 1237   2.00  -0.63151929316666 | MO: 1238   2.00  -0.63150190040836
MO: 1239   2.00  -0.63146330061524 | MO: 1240   2.00  -0.63109855608433
MO: 1241   2.00  -0.63102830230097 | MO: 1242   2.00  -0.63095632201911
MO: 1243   2.00  -0.63094337661304 | MO: 1244   2.00  -0.63089866783952
MO: 1245   2.00  -0.63075792911410 | MO: 1246   2.00  -0.63071931501267
MO: 1247   2.00  -0.63065593976169 | MO: 1248   2.00  -0.63061353568631
MO: 1249   2.00  -0.63058541316101 | MO: 1250   2.00  -0.63028214168966
MO: 1251   2.00  -0.63016753373016 | MO: 1252   2.00  -0.63004282733032
MO: 1253   2.00  -0.63001383169572 | MO: 1254   2.00  -0.62995737803762
MO: 1255   2.00  -0.62988295036070 | MO: 1256   2.00  -0.62975264185957
MO: 1257   2.00  -0.62969460567375 | MO: 1258   2.00  -0.62945754030175
MO: 1259   2.00  -0.62944879542747 | MO: 1260   2.00  -0.62926390477123
MO: 1261   2.00  -0.62912030954004 | MO: 1262   2.00  -0.62906980426734
MO: 1263   2.00  -0.62895529189991 | MO: 1264   2.00  -0.62892541135154
MO: 1265   2.00  -0.62872373137993 | MO: 1266   2.00  -0.62869589306006
MO: 1267   2.00  -0.62863478204438 | MO: 1268   2.00  -0.62861066475638
MO: 1269   2.00  -0.62847207718927 | MO: 1270   2.00  -0.62839422777192
MO: 1271   2.00  -0.62827808496542 | MO: 1272   2.00  -0.62822532575034
MO: 1273   2.00  -0.62811470377442 | MO: 1274   2.00  -0.62801816749208
MO: 1275   2.00  -0.62785641830924 | MO: 1276   2.00  -0.62771608802137
MO: 1277   2.00  -0.62768395785972 | MO: 1278   2.00  -0.62764887824236
MO: 1279   2.00  -0.62751762309265 | MO: 1280   2.00  -0.62731606963147
MO: 1281   2.00  -0.62726122985393 | MO: 1282   2.00  -0.62724220481432
MO: 1283   2.00  -0.62717323658700 | MO: 1284   2.00  -0.62716610463680
MO: 1285   2.00  -0.62677303031962 | MO: 1286   2.00  -0.62664946038698
MO: 1287   2.00  -0.62659784338455 | MO: 1288   2.00  -0.62650114941636
MO: 1289   2.00  -0.62613916822875 | MO: 1290   2.00  -0.62605885092253
MO: 1291   2.00  -0.62602393048059 | MO: 1292   2.00  -0.62599578745635
MO: 1293   2.00  -0.62585804567492 | MO: 1294   2.00  -0.62568131561178
MO: 1295   2.00  -0.62563208850614 | MO: 1296   2.00  -0.62558850667370
MO: 1297   2.00  -0.62544773776643 | MO: 1298   2.00  -0.62542389875268
MO: 1299   2.00  -0.62539973375020 | MO: 1300   2.00  -0.62509708296503
MO: 1301   2.00  -0.62497975595670 | MO: 1302   2.00  -0.62480449307398
MO: 1303   2.00  -0.62456156020442 | MO: 1304   2.00  -0.62452004252152
MO: 1305   2.00  -0.62445724761312 | MO: 1306   2.00  -0.62430232489939
MO: 1307   2.00  -0.62427396236031 | MO: 1308   2.00  -0.62424574416684
MO: 1309   2.00  -0.62420809683842 | MO: 1310   2.00  -0.62416779742597
MO: 1311   2.00  -0.62406519097461 | MO: 1312   2.00  -0.62406426784335
MO: 1313   2.00  -0.62391294522243 | MO: 1314   2.00  -0.62389319905881
MO: 1315   2.00  -0.62373056834306 | MO: 1316   2.00  -0.62372763312977
MO: 1317   2.00  -0.62366894545020 | MO: 1318   2.00  -0.62355866046084
MO: 1319   2.00  -0.62340016200235 | MO: 1320   2.00  -0.62330607255749
MO: 1321   2.00  -0.62326443745321 | MO: 1322   2.00  -0.62299658527750
MO: 1323   2.00  -0.62279218939349 | MO: 1324   2.00  -0.62275347020767
MO: 1325   2.00  -0.62272218727089 | MO: 1326   2.00  -0.62259458367689
MO: 1327   2.00  -0.62223963328487 | MO: 1328   2.00  -0.62197720609517
MO: 1329   2.00  -0.62196235360768 | MO: 1330   2.00  -0.62186886885717
MO: 1331   2.00  -0.62186844432670 | MO: 1332   2.00  -0.62176778829548
MO: 1333   2.00  -0.62159172145089 | MO: 1334   2.00  -0.62146896064935
MO: 1335   2.00  -0.62142902498588 | MO: 1336   2.00  -0.62118626018844
MO: 1337   2.00  -0.62116921539386 | MO: 1338   2.00  -0.62114138917939
MO: 1339   2.00  -0.62102285306916 | MO: 1340   2.00  -0.62098998225530
MO: 1341   2.00  -0.62088941993053 | MO: 1342   2.00  -0.62086002990114
MO: 1343   2.00  -0.62084379420392 | MO: 1344   2.00  -0.62074296476191
MO: 1345   2.00  -0.62062677961437 | MO: 1346   2.00  -0.62053847135382
MO: 1347   2.00  -0.62047422650206 | MO: 1348   2.00  -0.62042672788043
MO: 1349   2.00  -0.62033483561605 | MO: 1350   2.00  -0.62000516837807
MO: 1351   2.00  -0.61995729079870 | MO: 1352   2.00  -0.61989562430686
MO: 1353   2.00  -0.61988678570725 | MO: 1354   2.00  -0.61980982031207
MO: 1355   2.00  -0.61976765057205 | MO: 1356   2.00  -0.61938292822893
MO: 1357   2.00  -0.61922410386225 | MO: 1358   2.00  -0.61909181332737
MO: 1359   2.00  -0.61876594144188 | MO: 1360   2.00  -0.61868486739850
MO: 1361   2.00  -0.61858288190675 | MO: 1362   2.00  -0.61855359373982
MO: 1363   2.00  -0.61854570723329 | MO: 1364   2.00  -0.61825782433936
MO: 1365   2.00  -0.61813804376884 | MO: 1366   2.00  -0.61810777374608
MO: 1367   2.00  -0.61806552835722 | MO: 1368   2.00  -0.61789605472502
MO: 1369   2.00  -0.61777910167578 | MO: 1370   2.00  -0.61768123089310
MO: 1371   2.00  -0.61763936499353 | MO: 1372   2.00  -0.61739468318348
MO: 1373   2.00  -0.61736609036105 | MO: 1374   2.00  -0.61725217172840
MO: 1375   2.00  -0.61722994053432 | MO: 1376   2.00  -0.61714288769794
MO: 1377   2.00  -0.61708162092999 | MO: 1378   2.00  -0.61696425885350
MO: 1379   2.00  -0.61673790126623 | MO: 1380   2.00  -0.61661135745758
MO: 1381   2.00  -0.61656684962458 | MO: 1382   2.00  -0.61648355029852
MO: 1383   2.00  -0.61642514471952 | MO: 1384   2.00  -0.61622245568373
MO: 1385   2.00  -0.61621423105188 | MO: 1386   2.00  -0.61619020819134
MO: 1387   2.00  -0.61606600596412 | MO: 1388   2.00  -0.61604742185750
MO: 1389   2.00  -0.61597957104308 | MO: 1390   2.00  -0.61595613391916
MO: 1391   2.00  -0.61586606740524 | MO: 1392   2.00  -0.61583837499024
MO: 1393   2.00  -0.61540787592344 | MO: 1394   2.00  -0.61530741491504
MO: 1395   2.00  -0.61526173847754 | MO: 1396   2.00  -0.61520082353174
MO: 1397   2.00  -0.61506545642452 | MO: 1398   2.00  -0.61484110882302
MO: 1399   2.00  -0.61459417998164 | MO: 1400   2.00  -0.61455198240218
MO: 1401   2.00  -0.61445238256387 | MO: 1402   2.00  -0.61435305456964
MO: 1403   2.00  -0.61391798684430 | MO: 1404   2.00  -0.61383861230441
MO: 1405   2.00  -0.61382154444197 | MO: 1406   2.00  -0.61378582382349
MO: 1407   2.00  -0.61368713955149 | MO: 1408   2.00  -0.61357003570190
MO: 1409   2.00  -0.61351349024495 | MO: 1410   2.00  -0.61350279308745
MO: 1411   2.00  -0.61332334219379 | MO: 1412   2.00  -0.61321848444793
MO: 1413   2.00  -0.61296829948905 | MO: 1414   2.00  -0.61292682472354
MO: 1415   2.00  -0.61270029114665 | MO: 1416   2.00  -0.61222436842867
MO: 1417   2.00  -0.61217564042509 | MO: 1418   2.00  -0.61215750715119
MO: 1419   2.00  -0.61193397039144 | MO: 1420   2.00  -0.61187370076725
MO: 1421   2.00  -0.61186216500616 | MO: 1422   2.00  -0.61164553990233
MO: 1423   2.00  -0.61149895824384 | MO: 1424   2.00  -0.61139338948021
MO: 1425   2.00  -0.61128975061337 | MO: 1426   2.00  -0.61126913382904
MO: 1427   2.00  -0.61123296490979 | MO: 1428   2.00  -0.61065766750767
MO: 1429   2.00  -0.61058686372210 | MO: 1430   2.00  -0.61055882999131
MO: 1431   2.00  -0.61052878600934 | MO: 1432   2.00  -0.61047961747449
MO: 1433   2.00  -0.61033052869369 | MO: 1434   2.00  -0.61029456312361
MO: 1435   2.00  -0.61016133032668 | MO: 1436   2.00  -0.61015435489072
MO: 1437   2.00  -0.61011631464376 | MO: 1438   2.00  -0.61000709844306
MO: 1439   2.00  -0.60962857022962 | MO: 1440   2.00  -0.60937990036499
MO: 1441   2.00  -0.60886726002539 | MO: 1442   2.00  -0.60884870256748
MO: 1443   2.00  -0.60878324173829 | MO: 1444   2.00  -0.60870633104153
MO: 1445   2.00  -0.60853931664654 | MO: 1446   2.00  -0.60852479884155
MO: 1447   2.00  -0.60852000046442 | MO: 1448   2.00  -0.60843418029825
MO: 1449   2.00  -0.60834420532534 | MO: 1450   2.00  -0.60817470875120
MO: 1451   2.00  -0.60789459970926 | MO: 1452   2.00  -0.60782871415872
MO: 1453   2.00  -0.60775720593800 | MO: 1454   2.00  -0.60762601726343
MO: 1455   2.00  -0.60760133493505 | MO: 1456   2.00  -0.60759366720145
MO: 1457   2.00  -0.60745472069802 | MO: 1458   2.00  -0.60741422278696
MO: 1459   2.00  -0.60729271122329 | MO: 1460   2.00  -0.60712450850348
MO: 1461   2.00  -0.60711176111072 | MO: 1462   2.00  -0.60703727066839
MO: 1463   2.00  -0.60689140063558 | MO: 1464   2.00  -0.60687631869524
MO: 1465   2.00  -0.60674428001785 | MO: 1466   2.00  -0.60650959531807
MO: 1467   2.00  -0.60642802463581 | MO: 1468   2.00  -0.60633572491688
MO: 1469   2.00  -0.60632314731271 | MO: 1470   2.00  -0.60614109931126
MO: 1471   2.00  -0.60606473876427 | MO: 1472   2.00  -0.60600858465818
MO: 1473   2.00  -0.60594536962247 | MO: 1474   2.00  -0.60592020075350
MO: 1475   2.00  -0.60588619371514 | MO: 1476   2.00  -0.60581676813372
MO: 1477   2.00  -0.60573059123534 | MO: 1478   2.00  -0.60565289089143
MO: 1479   2.00  -0.60554683064284 | MO: 1480   2.00  -0.60552046281653
MO: 1481   2.00  -0.60540967120094 | MO: 1482   2.00  -0.60538907082503
MO: 1483   2.00  -0.60523463671817 | MO: 1484   2.00  -0.60509842296473
MO: 1485   2.00  -0.60509213020249 | MO: 1486   2.00  -0.60505179987990
MO: 1487   2.00  -0.60495277625924 | MO: 1488   2.00  -0.60484073565496
MO: 1489   2.00  -0.60474856064538 | MO: 1490   2.00  -0.60463499460025
MO: 1491   2.00  -0.60454529938904 | MO: 1492   2.00  -0.60436105986784
MO: 1493   2.00  -0.60428192330132 | MO: 1494   2.00  -0.60417217897254
MO: 1495   2.00  -0.60415424278348 | MO: 1496   2.00  -0.60413138583819
MO: 1497   2.00  -0.60410739878131 | MO: 1498   2.00  -0.60404465411704
MO: 1499   2.00  -0.60399934644395 | MO: 1500   2.00  -0.60394016700304
MO: 1501   2.00  -0.60384971581418 | MO: 1502   2.00  -0.60383554395359
MO: 1503   2.00  -0.60378159785490 | MO: 1504   2.00  -0.60364837907178
MO: 1505   2.00  -0.60357760717140 | MO: 1506   2.00  -0.60355584599587
MO: 1507   2.00  -0.60331856801766 | MO: 1508   2.00  -0.60322729547397
MO: 1509   2.00  -0.60311248082932 | MO: 1510   2.00  -0.60310437015840
MO: 1511   2.00  -0.60308769363410 | MO: 1512   2.00  -0.60298277131315
MO: 1513   2.00  -0.60294156378691 | MO: 1514   2.00  -0.60279097827524
MO: 1515   2.00  -0.60274699510994 | MO: 1516   2.00  -0.60268261782172
MO: 1517   2.00  -0.60256485947864 | MO: 1518   2.00  -0.60243730927791
MO: 1519   2.00  -0.60242059988192 | MO: 1520   2.00  -0.60236187786735
MO: 1521   2.00  -0.60229666396093 | MO: 1522   2.00  -0.60218992618940
MO: 1523   2.00  -0.60211248244623 | MO: 1524   2.00  -0.60203017139806
MO: 1525   2.00  -0.60199008892338 | MO: 1526   2.00  -0.60183085240776
MO: 1527   2.00  -0.60164512922108 | MO: 1528   2.00  -0.60160824996521
MO: 1529   2.00  -0.60160041375913 | MO: 1530   2.00  -0.60134698658125
MO: 1531   2.00  -0.60133612325827 | MO: 1532   2.00  -0.60112001033094
MO: 1533   2.00  -0.60103277975051 | MO: 1534   2.00  -0.60082940122422
MO: 1535   2.00  -0.60079324611934 | MO: 1536   2.00  -0.60078049378529
MO: 1537   2.00  -0.60075483499464 | MO: 1538   2.00  -0.60073088161861
MO: 1539   2.00  -0.60059958113115 | MO: 1540   2.00  -0.60045214310100
MO: 1541   2.00  -0.60032708770419 | MO: 1542   2.00  -0.60023339634419
MO: 1543   2.00  -0.60020208369535 | MO: 1544   2.00  -0.59979573695212
MO: 1545   2.00  -0.59973646031805 | MO: 1546   2.00  -0.59957680722399
MO: 1547   2.00  -0.59949726648400 | MO: 1548   2.00  -0.59944663795465
MO: 1549   2.00  -0.59932225584776 | MO: 1550   2.00  -0.59909817633118
MO: 1551   2.00  -0.59909238958272 | MO: 1552   2.00  -0.59905605438163
MO: 1553   2.00  -0.59900472759850 | MO: 1554   2.00  -0.59895106407801
MO: 1555   2.00  -0.59880360930370 | MO: 1556   2.00  -0.59853263189505
MO: 1557   2.00  -0.59840598739976 | MO: 1558   2.00  -0.59828640317968
MO: 1559   2.00  -0.59827803912707 | MO: 1560   2.00  -0.59811846336462
MO: 1561   2.00  -0.59800722901070 | MO: 1562   2.00  -0.59778319495498
MO: 1563   2.00  -0.59776405480997 | MO: 1564   2.00  -0.59773474755724
MO: 1565   2.00  -0.59760412724690 | MO: 1566   2.00  -0.59755090575181
MO: 1567   2.00  -0.59716293153309 | MO: 1568   2.00  -0.59711700553307
MO: 1569   2.00  -0.59702327974195 | MO: 1570   2.00  -0.59683981888194
MO: 1571   2.00  -0.59672321534342 | MO: 1572   2.00  -0.59605620042926
MO: 1573   2.00  -0.59580716115463 | MO: 1574   2.00  -0.59576353170327
MO: 1575   2.00  -0.59569602872591 | MO: 1576   2.00  -0.59547537080168
MO: 1577   2.00  -0.59536183981228 | MO: 1578   2.00  -0.59534032429905
MO: 1579   2.00  -0.59510817977012 | MO: 1580   2.00  -0.59509465723592
MO: 1581   2.00  -0.59503303300578 | MO: 1582   2.00  -0.59498611617000
MO: 1583   2.00  -0.59487593924966 | MO: 1584   2.00  -0.59485314075839
MO: 1585   2.00  -0.59435751371905 | MO: 1586   2.00  -0.59435273697495
MO: 1587   2.00  -0.59427968925280 | MO: 1588   2.00  -0.59425542537306
MO: 1589   2.00  -0.59423488956545 | MO: 1590   2.00  -0.59392375338918
MO: 1591   2.00  -0.59384159454825 | MO: 1592   2.00  -0.59372260520606
MO: 1593   2.00  -0.59364369258559 | MO: 1594   2.00  -0.59364142195069
MO: 1595   2.00  -0.59356939647135 | MO: 1596   2.00  -0.59340203107416
MO: 1597   2.00  -0.59337890394912 | MO: 1598   2.00  -0.59331856818676
MO: 1599   2.00  -0.59318308911536 | MO: 1600   2.00  -0.59313647940206
MO: 1601   2.00  -0.59313349362657 | MO: 1602   2.00  -0.59298478252010
MO: 1603   2.00  -0.59271302802706 | MO: 1604   2.00  -0.59268362278526
MO: 1605   2.00  -0.59259338745239 | MO: 1606   2.00  -0.59256337464713
MO: 1607   2.00  -0.59246095436423 | MO: 1608   2.00  -0.59228928975675
MO: 1609   2.00  -0.59223909163825 | MO: 1610   2.00  -0.59222947266583
MO: 1611   2.00  -0.59189199266585 | MO: 1612   2.00  -0.59184161041701
MO: 1613   2.00  -0.59136032980135 | MO: 1614   2.00  -0.59130521562203
MO: 1615   2.00  -0.59095561879237 | MO: 1616   2.00  -0.59093759583039
MO: 1617   2.00  -0.59058931349183 | MO: 1618   2.00  -0.59054599632835
MO: 1619   2.00  -0.59052786927949 | MO: 1620   2.00  -0.59049109781809
MO: 1621   2.00  -0.59043099706312 | MO: 1622   2.00  -0.59039963065188
MO: 1623   2.00  -0.59035202309055 | MO: 1624   2.00  -0.59034955773971
MO: 1625   2.00  -0.59015292627866 | MO: 1626   2.00  -0.59001068824820
MO: 1627   2.00  -0.58996075016802 | MO: 1628   2.00  -0.58982834033231
MO: 1629   2.00  -0.58979870757883 | MO: 1630   2.00  -0.58978114678249
MO: 1631   2.00  -0.58954507877598 | MO: 1632   2.00  -0.58941917938094
MO: 1633   2.00  -0.58930458776015 | MO: 1634   2.00  -0.58919618281422
MO: 1635   2.00  -0.58918948935527 | MO: 1636   2.00  -0.58906855469436
MO: 1637   2.00  -0.58889395056169 | MO: 1638   2.00  -0.58878346431886
MO: 1639   2.00  -0.58852942388584 | MO: 1640   2.00  -0.58838106259982
MO: 1641   2.00  -0.58835650107418 | MO: 1642   2.00  -0.58835066443908
MO: 1643   2.00  -0.58831899425135 | MO: 1644   2.00  -0.58809493032509
MO: 1645   2.00  -0.58794286435911 | MO: 1646   2.00  -0.58765083623725
MO: 1647   2.00  -0.58728263245355 | MO: 1648   2.00  -0.58715024288805
MO: 1649   2.00  -0.58699207733851 | MO: 1650   2.00  -0.58684072196909
MO: 1651   2.00  -0.58682384274611 | MO: 1652   2.00  -0.58673132539684
MO: 1653   2.00  -0.58671453826710 | MO: 1654   2.00  -0.58656147882760
MO: 1655   2.00  -0.58639436134915 | MO: 1656   2.00  -0.58631253566035
MO: 1657   2.00  -0.58621923010920 | MO: 1658   2.00  -0.58618952964951
MO: 1659   2.00  -0.58613728156529 | MO: 1660   2.00  -0.58604929872893
MO: 1661   2.00  -0.58591791054655 | MO: 1662   2.00  -0.58587419874279
MO: 1663   2.00  -0.58584755741324 | MO: 1664   2.00  -0.58581142668748
MO: 1665   2.00  -0.58580042217820 | MO: 1666   2.00  -0.58558458756082
MO: 1667   2.00  -0.58536368026569 | MO: 1668   2.00  -0.58524939786823
MO: 1669   2.00  -0.58517067875738 | MO: 1670   2.00  -0.58489217301609
MO: 1671   2.00  -0.58484537785292 | MO: 1672   2.00  -0.58458680738503
MO: 1673   2.00  -0.58454716818706 | MO: 1674   2.00  -0.58441487287621
MO: 1675   2.00  -0.58437700707723 | MO: 1676   2.00  -0.58403177214983
MO: 1677   2.00  -0.58401613538703 | MO: 1678   2.00  -0.58393601513377
MO: 1679   2.00  -0.58374845707020 | MO: 1680   2.00  -0.58364088682313
MO: 1681   2.00  -0.58359389470280 | MO: 1682   2.00  -0.58358270863368
MO: 1683   2.00  -0.58347304884080 | MO: 1684   2.00  -0.58303828206420
MO: 1685   2.00  -0.58260800228417 | MO: 1686   2.00  -0.58255889990972
MO: 1687   2.00  -0.58240205788446 | MO: 1688   2.00  -0.58212532123355
MO: 1689   2.00  -0.58207227424002 | MO: 1690   2.00  -0.58113704403125
MO: 1691   2.00  -0.58094189501913 | MO: 1692   2.00  -0.58077841892666
MO: 1693   2.00  -0.58075321168598 | MO: 1694   2.00  -0.58074817765726
MO: 1695   2.00  -0.58060861814757 | MO: 1696   2.00  -0.58040860967110
MO: 1697   2.00  -0.58031504894349 | MO: 1698   2.00  -0.58023289053736
MO: 1699   2.00  -0.58019208593836 | MO: 1700   2.00  -0.58017544497159
MO: 1701   2.00  -0.58005217911144 | MO: 1702   2.00  -0.57998464183129
MO: 1703   2.00  -0.57994273139767 | MO: 1704   2.00  -0.57988245959733
MO: 1705   2.00  -0.57980766799756 | MO: 1706   2.00  -0.57976209003684
MO: 1707   2.00  -0.57968382753107 | MO: 1708   2.00  -0.57965572817812
MO: 1709   2.00  -0.57957603201613 | MO: 1710   2.00  -0.57949713792754
MO: 1711   2.00  -0.57929603472862 | MO: 1712   2.00  -0.57926882910782
MO: 1713   2.00  -0.57925706633618 | MO: 1714   2.00  -0.57906741604195
MO: 1715   2.00  -0.57903908609495 | MO: 1716   2.00  -0.57898841631045
MO: 1717   2.00  -0.57881843714298 | MO: 1718   2.00  -0.57879826372476
MO: 1719   2.00  -0.57877410156815 | MO: 1720   2.00  -0.57876271310381
MO: 1721   2.00  -0.57858018160999 | MO: 1722   2.00  -0.57855906679494
MO: 1723   2.00  -0.57851904809907 | MO: 1724   2.00  -0.57848262165506
MO: 1725   2.00  -0.57829532902484 | MO: 1726   2.00  -0.57815046865899
MO: 1727   2.00  -0.57812998889111 | MO: 1728   2.00  -0.57809356689925
MO: 1729   2.00  -0.57772980314489 | MO: 1730   2.00  -0.57758403412135
MO: 1731   2.00  -0.57746087940110 | MO: 1732   2.00  -0.57743636239929
MO: 1733   2.00  -0.57735309981249 | MO: 1734   2.00  -0.57725473146616
MO: 1735   2.00  -0.57722003339732 | MO: 1736   2.00  -0.57721807471671
MO: 1737   2.00  -0.57713520995861 | MO: 1738   2.00  -0.57711260137189
MO: 1739   2.00  -0.57710259531690 | MO: 1740   2.00  -0.57707659081616
MO: 1741   2.00  -0.57706533610555 | MO: 1742   2.00  -0.57682902242871
MO: 1743   2.00  -0.57665957609412 | MO: 1744   2.00  -0.57662669789020
MO: 1745   2.00  -0.57657946992958 | MO: 1746   2.00  -0.57647388551673
MO: 1747   2.00  -0.57647119324128 | MO: 1748   2.00  -0.57629978340472
MO: 1749   2.00  -0.57623927322625 | MO: 1750   2.00  -0.57619357276054
MO: 1751   2.00  -0.57614244441720 | MO: 1752   2.00  -0.57600141509319
MO: 1753   2.00  -0.57576067543086 | MO: 1754   2.00  -0.57572167533220
MO: 1755   2.00  -0.57561378212769 | MO: 1756   2.00  -0.57548111880569
MO: 1757   2.00  -0.57542355944886 | MO: 1758   2.00  -0.57524162980565
MO: 1759   2.00  -0.57523300271469 | MO: 1760   2.00  -0.57518511877676
MO: 1761   2.00  -0.57518319309145 | MO: 1762   2.00  -0.57489752924637
MO: 1763   2.00  -0.57476910240194 | MO: 1764   2.00  -0.57465986449450
MO: 1765   2.00  -0.57454018524292 | MO: 1766   2.00  -0.57452713113669
MO: 1767   2.00  -0.57437960501643 | MO: 1768   2.00  -0.57433771018136
MO: 1769   2.00  -0.57416972739924 | MO: 1770   2.00  -0.57405156096497
MO: 1771   2.00  -0.57391267213140 | MO: 1772   2.00  -0.57379323230722
MO: 1773   2.00  -0.57357745026271 | MO: 1774   2.00  -0.57341454748406
MO: 1775   2.00  -0.57333949439887 | MO: 1776   2.00  -0.57310767108632
MO: 1777   2.00  -0.57300243732172 | MO: 1778   2.00  -0.57297279911455
MO: 1779   2.00  -0.57264078234878 | MO: 1780   2.00  -0.57262423918239
MO: 1781   2.00  -0.57247935402504 | MO: 1782   2.00  -0.57238882804487
MO: 1783   2.00  -0.57235072414097 | MO: 1784   2.00  -0.57228352179563
MO: 1785   2.00  -0.57217613602429 | MO: 1786   2.00  -0.57206163239366
MO: 1787   2.00  -0.57203831735131 | MO: 1788   2.00  -0.57195357119340
MO: 1789   2.00  -0.57172320379346 | MO: 1790   2.00  -0.57167362670391
MO: 1791   2.00  -0.57166029431505 | MO: 1792   2.00  -0.57163599314226
MO: 1793   2.00  -0.57159602495274 | MO: 1794   2.00  -0.57122507585873
MO: 1795   2.00  -0.57120429213024 | MO: 1796   2.00  -0.57111317316040
MO: 1797   2.00  -0.57098945174349 | MO: 1798   2.00  -0.57096542854496
MO: 1799   2.00  -0.57092781041902 | MO: 1800   2.00  -0.57084000579448
MO: 1801   2.00  -0.57061846947523 | MO: 1802   2.00  -0.57059069248469
MO: 1803   2.00  -0.57051878099303 | MO: 1804   2.00  -0.57050098557131
MO: 1805   2.00  -0.57045935633124 | MO: 1806   2.00  -0.57017205026373
MO: 1807   2.00  -0.57013970713834 | MO: 1808   2.00  -0.57010354596823
MO: 1809   2.00  -0.56997207482976 | MO: 1810   2.00  -0.56995227531407
MO: 1811   2.00  -0.56990928057039 | MO: 1812   2.00  -0.56979995561667
MO: 1813   2.00  -0.56969175869721 | MO: 1814   2.00  -0.56959820331739
MO: 1815   2.00  -0.56943737497345 | MO: 1816   2.00  -0.56943182440471
MO: 1817   2.00  -0.56925937350400 | MO: 1818   2.00  -0.56917425998263
MO: 1819   2.00  -0.56914728287263 | MO: 1820   2.00  -0.56911402170157
MO: 1821   2.00  -0.56909796086226 | MO: 1822   2.00  -0.56907273563496
MO: 1823   2.00  -0.56869419253468 | MO: 1824   2.00  -0.56868161947748
MO: 1825   2.00  -0.56867089139394 | MO: 1826   2.00  -0.56866644158718
MO: 1827   2.00  -0.56843045228006 | MO: 1828   2.00  -0.56820903856070
MO: 1829   2.00  -0.56807091689495 | MO: 1830   2.00  -0.56794478495869
MO: 1831   2.00  -0.56782272091646 | MO: 1832   2.00  -0.56781109157239
MO: 1833   2.00  -0.56769943449644 | MO: 1834   2.00  -0.56751707132434
MO: 1835   2.00  -0.56736791769202 | MO: 1836   2.00  -0.56709224683052
MO: 1837   2.00  -0.56696386922305 | MO: 1838   2.00  -0.56690067634764
MO: 1839   2.00  -0.56658420145249 | MO: 1840   2.00  -0.56656390293123
MO: 1841   2.00  -0.56643293233942 | MO: 1842   2.00  -0.56632172416741
MO: 1843   2.00  -0.56614086647115 | MO: 1844   2.00  -0.56612037575229
MO: 1845   2.00  -0.56600475006587 | MO: 1846   2.00  -0.56593920384113
MO: 1847   2.00  -0.56582844384384 | MO: 1848   2.00  -0.56576349854746
MO: 1849   2.00  -0.56557776396603 | MO: 1850   2.00  -0.56554428010786
MO: 1851   2.00  -0.56535122980850 | MO: 1852   2.00  -0.56533066114274
MO: 1853   2.00  -0.56524025168798 | MO: 1854   2.00  -0.56512727616938
MO: 1855   2.00  -0.56497726028600 | MO: 1856   2.00  -0.56481858464979
MO: 1857   2.00  -0.56474829810985 | MO: 1858   2.00  -0.56441093398063
MO: 1859   2.00  -0.56435118076939 | MO: 1860   2.00  -0.56433733655033
MO: 1861   2.00  -0.56418911156683 | MO: 1862   2.00  -0.56405400331559
MO: 1863   2.00  -0.56393767154271 | MO: 1864   2.00  -0.56387737573958
MO: 1865   2.00  -0.56378094540021 | MO: 1866   2.00  -0.56359900609303
MO: 1867   2.00  -0.56345654239907 | MO: 1868   2.00  -0.56333487302240
MO: 1869   2.00  -0.56321569002784 | MO: 1870   2.00  -0.56316741942615
MO: 1871   2.00  -0.56306843698503 | MO: 1872   2.00  -0.56294743795927
MO: 1873   2.00  -0.56281206605203 | MO: 1874   2.00  -0.56269601281097
MO: 1875   2.00  -0.56263048823706 | MO: 1876   2.00  -0.56259671047590
MO: 1877   2.00  -0.56258078465475 | MO: 1878   2.00  -0.56240402091402
MO: 1879   2.00  -0.56235345051017 | MO: 1880   2.00  -0.56220789788412
MO: 1881   2.00  -0.56219073900040 | MO: 1882   2.00  -0.56218717250204
MO: 1883   2.00  -0.56214075709645 | MO: 1884   2.00  -0.56187907887801
MO: 1885   2.00  -0.56175459805078 | MO: 1886   2.00  -0.56167490976974
MO: 1887   2.00  -0.56161018812499 | MO: 1888   2.00  -0.56149709857668
MO: 1889   2.00  -0.56114584558312 | MO: 1890   2.00  -0.56113816668586
MO: 1891   2.00  -0.56105703558143 | MO: 1892   2.00  -0.56101654931220
MO: 1893   2.00  -0.56099675774750 | MO: 1894   2.00  -0.56097372263513
MO: 1895   2.00  -0.56088093346373 | MO: 1896   2.00  -0.56077426389710
MO: 1897   2.00  -0.56049053681390 | MO: 1898   2.00  -0.56045012965204
MO: 1899   2.00  -0.56040833881923 | MO: 1900   2.00  -0.56034294006060
MO: 1901   2.00  -0.56024535979250 | MO: 1902   2.00  -0.56017566895886
MO: 1903   2.00  -0.56010118701286 | MO: 1904   2.00  -0.56008780810324
MO: 1905   2.00  -0.56007620289597 | MO: 1906   2.00  -0.55989266312384
MO: 1907   2.00  -0.55986573449807 | MO: 1908   2.00  -0.55959921193609
MO: 1909   2.00  -0.55906465936118 | MO: 1910   2.00  -0.55905146398614
MO: 1911   2.00  -0.55896622178326 | MO: 1912   2.00  -0.55864656645026
MO: 1913   2.00  -0.55857868779385 | MO: 1914   2.00  -0.55807151345616
MO: 1915   2.00  -0.55806134196019 | MO: 1916   2.00  -0.55798861233863
MO: 1917   2.00  -0.55794643048988 | MO: 1918   2.00  -0.55789535798780
MO: 1919   2.00  -0.55788321708708 | MO: 1920   2.00  -0.55767424231662
MO: 1921   2.00  -0.55741671521243 | MO: 1922   2.00  -0.55722555997596
MO: 1923   2.00  -0.55710215648153 | MO: 1924   2.00  -0.55705617846293
MO: 1925   2.00  -0.55693246098078 | MO: 1926   2.00  -0.55667509763439
MO: 1927   2.00  -0.55658820854170 | MO: 1928   2.00  -0.55642665995284
MO: 1929   2.00  -0.55639847260154 | MO: 1930   2.00  -0.55613961831995
MO: 1931   2.00  -0.55611412766565 | MO: 1932   2.00  -0.55609893506374
MO: 1933   2.00  -0.55583831106493 | MO: 1934   2.00  -0.55581048547962
MO: 1935   2.00  -0.55567711117546 | MO: 1936   2.00  -0.55554319458567
MO: 1937   2.00  -0.55541770735321 | MO: 1938   2.00  -0.55534316521186
MO: 1939   2.00  -0.55510338840161 | MO: 1940   2.00  -0.55489777425561
MO: 1941   2.00  -0.55488017303441 | MO: 1942   2.00  -0.55478223514900
MO: 1943   2.00  -0.55475474233427 | MO: 1944   2.00  -0.55465134220776
MO: 1945   2.00  -0.55439131844363 | MO: 1946   2.00  -0.55436063447381
MO: 1947   2.00  -0.55431252038799 | MO: 1948   2.00  -0.55400212389527
MO: 1949   2.00  -0.55396480047630 | MO: 1950   2.00  -0.55385396073545
MO: 1951   2.00  -0.55374204003618 | MO: 1952   2.00  -0.55370162399783
MO: 1953   2.00  -0.55362553163487 | MO: 1954   2.00  -0.55341073043252
MO: 1955   2.00  -0.55336958478918 | MO: 1956   2.00  -0.55325827652522
MO: 1957   2.00  -0.55300952318017 | MO: 1958   2.00  -0.55291296524989
MO: 1959   2.00  -0.55289756805318 | MO: 1960   2.00  -0.55276733769606
MO: 1961   2.00  -0.55272379112358 | MO: 1962   2.00  -0.55270506724946
MO: 1963   2.00  -0.55250888342798 | MO: 1964   2.00  -0.55246552333883
MO: 1965   2.00  -0.55237173255623 | MO: 1966   2.00  -0.55229824251402
MO: 1967   2.00  -0.55222660673601 | MO: 1968   2.00  -0.55218646473801
MO: 1969   2.00  -0.55206754220378 | MO: 1970   2.00  -0.55198962721079
MO: 1971   2.00  -0.55192391123158 | MO: 1972   2.00  -0.55185175639675
MO: 1973   2.00  -0.55182971891563 | MO: 1974   2.00  -0.55177476328394
MO: 1975   2.00  -0.55168449860314 | MO: 1976   2.00  -0.55149768465122
MO: 1977   2.00  -0.55146016621963 | MO: 1978   2.00  -0.55119441387266
MO: 1979   2.00  -0.55112548995624 | MO: 1980   2.00  -0.55102139287338
MO: 1981   2.00  -0.55093502589439 | MO: 1982   2.00  -0.55093130535523
MO: 1983   2.00  -0.55081473483430 | MO: 1984   2.00  -0.55076604645606
MO: 1985   2.00  -0.55076476189874 | MO: 1986   2.00  -0.55072403095668
MO: 1987   2.00  -0.55064580631040 | MO: 1988   2.00  -0.55052268557472
MO: 1989   2.00  -0.55050280158635 | MO: 1990   2.00  -0.55039472507006
MO: 1991   2.00  -0.55023048364925 | MO: 1992   2.00  -0.55017226535989
MO: 1993   2.00  -0.55003762671816 | MO: 1994   2.00  -0.54991077548409
MO: 1995   2.00  -0.54980067520354 | MO: 1996   2.00  -0.54976012255889
MO: 1997   2.00  -0.54970254421155 | MO: 1998   2.00  -0.54967223405169
MO: 1999   2.00  -0.54966273552017 | MO: 2000   2.00  -0.54965804625919
MO: 2001   2.00  -0.54964744240006 | MO: 2002   2.00  -0.54942268223868
MO: 2003   2.00  -0.54939573758636 | MO: 2004   2.00  -0.54925447375716
MO: 2005   2.00  -0.54922712651437 | MO: 2006   2.00  -0.54916713822296
MO: 2007   2.00  -0.54910497832292 | MO: 2008   2.00  -0.54904085150201
MO: 2009   2.00  -0.54903091119674 | MO: 2010   2.00  -0.54896391402825
MO: 2011   2.00  -0.54874514562827 | MO: 2012   2.00  -0.54867889479694
MO: 2013   2.00  -0.54863941865606 | MO: 2014   2.00  -0.54860245214425
MO: 2015   2.00  -0.54849491726388 | MO: 2016   2.00  -0.54829707063178
MO: 2017   2.00  -0.54822543923571 | MO: 2018   2.00  -0.54821097862608
MO: 2019   2.00  -0.54817445891367 | MO: 2020   2.00  -0.54806654911565
MO: 2021   2.00  -0.54805683335812 | MO: 2022   2.00  -0.54805072302105
MO: 2023   2.00  -0.54792774942351 | MO: 2024   2.00  -0.54785523775927
MO: 2025   2.00  -0.54782659348939 | MO: 2026   2.00  -0.54771534260240
MO: 2027   2.00  -0.54762085185707 | MO: 2028   2.00  -0.54757153402091
MO: 2029   2.00  -0.54753081156137 | MO: 2030   2.00  -0.54745717464405
MO: 2031   2.00  -0.54742134579284 | MO: 2032   2.00  -0.54733732502151
MO: 2033   2.00  -0.54722186778319 | MO: 2034   2.00  -0.54721122382932
MO: 2035   2.00  -0.54713900045485 | MO: 2036   2.00  -0.54693999272599
MO: 2037   2.00  -0.54685733159509 | MO: 2038   2.00  -0.54681579277113
MO: 2039   2.00  -0.54674748148550 | MO: 2040   2.00  -0.54671509705189
MO: 2041   2.00  -0.54666720462641 | MO: 2042   2.00  -0.54656023980848
MO: 2043   2.00  -0.54647328723970 | MO: 2044   2.00  -0.54639032668821
MO: 2045   2.00  -0.54632200683068 | MO: 2046   2.00  -0.54618670081415
MO: 2047   2.00  -0.54613381909494 | MO: 2048   2.00  -0.54606867525256
MO: 2049   2.00  -0.54604730795613 | MO: 2050   2.00  -0.54588433838038
MO: 2051   2.00  -0.54585830382351 | MO: 2052   2.00  -0.54573666975038
MO: 2053   2.00  -0.54562590865227 | MO: 2054   2.00  -0.54547070690722
MO: 2055   2.00  -0.54545200769982 | MO: 2056   2.00  -0.54538259679701
MO: 2057   2.00  -0.54531256553713 | MO: 2058   2.00  -0.54528114207581
MO: 2059   2.00  -0.54523611113247 | MO: 2060   2.00  -0.54517416467025
MO: 2061   2.00  -0.54512527572058 | MO: 2062   2.00  -0.54506036422922
MO: 2063   2.00  -0.54495022654011 | MO: 2064   2.00  -0.54488129144290
MO: 2065   2.00  -0.54479872493609 | MO: 2066   2.00  -0.54471690457619
MO: 2067   2.00  -0.54462532686866 | MO: 2068   2.00  -0.54459159626818
MO: 2069   2.00  -0.54455567870613 | MO: 2070   2.00  -0.54445177829603
MO: 2071   2.00  -0.54435898120589 | MO: 2072   2.00  -0.54427727233328
MO: 2073   2.00  -0.54422533299393 | MO: 2074   2.00  -0.54415911484610
MO: 2075   2.00  -0.54415306579502 | MO: 2076   2.00  -0.54409927613816
MO: 2077   2.00  -0.54394628943542 | MO: 2078   2.00  -0.54386639835587
MO: 2079   2.00  -0.54382376413930 | MO: 2080   2.00  -0.54370099856977
MO: 2081   2.00  -0.54362533564432 | MO: 2082   2.00  -0.54343988385844
MO: 2083   2.00  -0.54340845740274 | MO: 2084   2.00  -0.54332776182691
MO: 2085   2.00  -0.54329719430451 | MO: 2086   2.00  -0.54316848723970
MO: 2087   2.00  -0.54316713813690 | MO: 2088   2.00  -0.54306094613405
MO: 2089   2.00  -0.54302889176603 | MO: 2090   2.00  -0.54297361444285
MO: 2091   2.00  -0.54287125482336 | MO: 2092   2.00  -0.54286909230862
MO: 2093   2.00  -0.54284252544021 | MO: 2094   2.00  -0.54279432918009
MO: 2095   2.00  -0.54274641293211 | MO: 2096   2.00  -0.54271688764911
MO: 2097   2.00  -0.54268897959604 | MO: 2098   2.00  -0.54260610533963
MO: 2099   2.00  -0.54244805205258 | MO: 2100   2.00  -0.54237727232651
MO: 2101   2.00  -0.54237311790123 | MO: 2102   2.00  -0.54234437307201
MO: 2103   2.00  -0.54232507826628 | MO: 2104   2.00  -0.54230802937826
MO: 2105   2.00  -0.54222243565076 | MO: 2106   2.00  -0.54217281466324
MO: 2107   2.00  -0.54209031428230 | MO: 2108   2.00  -0.54197928687100
MO: 2109   2.00  -0.54175028696628 | MO: 2110   2.00  -0.54157896844241
MO: 2111   2.00  -0.54156946521308 | MO: 2112   2.00  -0.54156370177031
MO: 2113   2.00  -0.54151800396638 | MO: 2114   2.00  -0.54138163894468
MO: 2115   2.00  -0.54128465123556 | MO: 2116   2.00  -0.54125979791061
MO: 2117   2.00  -0.54118316246867 | MO: 2118   2.00  -0.54108599132612
MO: 2119   2.00  -0.54084732795641 | MO: 2120   2.00  -0.54082197958969
MO: 2121   2.00  -0.54067490791473 | MO: 2122   2.00  -0.54064287302077
MO: 2123   2.00  -0.54059562502478 | MO: 2124   2.00  -0.54052979983762
MO: 2125   2.00  -0.54052609958169 | MO: 2126   2.00  -0.54042278628659
MO: 2127   2.00  -0.54011487060003 | MO: 2128   2.00  -0.54004994640589
MO: 2129   2.00  -0.53983238623620 | MO: 2130   2.00  -0.53981106734703
MO: 2131   2.00  -0.53976157859058 | MO: 2132   2.00  -0.53969974898959
MO: 2133   2.00  -0.53968310853942 | MO: 2134   2.00  -0.53959423078426
MO: 2135   2.00  -0.53949423769445 | MO: 2136   2.00  -0.53925536198811
MO: 2137   2.00  -0.53920115080834 | MO: 2138   2.00  -0.53910138049441
MO: 2139   2.00  -0.53903680708526 | MO: 2140   2.00  -0.53890139696419
MO: 2141   2.00  -0.53885041139571 | MO: 2142   2.00  -0.53883937538977
MO: 2143   2.00  -0.53881006975823 | MO: 2144   2.00  -0.53875498544302
MO: 2145   2.00  -0.53850767929155 | MO: 2146   2.00  -0.53841988242407
MO: 2147   2.00  -0.53838453110163 | MO: 2148   2.00  -0.53838372989319
MO: 2149   2.00  -0.53835245190821 | MO: 2150   2.00  -0.53832380493489
MO: 2151   2.00  -0.53820700178457 | MO: 2152   2.00  -0.53802016322690
MO: 2153   2.00  -0.53798949333035 | MO: 2154   2.00  -0.53797333288512
MO: 2155   2.00  -0.53795808376080 | MO: 2156   2.00  -0.53782591584131
MO: 2157   2.00  -0.53779381655511 | MO: 2158   2.00  -0.53770578652219
MO: 2159   2.00  -0.53758732299877 | MO: 2160   2.00  -0.53756319135139
MO: 2161   2.00  -0.53748816567480 | MO: 2162   2.00  -0.53747393269493
MO: 2163   2.00  -0.53737631691081 | MO: 2164   2.00  -0.53735122960076
MO: 2165   2.00  -0.53728178808820 | MO: 2166   2.00  -0.53722929034777
MO: 2167   2.00  -0.53720862505075 | MO: 2168   2.00  -0.53711863067805
MO: 2169   2.00  -0.53695133144371 | MO: 2170   2.00  -0.53689088414832
MO: 2171   2.00  -0.53685146070224 | MO: 2172   2.00  -0.53678439242388
MO: 2173   2.00  -0.53671864880114 | MO: 2174   2.00  -0.53659403141483
MO: 2175   2.00  -0.53647588194059 | MO: 2176   2.00  -0.53623617128571
MO: 2177   2.00  -0.53616600458448 | MO: 2178   2.00  -0.53615384744863
MO: 2179   2.00  -0.53609837255421 | MO: 2180   2.00  -0.53597925910956
MO: 2181   2.00  -0.53594163401642 | MO: 2182   2.00  -0.53591988968777
MO: 2183   2.00  -0.53590447008884 | MO: 2184   2.00  -0.53590430570053
MO: 2185   2.00  -0.53587241200673 | MO: 2186   2.00  -0.53584990080229
MO: 2187   2.00  -0.53584600832592 | MO: 2188   2.00  -0.53557938509111
MO: 2189   2.00  -0.53555961184867 | MO: 2190   2.00  -0.53541644825619
MO: 2191   2.00  -0.53540482602854 | MO: 2192   2.00  -0.53525165095623
MO: 2193   2.00  -0.53524736771804 | MO: 2194   2.00  -0.53522629753688
MO: 2195   2.00  -0.53520776093428 | MO: 2196   2.00  -0.53508342370981
MO: 2197   2.00  -0.53504765026243 | MO: 2198   2.00  -0.53502158027752
MO: 2199   2.00  -0.53490932740245 | MO: 2200   2.00  -0.53465450618797
MO: 2201   2.00  -0.53463534691425 | MO: 2202   2.00  -0.53445585342411
MO: 2203   2.00  -0.53441776859080 | MO: 2204   2.00  -0.53433925044139
MO: 2205   2.00  -0.53427711245410 | MO: 2206   2.00  -0.53426704416241
MO: 2207   2.00  -0.53426537675776 | MO: 2208   2.00  -0.53424495448414
MO: 2209   2.00  -0.53410553520770 | MO: 2210   2.00  -0.53404605861137
MO: 2211   2.00  -0.53399147004136 | MO: 2212   2.00  -0.53398822321134
MO: 2213   2.00  -0.53378963914385 | MO: 2214   2.00  -0.53377970620165
MO: 2215   2.00  -0.53372185570253 | MO: 2216   2.00  -0.53368646890472
MO: 2217   2.00  -0.53344998945710 | MO: 2218   2.00  -0.53343456910077
MO: 2219   2.00  -0.53341629127339 | MO: 2220   2.00  -0.53334860543533
MO: 2221   2.00  -0.53333705843461 | MO: 2222   2.00  -0.53323755042175
MO: 2223   2.00  -0.53322413891673 | MO: 2224   2.00  -0.53311444754157
MO: 2225   2.00  -0.53310028373743 | MO: 2226   2.00  -0.53308047736350
MO: 2227   2.00  -0.53299384619798 | MO: 2228   2.00  -0.53295240580390
MO: 2229   2.00  -0.53288796293153 | MO: 2230   2.00  -0.53277035619035
MO: 2231   2.00  -0.53274392082360 | MO: 2232   2.00  -0.53269849785550
MO: 2233   2.00  -0.53260171279710 | MO: 2234   2.00  -0.53252940291823
MO: 2235   2.00  -0.53235088736188 | MO: 2236   2.00  -0.53229827259939
MO: 2237   2.00  -0.53223604044639 | MO: 2238   2.00  -0.53221613946551
MO: 2239   2.00  -0.53212890897843 | MO: 2240   2.00  -0.53203976501563
MO: 2241   2.00  -0.53195036351893 | MO: 2242   2.00  -0.53170225599526
MO: 2243   2.00  -0.53157531550538 | MO: 2244   2.00  -0.53156914988050
MO: 2245   2.00  -0.53140782338006 | MO: 2246   2.00  -0.53130341043079
MO: 2247   2.00  -0.53116824810514 | MO: 2248   2.00  -0.53089777214566
MO: 2249   2.00  -0.53084968059944 | MO: 2250   2.00  -0.53079637195036
MO: 2251   2.00  -0.53071942962656 | MO: 2252   2.00  -0.53062811064872
MO: 2253   2.00  -0.53055945340151 | MO: 2254   2.00  -0.53055771642826
MO: 2255   2.00  -0.53051769064167 | MO: 2256   2.00  -0.53050835273228
MO: 2257   2.00  -0.53034640693096 | MO: 2258   2.00  -0.53030911888909
MO: 2259   2.00  -0.53029605332904 | MO: 2260   2.00  -0.52989899379932
MO: 2261   2.00  -0.52988233723710 | MO: 2262   2.00  -0.52960179902469
MO: 2263   2.00  -0.52947889140028 | MO: 2264   2.00  -0.52944756410889
MO: 2265   2.00  -0.52940075086804 | MO: 2266   2.00  -0.52934716185875
MO: 2267   2.00  -0.52933850738166 | MO: 2268   2.00  -0.52930209357445
MO: 2269   2.00  -0.52925109365001 | MO: 2270   2.00  -0.52924845313930
MO: 2271   2.00  -0.52923007670453 | MO: 2272   2.00  -0.52895661478174
MO: 2273   2.00  -0.52892336017763 | MO: 2274   2.00  -0.52890040807600
MO: 2275   2.00  -0.52886187109093 | MO: 2276   2.00  -0.52867282954435
MO: 2277   2.00  -0.52855651741720 | MO: 2278   2.00  -0.52840415480832
MO: 2279   2.00  -0.52839135298235 | MO: 2280   2.00  -0.52812739197403
MO: 2281   2.00  -0.52809000553584 | MO: 2282   2.00  -0.52799976213055
MO: 2283   2.00  -0.52794881307454 | MO: 2284   2.00  -0.52788852389483
MO: 2285   2.00  -0.52781045907413 | MO: 2286   2.00  -0.52779882464227
MO: 2287   2.00  -0.52778931509811 | MO: 2288   2.00  -0.52777068386243
MO: 2289   2.00  -0.52776937605885 | MO: 2290   2.00  -0.52766980787684
MO: 2291   2.00  -0.52754993575059 | MO: 2292   2.00  -0.52753639092048
MO: 2293   2.00  -0.52745507960535 | MO: 2294   2.00  -0.52733986567575
MO: 2295   2.00  -0.52717865251628 | MO: 2296   2.00  -0.52715288725039
MO: 2297   2.00  -0.52711047658199 | MO: 2298   2.00  -0.52702679842595
MO: 2299   2.00  -0.52685298595440 | MO: 2300   2.00  -0.52681454354830
MO: 2301   2.00  -0.52677202509841 | MO: 2302   2.00  -0.52672181519086
MO: 2303   2.00  -0.52668608168258 | MO: 2304   2.00  -0.52647522320519
MO: 2305   2.00  -0.52644424624425 | MO: 2306   2.00  -0.52632618978742
MO: 2307   2.00  -0.52627473614465 | MO: 2308   2.00  -0.52622880083258
MO: 2309   2.00  -0.52613462701522 | MO: 2310   2.00  -0.52611039342086
MO: 2311   2.00  -0.52608940801233 | MO: 2312   2.00  -0.52606707885085
MO: 2313   2.00  -0.52588324861320 | MO: 2314   2.00  -0.52588320935193
MO: 2315   2.00  -0.52573455375161 | MO: 2316   2.00  -0.52572400983381
MO: 2317   2.00  -0.52571174740013 | MO: 2318   2.00  -0.52563985122821
MO: 2319   2.00  -0.52541937206132 | MO: 2320   2.00  -0.52536573553573
MO: 2321   2.00  -0.52526462693777 | MO: 2322   2.00  -0.52516049407331
MO: 2323   2.00  -0.52513813639316 | MO: 2324   2.00  -0.52503233910174
MO: 2325   2.00  -0.52503039032942 | MO: 2326   2.00  -0.52501746085003
MO: 2327   2.00  -0.52481643354989 | MO: 2328   2.00  -0.52478511220396
MO: 2329   2.00  -0.52462406145490 | MO: 2330   2.00  -0.52459107520008
MO: 2331   2.00  -0.52451341171382 | MO: 2332   2.00  -0.52437646146384
MO: 2333   2.00  -0.52431274955029 | MO: 2334   2.00  -0.52428973312529
MO: 2335   2.00  -0.52424999921336 | MO: 2336   2.00  -0.52421289109747
MO: 2337   2.00  -0.52417359664357 | MO: 2338   2.00  -0.52412143456683
MO: 2339   2.00  -0.52405889462584 | MO: 2340   2.00  -0.52400757461669
MO: 2341   2.00  -0.52399520354988 | MO: 2342   2.00  -0.52387164661374
MO: 2343   2.00  -0.52377270446948 | MO: 2344   2.00  -0.52364450248949
MO: 2345   2.00  -0.52354048967563 | MO: 2346   2.00  -0.52335456923358
MO: 2347   2.00  -0.52334772205086 | MO: 2348   2.00  -0.52329343122726
MO: 2349   2.00  -0.52327381323264 | MO: 2350   2.00  -0.52294746495596
MO: 2351   2.00  -0.52284523617657 | MO: 2352   2.00  -0.52268887565145
MO: 2353   2.00  -0.52262711433534 | MO: 2354   2.00  -0.52236762640665
MO: 2355   2.00  -0.52217220108973 | MO: 2356   2.00  -0.52215289310736
MO: 2357   2.00  -0.52211811460730 | MO: 2358   2.00  -0.52208301630880
MO: 2359   2.00  -0.52203081317142 | MO: 2360   2.00  -0.52197959271732
MO: 2361   2.00  -0.52185081284907 | MO: 2362   2.00  -0.52176099721462
MO: 2363   2.00  -0.52168904265415 | MO: 2364   2.00  -0.52168631201785
MO: 2365   2.00  -0.52158105842926 | MO: 2366   2.00  -0.52152596111446
MO: 2367   2.00  -0.52146323516807 | MO: 2368   2.00  -0.52144396572437
MO: 2369   2.00  -0.52143624818769 | MO: 2370   2.00  -0.52137079600193
MO: 2371   2.00  -0.52121362795960 | MO: 2372   2.00  -0.52110966021347
MO: 2373   2.00  -0.52099100857017 | MO: 2374   2.00  -0.52097768266080
MO: 2375   2.00  -0.52073291703099 | MO: 2376   2.00  -0.52068381266205
MO: 2377   2.00  -0.52056511665003 | MO: 2378   2.00  -0.52047935828521
MO: 2379   2.00  -0.52045459218976 | MO: 2380   2.00  -0.52035562462904
MO: 2381   2.00  -0.52029251409333 | MO: 2382   2.00  -0.52023765573222
MO: 2383   2.00  -0.51993433653639 | MO: 2384   2.00  -0.51992588442940
MO: 2385   2.00  -0.51992325871047 | MO: 2386   2.00  -0.51990073404852
MO: 2387   2.00  -0.51981417739927 | MO: 2388   2.00  -0.51972404077729
MO: 2389   2.00  -0.51971819548963 | MO: 2390   2.00  -0.51963861860355
MO: 2391   2.00  -0.51953307021101 | MO: 2392   2.00  -0.51950948712104
MO: 2393   2.00  -0.51930116518408 | MO: 2394   2.00  -0.51928690551775
MO: 2395   2.00  -0.51924910960575 | MO: 2396   2.00  -0.51919227681381
MO: 2397   2.00  -0.51907065379508 | MO: 2398   2.00  -0.51905339809597
MO: 2399   2.00  -0.51892882324235 | MO: 2400   2.00  -0.51882427989965
MO: 2401   2.00  -0.51878754786797 | MO: 2402   2.00  -0.51874455810970
MO: 2403   2.00  -0.51868585133478 | MO: 2404   2.00  -0.51856356891175
MO: 2405   2.00  -0.51841046850702 | MO: 2406   2.00  -0.51840351414655
MO: 2407   2.00  -0.51824583442841 | MO: 2408   2.00  -0.51808396377330
MO: 2409   2.00  -0.51804171580879 | MO: 2410   2.00  -0.51794480925010
MO: 2411   2.00  -0.51771412902536 | MO: 2412   2.00  -0.51744826653814
MO: 2413   2.00  -0.51741755518346 | MO: 2414   2.00  -0.51730024403292
MO: 2415   2.00  -0.51722360282410 | MO: 2416   2.00  -0.51717622627345
MO: 2417   2.00  -0.51714485299899 | MO: 2418   2.00  -0.51713463293522
MO: 2419   2.00  -0.51694754258808 | MO: 2420   2.00  -0.51632798664445
MO: 2421   2.00  -0.51627503963312 | MO: 2422   2.00  -0.51625293671499
MO: 2423   2.00  -0.51615137569469 | MO: 2424   2.00  -0.51605736831203
MO: 2425   2.00  -0.51595731071068 | MO: 2426   2.00  -0.51591581860828
MO: 2427   2.00  -0.51575009952585 | MO: 2428   2.00  -0.51563283586119
MO: 2429   2.00  -0.51526728827043 | MO: 2430   2.00  -0.51522568337115
MO: 2431   2.00  -0.51519828206319 | MO: 2432   2.00  -0.51518525083914
MO: 2433   2.00  -0.51506094636360 | MO: 2434   2.00  -0.51503967037854
MO: 2435   2.00  -0.51495315654816 | MO: 2436   2.00  -0.51495120096971
MO: 2437   2.00  -0.51484662765868 | MO: 2438   2.00  -0.51483266427532
MO: 2439   2.00  -0.51481542951244 | MO: 2440   2.00  -0.51462508492958
MO: 2441   2.00  -0.51451623894163 | MO: 2442   2.00  -0.51438666075340
MO: 2443   2.00  -0.51436783256814 | MO: 2444   2.00  -0.51418734330839
MO: 2445   2.00  -0.51417932938258 | MO: 2446   2.00  -0.51408066973588
MO: 2447   2.00  -0.51397735469408 | MO: 2448   2.00  -0.51394935285507
MO: 2449   2.00  -0.51391705538808 | MO: 2450   2.00  -0.51384898588849
MO: 2451   2.00  -0.51379363920702 | MO: 2452   2.00  -0.51370732130673
MO: 2453   2.00  -0.51366394461981 | MO: 2454   2.00  -0.51351513604953
MO: 2455   2.00  -0.51347249597490 | MO: 2456   2.00  -0.51337653627234
MO: 2457   2.00  -0.51334565833657 | MO: 2458   2.00  -0.51333851204982
MO: 2459   2.00  -0.51330575892571 | MO: 2460   2.00  -0.51325513629850
MO: 2461   2.00  -0.51289305036013 | MO: 2462   2.00  -0.51281346946930
MO: 2463   2.00  -0.51265966058425 | MO: 2464   2.00  -0.51261741412133
MO: 2465   2.00  -0.51246442591735 | MO: 2466   2.00  -0.51243587670166
MO: 2467   2.00  -0.51242546094207 | MO: 2468   2.00  -0.51233728034097
MO: 2469   2.00  -0.51216068603338 | MO: 2470   2.00  -0.51197262386162
MO: 2471   2.00  -0.51196669488043 | MO: 2472   2.00  -0.51194672112891
MO: 2473   2.00  -0.51180354367480 | MO: 2474   2.00  -0.51179647260064
MO: 2475   2.00  -0.51156542894351 | MO: 2476   2.00  -0.51153401807511
MO: 2477   2.00  -0.51151670391542 | MO: 2478   2.00  -0.51132167689084
MO: 2479   2.00  -0.51130287115484 | MO: 2480   2.00  -0.51107325508215
MO: 2481   2.00  -0.51105947262726 | MO: 2482   2.00  -0.51098912873405
MO: 2483   2.00  -0.51079260041426 | MO: 2484   2.00  -0.51075463511323
MO: 2485   2.00  -0.51072738193343 | MO: 2486   2.00  -0.51070977842720
MO: 2487   2.00  -0.51066353285498 | MO: 2488   2.00  -0.51053343715571
MO: 2489   2.00  -0.51052198206946 | MO: 2490   2.00  -0.51044709882333
MO: 2491   2.00  -0.51038572588287 | MO: 2492   2.00  -0.51017894071229
MO: 2493   2.00  -0.51011917651903 | MO: 2494   2.00  -0.50992878182704
MO: 2495   2.00  -0.50988298689098 | MO: 2496   2.00  -0.50981008622472
MO: 2497   2.00  -0.50976784702492 | MO: 2498   2.00  -0.50965337631634
MO: 2499   2.00  -0.50955460161103 | MO: 2500   2.00  -0.50942647615468
MO: 2501   2.00  -0.50931175315824 | MO: 2502   2.00  -0.50924473371035
MO: 2503   2.00  -0.50915220053160 | MO: 2504   2.00  -0.50909820143411
MO: 2505   2.00  -0.50902775747189 | MO: 2506   2.00  -0.50878679239261
MO: 2507   2.00  -0.50875810698122 | MO: 2508   2.00  -0.50874891051405
MO: 2509   2.00  -0.50851661506276 | MO: 2510   2.00  -0.50839771201785
MO: 2511   2.00  -0.50839172048535 | MO: 2512   2.00  -0.50827762218707
MO: 2513   2.00  -0.50808798552488 | MO: 2514   2.00  -0.50797902521441
MO: 2515   2.00  -0.50787812196663 | MO: 2516   2.00  -0.50781148583780
MO: 2517   2.00  -0.50779364838190 | MO: 2518   2.00  -0.50766756555732
MO: 2519   2.00  -0.50766372680244 | MO: 2520   2.00  -0.50744729741290
MO: 2521   2.00  -0.50733517432800 | MO: 2522   2.00  -0.50733125609488
MO: 2523   2.00  -0.50701931293513 | MO: 2524   2.00  -0.50692580902633
MO: 2525   2.00  -0.50688787894728 | MO: 2526   2.00  -0.50687704560537
MO: 2527   2.00  -0.50674204775153 | MO: 2528   2.00  -0.50667300357399
MO: 2529   2.00  -0.50662242684508 | MO: 2530   2.00  -0.50660536399257
MO: 2531   2.00  -0.50653340478124 | MO: 2532   2.00  -0.50648984937774
MO: 2533   2.00  -0.50632874163211 | MO: 2534   2.00  -0.50630708785339
MO: 2535   2.00  -0.50621872850139 | MO: 2536   2.00  -0.50610650152270
MO: 2537   2.00  -0.50609648506548 | MO: 2538   2.00  -0.50601187728687
MO: 2539   2.00  -0.50590322327709 | MO: 2540   2.00  -0.50583471385049
MO: 2541   2.00  -0.50578565308212 | MO: 2542   2.00  -0.50569007960926
MO: 2543   2.00  -0.50537899963029 | MO: 2544   2.00  -0.50521142841721
MO: 2545   2.00  -0.50513940566127 | MO: 2546   2.00  -0.50511251522157
MO: 2547   2.00  -0.50492651835468 | MO: 2548   2.00  -0.50489275452861
MO: 2549   2.00  -0.50479525314155 | MO: 2550   2.00  -0.50477099856133
MO: 2551   2.00  -0.50469308896025 | MO: 2552   2.00  -0.50454667783064
MO: 2553   2.00  -0.50451083942635 | MO: 2554   2.00  -0.50441584301845
MO: 2555   2.00  -0.50430594577996 | MO: 2556   2.00  -0.50425047498644
MO: 2557   2.00  -0.50419474960207 | MO: 2558   2.00  -0.50411427544534
MO: 2559   2.00  -0.50404695973575 | MO: 2560   2.00  -0.50402279864527
MO: 2561   2.00  -0.50401478063490 | MO: 2562   2.00  -0.50396427963908
MO: 2563   2.00  -0.50395843533144 | MO: 2564   2.00  -0.50394711647416
MO: 2565   2.00  -0.50373755747207 | MO: 2566   2.00  -0.50357993163601
MO: 2567   2.00  -0.50351191904573 | MO: 2568   2.00  -0.50346539830718
MO: 2569   2.00  -0.50341965119579 | MO: 2570   2.00  -0.50317065933734
MO: 2571   2.00  -0.50310075257461 | MO: 2572   2.00  -0.50302541465744
MO: 2573   2.00  -0.50298410108275 | MO: 2574   2.00  -0.50295807407244
MO: 2575   2.00  -0.50292976295742 | MO: 2576   2.00  -0.50275570016727
MO: 2577   2.00  -0.50262628458092 | MO: 2578   2.00  -0.50252354005652
MO: 2579   2.00  -0.50247294174290 | MO: 2580   2.00  -0.50245396158896
MO: 2581   2.00  -0.50233184026178 | MO: 2582   2.00  -0.50209989236665
MO: 2583   2.00  -0.50198307137085 | MO: 2584   2.00  -0.50189638535610
MO: 2585   2.00  -0.50184402807789 | MO: 2586   2.00  -0.50176362914939
MO: 2587   2.00  -0.50173761014874 | MO: 2588   2.00  -0.50157076101003
MO: 2589   2.00  -0.50155655033093 | MO: 2590   2.00  -0.50155093527733
MO: 2591   2.00  -0.50149090814947 | MO: 2592   2.00  -0.50135702354658
MO: 2593   2.00  -0.50128526115576 | MO: 2594   2.00  -0.50122064214038
MO: 2595   2.00  -0.50111396896165 | MO: 2596   2.00  -0.50105834920484
MO: 2597   2.00  -0.50105461219180 | MO: 2598   2.00  -0.50091297843063
MO: 2599   2.00  -0.50082790843852 | MO: 2600   2.00  -0.50073208500912
MO: 2601   2.00  -0.50050709991502 | MO: 2602   2.00  -0.50044359511004
MO: 2603   2.00  -0.50034222817165 | MO: 2604   2.00  -0.50021181943071
MO: 2605   2.00  -0.50017881895927 | MO: 2606   2.00  -0.50008191566237
MO: 2607   2.00  -0.50004518903953 | MO: 2608   2.00  -0.49996713207897
MO: 2609   2.00  -0.49982825179085 | MO: 2610   2.00  -0.49974267607881
MO: 2611   2.00  -0.49964627172327 | MO: 2612   2.00  -0.49960447724983
MO: 2613   2.00  -0.49946454000468 | MO: 2614   2.00  -0.49945495913198
MO: 2615   2.00  -0.49938993599950 | MO: 2616   2.00  -0.49938902291042
MO: 2617   2.00  -0.49917742547094 | MO: 2618   2.00  -0.49906993903360
MO: 2619   2.00  -0.49871526325758 | MO: 2620   2.00  -0.49868568106468
MO: 2621   2.00  -0.49865587069364 | MO: 2622   2.00  -0.49864958381894
MO: 2623   2.00  -0.49852904099721 | MO: 2624   2.00  -0.49850922114894
MO: 2625   2.00  -0.49846283425869 | MO: 2626   2.00  -0.49823518470416
MO: 2627   2.00  -0.49813814323033 | MO: 2628   2.00  -0.49800360423809
MO: 2629   2.00  -0.49798923555251 | MO: 2630   2.00  -0.49783968323828
MO: 2631   2.00  -0.49777767988384 | MO: 2632   2.00  -0.49772227044428
MO: 2633   2.00  -0.49741654666410 | MO: 2634   2.00  -0.49739357581008
MO: 2635   2.00  -0.49734257890370 | MO: 2636   2.00  -0.49714297130030
MO: 2637   2.00  -0.49707164854757 | MO: 2638   2.00  -0.49704969961188
MO: 2639   2.00  -0.49699554158170 | MO: 2640   2.00  -0.49689163081227
MO: 2641   2.00  -0.49683020235182 | MO: 2642   2.00  -0.49682295497684
MO: 2643   2.00  -0.49678292679787 | MO: 2644   2.00  -0.49677574779300
MO: 2645   2.00  -0.49670280761854 | MO: 2646   2.00  -0.49669277821371
MO: 2647   2.00  -0.49660857002583 | MO: 2648   2.00  -0.49657949332795
MO: 2649   2.00  -0.49647305990106 | MO: 2650   2.00  -0.49633179849204
MO: 2651   2.00  -0.49629276618982 | MO: 2652   2.00  -0.49626723276653
MO: 2653   2.00  -0.49614585085142 | MO: 2654   2.00  -0.49608633365987
MO: 2655   2.00  -0.49595042593747 | MO: 2656   2.00  -0.49593333696351
MO: 2657   2.00  -0.49583036465371 | MO: 2658   2.00  -0.49576853550049
MO: 2659   2.00  -0.49571353208412 | MO: 2660   2.00  -0.49570438580739
MO: 2661   2.00  -0.49565175389157 | MO: 2662   2.00  -0.49559937339038
MO: 2663   2.00  -0.49552824139675 | MO: 2664   2.00  -0.49547444980653
MO: 2665   2.00  -0.49522229533743 | MO: 2666   2.00  -0.49518256146163
MO: 2667   2.00  -0.49511751496247 | MO: 2668   2.00  -0.49507136232209
MO: 2669   2.00  -0.49499369240333 | MO: 2670   2.00  -0.49495612806579
MO: 2671   2.00  -0.49494302590108 | MO: 2672   2.00  -0.49469537449604
MO: 2673   2.00  -0.49468640719240 | MO: 2674   2.00  -0.49467795088163
MO: 2675   2.00  -0.49459732929872 | MO: 2676   2.00  -0.49449574772958
MO: 2677   2.00  -0.49433460944424 | MO: 2678   2.00  -0.49428532873337
MO: 2679   2.00  -0.49427464118773 | MO: 2680   2.00  -0.49415248036858
MO: 2681   2.00  -0.49407426305351 | MO: 2682   2.00  -0.49399935272660
MO: 2683   2.00  -0.49398290385582 | MO: 2684   2.00  -0.49381044034150
MO: 2685   2.00  -0.49375695839220 | MO: 2686   2.00  -0.49363986306243
MO: 2687   2.00  -0.49361173728222 | MO: 2688   2.00  -0.49350217839704
MO: 2689   2.00  -0.49341298031496 | MO: 2690   2.00  -0.49338686125693
MO: 2691   2.00  -0.49326855001526 | MO: 2692   2.00  -0.49324598341835
MO: 2693   2.00  -0.49308475840982 | MO: 2694   2.00  -0.49307750582516
MO: 2695   2.00  -0.49301157137381 | MO: 2696   2.00  -0.49294483205624
MO: 2697   2.00  -0.49290283076213 | MO: 2698   2.00  -0.49282826935474
MO: 2699   2.00  -0.49279646665701 | MO: 2700   2.00  -0.49276097519367
MO: 2701   2.00  -0.49257331817875 | MO: 2702   2.00  -0.49255389176469
MO: 2703   2.00  -0.49254669055875 | MO: 2704   2.00  -0.49251719883400
MO: 2705   2.00  -0.49244522461699 | MO: 2706   2.00  -0.49233066596009
MO: 2707   2.00  -0.49225524612807 | MO: 2708   2.00  -0.49222324074169
MO: 2709   2.00  -0.49204742165140 | MO: 2710   2.00  -0.49192850572825
MO: 2711   2.00  -0.49185229190776 | MO: 2712   2.00  -0.49174381472264
MO: 2713   2.00  -0.49164456645290 | MO: 2714   2.00  -0.49153624674211
MO: 2715   2.00  -0.49150101056527 | MO: 2716   2.00  -0.49142039190735
MO: 2717   2.00  -0.49131856257591 | MO: 2718   2.00  -0.49126430088506
MO: 2719   2.00  -0.49118934371315 | MO: 2720   2.00  -0.49114595273706
MO: 2721   2.00  -0.49098962266717 | MO: 2722   2.00  -0.49098503424495
MO: 2723   2.00  -0.49074776449528 | MO: 2724   2.00  -0.49070854486768
MO: 2725   2.00  -0.49066957897241 | MO: 2726   2.00  -0.49058763974529
MO: 2727   2.00  -0.49052371889194 | MO: 2728   2.00  -0.49033392314677
MO: 2729   2.00  -0.49023657531811 | MO: 2730   2.00  -0.49007715965423
MO: 2731   2.00  -0.49007057909539 | MO: 2732   2.00  -0.49002500235563
MO: 2733   2.00  -0.48991495790331 | MO: 2734   2.00  -0.48981213945700
MO: 2735   2.00  -0.48978925068106 | MO: 2736   2.00  -0.48968935858268
MO: 2737   2.00  -0.48942297057489 | MO: 2738   2.00  -0.48932038724022
MO: 2739   2.00  -0.48925833581299 | MO: 2740   2.00  -0.48918849177796
MO: 2741   2.00  -0.48918089767366 | MO: 2742   2.00  -0.48914418004903
MO: 2743   2.00  -0.48908232431453 | MO: 2744   2.00  -0.48907651207912
MO: 2745   2.00  -0.48897663006975 | MO: 2746   2.00  -0.48868305233479
MO: 2747   2.00  -0.48864963846678 | MO: 2748   2.00  -0.48857445503998
MO: 2749   2.00  -0.48845567480022 | MO: 2750   2.00  -0.48842218174265
MO: 2751   2.00  -0.48837653899607 | MO: 2752   2.00  -0.48836954903560
MO: 2753   2.00  -0.48834360303009 | MO: 2754   2.00  -0.48827350260303
MO: 2755   2.00  -0.48815488120085 | MO: 2756   2.00  -0.48808557151233
MO: 2757   2.00  -0.48802831349501 | MO: 2758   2.00  -0.48793458186644
MO: 2759   2.00  -0.48785380119606 | MO: 2760   2.00  -0.48781920308457
MO: 2761   2.00  -0.48778587022804 | MO: 2762   2.00  -0.48770766167240
MO: 2763   2.00  -0.48767498811476 | MO: 2764   2.00  -0.48761117772282
MO: 2765   2.00  -0.48739046243538 | MO: 2766   2.00  -0.48736865754722
MO: 2767   2.00  -0.48727844588176 | MO: 2768   2.00  -0.48717224579155
MO: 2769   2.00  -0.48717023886841 | MO: 2770   2.00  -0.48713548715265
MO: 2771   2.00  -0.48699814644923 | MO: 2772   2.00  -0.48693783882620
MO: 2773   2.00  -0.48690473383907 | MO: 2774   2.00  -0.48689354688477
MO: 2775   2.00  -0.48679899102762 | MO: 2776   2.00  -0.48671460955542
MO: 2777   2.00  -0.48649030738177 | MO: 2778   2.00  -0.48649024967634
MO: 2779   2.00  -0.48647061889632 | MO: 2780   2.00  -0.48642447014563
MO: 2781   2.00  -0.48629289812971 | MO: 2782   2.00  -0.48623563344064
MO: 2783   2.00  -0.48612231958667 | MO: 2784   2.00  -0.48610580206058
MO: 2785   2.00  -0.48608653488401 | MO: 2786   2.00  -0.48605248732458
MO: 2787   2.00  -0.48591483686709 | MO: 2788   2.00  -0.48585823815419
MO: 2789   2.00  -0.48577863513150 | MO: 2790   2.00  -0.48572935497108
MO: 2791   2.00  -0.48570448359839 | MO: 2792   2.00  -0.48562113604902
MO: 2793   2.00  -0.48551047000181 | MO: 2794   2.00  -0.48539994900268
MO: 2795   2.00  -0.48530714401988 | MO: 2796   2.00  -0.48530544835660
MO: 2797   2.00  -0.48529139143971 | MO: 2798   2.00  -0.48528587224187
MO: 2799   2.00  -0.48515730642579 | MO: 2800   2.00  -0.48497936720536
MO: 2801   2.00  -0.48495608980294 | MO: 2802   2.00  -0.48488317299895
MO: 2803   2.00  -0.48477493732350 | MO: 2804   2.00  -0.48475884608381
MO: 2805   2.00  -0.48469038675030 | MO: 2806   2.00  -0.48456744292463
MO: 2807   2.00  -0.48454597224134 | MO: 2808   2.00  -0.48447344145585
MO: 2809   2.00  -0.48444528419597 | MO: 2810   2.00  -0.48429314297651
MO: 2811   2.00  -0.48425286313829 | MO: 2812   2.00  -0.48414392441292
MO: 2813   2.00  -0.48403814387080 | MO: 2814   2.00  -0.48398453223153
MO: 2815   2.00  -0.48394452367764 | MO: 2816   2.00  -0.48376111544415
MO: 2817   2.00  -0.48374935989902 | MO: 2818   2.00  -0.48367861314641
MO: 2819   2.00  -0.48359501145579 | MO: 2820   2.00  -0.48356690123111
MO: 2821   2.00  -0.48351029014963 | MO: 2822   2.00  -0.48348079627301
MO: 2823   2.00  -0.48342826485941 | MO: 2824   2.00  -0.48331498636073
MO: 2825   2.00  -0.48319028255461 | MO: 2826   2.00  -0.48303161333699
MO: 2827   2.00  -0.48295834582629 | MO: 2828   2.00  -0.48268293543917
MO: 2829   2.00  -0.48253933203595 | MO: 2830   2.00  -0.48252019177370
MO: 2831   2.00  -0.48242336261751 | MO: 2832   2.00  -0.48238745909215
MO: 2833   2.00  -0.48228571434724 | MO: 2834   2.00  -0.48228059260915
MO: 2835   2.00  -0.48209299030951 | MO: 2836   2.00  -0.48203324805996
MO: 2837   2.00  -0.48191932612756 | MO: 2838   2.00  -0.48188544286472
MO: 2839   2.00  -0.48171784485823 | MO: 2840   2.00  -0.48165553789104
MO: 2841   2.00  -0.48164720684998 | MO: 2842   2.00  -0.48159966453354
MO: 2843   2.00  -0.48152423850499 | MO: 2844   2.00  -0.48139671689244
MO: 2845   2.00  -0.48135857027835 | MO: 2846   2.00  -0.48107328259875
MO: 2847   2.00  -0.48099288784847 | MO: 2848   2.00  -0.48097776833439
MO: 2849   2.00  -0.48069584683040 | MO: 2850   2.00  -0.48067299770421
MO: 2851   2.00  -0.48062626100674 | MO: 2852   2.00  -0.48053490426333
MO: 2853   2.00  -0.48047952347746 | MO: 2854   2.00  -0.48044700665306
MO: 2855   2.00  -0.48042613856407 | MO: 2856   2.00  -0.48030829640154
MO: 2857   2.00  -0.48008117519261 | MO: 2858   2.00  -0.47999100283423
MO: 2859   2.00  -0.47986796167079 | MO: 2860   2.00  -0.47972668977691
MO: 2861   2.00  -0.47968256910510 | MO: 2862   2.00  -0.47950657459421
MO: 2863   2.00  -0.47938345633818 | MO: 2864   2.00  -0.47935101621747
MO: 2865   2.00  -0.47923998808210 | MO: 2866   2.00  -0.47919662384356
MO: 2867   2.00  -0.47917583424859 | MO: 2868   2.00  -0.47913100109436
MO: 2869   2.00  -0.47912494358929 | MO: 2870   2.00  -0.47893005062004
MO: 2871   2.00  -0.47862973945496 | MO: 2872   2.00  -0.47844676607355
MO: 2873   2.00  -0.47798203449913 | MO: 2874   2.00  -0.47792311266793
MO: 2875   2.00  -0.47789032308911 | MO: 2876   2.00  -0.47777697931983
MO: 2877   2.00  -0.47759295240460 | MO: 2878   2.00  -0.47752847228026
MO: 2879   2.00  -0.47738178828831 | MO: 2880   2.00  -0.47718180197961
MO: 2881   2.00  -0.47717013237539 | MO: 2882   2.00  -0.47715816181445
MO: 2883   2.00  -0.47711819719044 | MO: 2884   2.00  -0.47695784595555
MO: 2885   2.00  -0.47687248530042 | MO: 2886   2.00  -0.47675720005884
MO: 2887   2.00  -0.47664668939042 | MO: 2888   2.00  -0.47641881207189
MO: 2889   2.00  -0.47636317890833 | MO: 2890   2.00  -0.47630237803395
MO: 2891   2.00  -0.47611972985338 | MO: 2892   2.00  -0.47604512721483
MO: 2893   2.00  -0.47596703870309 | MO: 2894   2.00  -0.47590967515216
MO: 2895   2.00  -0.47556885661085 | MO: 2896   2.00  -0.47553878195138
MO: 2897   2.00  -0.47528805220229 | MO: 2898   2.00  -0.47524884058724
MO: 2899   2.00  -0.47517263565926 | MO: 2900   2.00  -0.47487715544847
MO: 2901   2.00  -0.47476523780835 | MO: 2902   2.00  -0.47465449229603
MO: 2903   2.00  -0.47451951003325 | MO: 2904   2.00  -0.47438226244371
MO: 2905   2.00  -0.47435249793298 | MO: 2906   2.00  -0.47421948475085
MO: 2907   2.00  -0.47408809755319 | MO: 2908   2.00  -0.47391713206807
MO: 2909   2.00  -0.47389520632259 | MO: 2910   2.00  -0.47370712071858
MO: 2911   2.00  -0.47367106995561 | MO: 2912   2.00  -0.47358421717667
MO: 2913   2.00  -0.47358038706334 | MO: 2914   2.00  -0.47357174165496
MO: 2915   2.00  -0.47304954870760 | MO: 2916   2.00  -0.47303954821503
MO: 2917   2.00  -0.47288058282395 | MO: 2918   2.00  -0.47276834455212
MO: 2919   2.00  -0.47263490646987 | MO: 2920   2.00  -0.47245185253062
MO: 2921   2.00  -0.47240402329076 | MO: 2922   2.00  -0.47213122055968
MO: 2923   2.00  -0.47195086337733 | MO: 2924   2.00  -0.47159523384282
MO: 2925   2.00  -0.47146401253601 | MO: 2926   2.00  -0.47141193628443
MO: 2927   2.00  -0.47136029569321 | MO: 2928   2.00  -0.47126951640270
MO: 2929   2.00  -0.47092719278960 | MO: 2930   2.00  -0.47063993211306
MO: 2931   2.00  -0.47023233805864 | MO: 2932   2.00  -0.47004869710542
MO: 2933   2.00  -0.46952260911073 | MO: 2934   2.00  -0.46949379220158
MO: 2935   2.00  -0.46923229105682 | MO: 2936   2.00  -0.46868594028580
MO: 2937   2.00  -0.46817356424727 | MO: 2938   2.00  -0.46797380257972
MO: 2939   2.00  -0.46756689213736 | MO: 2940   2.00  -0.46635567237876
MO: 2941   2.00  -0.46629876623213 | MO: 2942   2.00  -0.46583640941221
MO: 2943   2.00  -0.46549443625420 | MO: 2944   2.00  -0.46506669347092
MO: 2945   2.00  -0.46487055719854 | MO: 2946   2.00  -0.46454600143848
MO: 2947   2.00  -0.46406979088415 | MO: 2948   2.00  -0.46354626996411
MO: 2949   2.00  -0.46283841581221 | MO: 2950   2.00  -0.46157384205573
MO: 2951   2.00  -0.46109810095360 | MO: 2952   2.00  -0.45975621957492
MO: 2953   2.00  -0.45858417367594 | MO: 2954   2.00  -0.45854302778567
MO: 2955   2.00  -0.45839617935963 | MO: 2956   2.00  -0.45802471370382
MO: 2957   2.00  -0.45779433733340 | MO: 2958   2.00  -0.45773046538472
MO: 2959   2.00  -0.45772179580342 | MO: 2960   2.00  -0.45764854252197
MO: 2961   2.00  -0.45754443348177 | MO: 2962   2.00  -0.45742538080657
MO: 2963   2.00  -0.45704911787067 | MO: 2964   2.00  -0.45672643115742
MO: 2965   2.00  -0.45670702464304 | MO: 2966   2.00  -0.45668155032025
MO: 2967   2.00  -0.45634265719486 | MO: 2968   2.00  -0.45625816882341
MO: 2969   2.00  -0.45593425376874 | MO: 2970   2.00  -0.45589764959641
MO: 2971   2.00  -0.45568707159092 | MO: 2972   2.00  -0.45559560473157
MO: 2973   2.00  -0.45553111988749 | MO: 2974   2.00  -0.45540135561462
MO: 2975   2.00  -0.45539922801361 | MO: 2976   2.00  -0.45533173726712
MO: 2977   2.00  -0.45523572935530 | MO: 2978   2.00  -0.45410085989711
MO: 2979   2.00  -0.45353450586952 | MO: 2980   2.00  -0.45332663867990
MO: 2981   2.00  -0.45317492576484 | MO: 2982   2.00  -0.45307931840694
MO: 2983   2.00  -0.45294126634878 | MO: 2984   2.00  -0.45291963032263
MO: 2985   2.00  -0.45278274172238 | MO: 2986   2.00  -0.45184646061690
MO: 2987   2.00  -0.45167823676407 | MO: 2988   2.00  -0.45123143157332
MO: 2989   2.00  -0.45123059484506 | MO: 2990   2.00  -0.45021097143051
MO: 2991   2.00  -0.45016775790239 | MO: 2992   2.00  -0.44997449428541
MO: 2993   2.00  -0.44994435936304 | MO: 2994   2.00  -0.44980274307717
MO: 2995   2.00  -0.44978427217836 | MO: 2996   2.00  -0.44960043986716
MO: 2997   2.00  -0.44911561776994 | MO: 2998   2.00  -0.44907863673537
MO: 2999   2.00  -0.44899440951851 | MO: 3000   2.00  -0.44892683292898
MO: 3001   2.00  -0.44890949056730 | MO: 3002   2.00  -0.44845773302815
MO: 3003   2.00  -0.44838436294886 | MO: 3004   2.00  -0.44828416289223
MO: 3005   2.00  -0.44819480767189 | MO: 3006   2.00  -0.44817143182449
MO: 3007   2.00  -0.44812987278531 | MO: 3008   2.00  -0.44808098448137
MO: 3009   2.00  -0.44749725351315 | MO: 3010   2.00  -0.44745715366601
MO: 3011   2.00  -0.44735953982252 | MO: 3012   2.00  -0.44733752133332
MO: 3013   2.00  -0.44715088313197 | MO: 3014   2.00  -0.44708587493238
MO: 3015   2.00  -0.44705975117565 | MO: 3016   2.00  -0.44672652989149
MO: 3017   2.00  -0.44640325359676 | MO: 3018   2.00  -0.44632380270687
MO: 3019   2.00  -0.44617263609307 | MO: 3020   2.00  -0.44605398171499
MO: 3021   2.00  -0.44576823319637 | MO: 3022   2.00  -0.44573152558017
MO: 3023   2.00  -0.44560988031234 | MO: 3024   2.00  -0.44541343511496
MO: 3025   2.00  -0.44483492313451 | MO: 3026   2.00  -0.44441962034929
MO: 3027   2.00  -0.44346765347776 | MO: 3028   2.00  -0.44346021729401
MO: 3029   2.00  -0.44110106113551 | MO: 3030   2.00  -0.44046648876831
MO: 3031   2.00  -0.44028293494658 | MO: 3032   2.00  -0.44016771156745
MO: 3033   2.00  -0.43925512742579 | MO: 3034   2.00  -0.43917013372550
MO: 3035   2.00  -0.43895130498185 | MO: 3036   2.00  -0.43816919761283
MO: 3037   2.00  -0.43757282379754 | MO: 3038   2.00  -0.43753145409209
MO: 3039   2.00  -0.43724759360575 | MO: 3040   2.00  -0.43699712244767
MO: 3041   2.00  -0.43694563710966 | MO: 3042   2.00  -0.43617628700028
MO: 3043   2.00  -0.43609698281044 | MO: 3044   2.00  -0.43558319259353
MO: 3045   2.00  -0.43557212523164 | MO: 3046   2.00  -0.43520653418663
MO: 3047   2.00  -0.43492953331835 | MO: 3048   2.00  -0.43475546036308
MO: 3049   2.00  -0.43468803540251 | MO: 3050   2.00  -0.43459276722885
MO: 3051   2.00  -0.43411441577467 | MO: 3052   2.00  -0.43373090979302
MO: 3053   2.00  -0.43238857491384 | MO: 3054   2.00  -0.43235033843096
MO: 3055   2.00  -0.43211189623742 | MO: 3056   2.00  -0.43198402721001
MO: 3057   2.00  -0.43151231543333 | MO: 3058   2.00  -0.43014887849665
MO: 3059   2.00  -0.42984176872326 | MO: 3060   2.00  -0.42924490426911
MO: 3061   2.00  -0.42833010494222 | MO: 3062   2.00  -0.42809143697550
MO: 3063   2.00  -0.42790699094750 | MO: 3064   2.00  -0.42731946177814
MO: 3065   2.00  -0.42723136765283 | MO: 3066   2.00  -0.42678590012624
MO: 3067   2.00  -0.42669859049639 | MO: 3068   2.00  -0.42656840931963
MO: 3069   2.00  -0.42652672440616 | MO: 3070   2.00  -0.42644522086146
MO: 3071   2.00  -0.42574045168166 | MO: 3072   2.00  -0.42544846089378
MO: 3073   2.00  -0.42487088633282 | MO: 3074   2.00  -0.42485630778023
MO: 3075   2.00  -0.42408404695641 | MO: 3076   2.00  -0.42347405361687
MO: 3077   2.00  -0.42291555438418 | MO: 3078   2.00  -0.42265383146721
MO: 3079   2.00  -0.42215302952893 | MO: 3080   2.00  -0.42212141418393
MO: 3081   2.00  -0.42201404927515 | MO: 3082   2.00  -0.42170871185356
MO: 3083   2.00  -0.42150838202407 | MO: 3084   2.00  -0.42147831687723
MO: 3085   2.00  -0.42112244824066 | MO: 3086   2.00  -0.42104566614714
MO: 3087   2.00  -0.42101271187867 | MO: 3088   2.00  -0.42075246476318
MO: 3089   2.00  -0.42042594258604 | MO: 3090   2.00  -0.42040017419655
MO: 3091   2.00  -0.41994690566514 | MO: 3092   2.00  -0.41941021380064
MO: 3093   2.00  -0.41906148800070 | MO: 3094   2.00  -0.41897531148445
MO: 3095   2.00  -0.41894476789804 | MO: 3096   2.00  -0.41893209858147
MO: 3097   2.00  -0.41888971250475 | MO: 3098   2.00  -0.41846806198373
MO: 3099   2.00  -0.41841642647005 | MO: 3100   2.00  -0.41831231075962
MO: 3101   2.00  -0.41767787376492 | MO: 3102   2.00  -0.41767657374834
MO: 3103   2.00  -0.41756854987284 | MO: 3104   2.00  -0.41747422636876
MO: 3105   2.00  -0.41740353509792 | MO: 3106   2.00  -0.41739847722651
MO: 3107   2.00  -0.41735987915746 | MO: 3108   2.00  -0.41734931119450
MO: 3109   2.00  -0.41732886397796 | MO: 3110   2.00  -0.41711839337722
MO: 3111   2.00  -0.41702960521550 | MO: 3112   2.00  -0.41628542199649
MO: 3113   2.00  -0.41621208903539 | MO: 3114   2.00  -0.41616563847365
MO: 3115   2.00  -0.41599432439268 | MO: 3116   2.00  -0.41566220302879
MO: 3117   2.00  -0.41558961317671 | MO: 3118   2.00  -0.41555420209910
MO: 3119   2.00  -0.41534948020877 | MO: 3120   2.00  -0.41519196682767
MO: 3121   2.00  -0.41515743931677 | MO: 3122   2.00  -0.41498621032092
MO: 3123   2.00  -0.41447726859741 | MO: 3124   2.00  -0.41417353803428
MO: 3125   2.00  -0.41413020490086 | MO: 3126   2.00  -0.41401978526645
MO: 3127   2.00  -0.41390467802241 | MO: 3128   2.00  -0.41365993073754
MO: 3129   2.00  -0.41358055594256 | MO: 3130   2.00  -0.41356644869177
MO: 3131   2.00  -0.41340403827091 | MO: 3132   2.00  -0.41336477794336
MO: 3133   2.00  -0.41331059945945 | MO: 3134   2.00  -0.41305299033256
MO: 3135   2.00  -0.41301073537506 | MO: 3136   2.00  -0.41268333499454
MO: 3137   2.00  -0.41254904736382 | MO: 3138   2.00  -0.41235922980114
MO: 3139   2.00  -0.41211532732768 | MO: 3140   2.00  -0.41158895345340
MO: 3141   2.00  -0.41134967690034 | MO: 3142   2.00  -0.41115565950296
MO: 3143   2.00  -0.41031607626970 | MO: 3144   2.00  -0.41030449002956
MO: 3145   2.00  -0.40994114605338 | MO: 3146   2.00  -0.40976949016209
MO: 3147   2.00  -0.40967336014192 | MO: 3148   2.00  -0.40936367412293
MO: 3149   2.00  -0.40929292848181 | MO: 3150   2.00  -0.40894549754290
MO: 3151   2.00  -0.40892367631109 | MO: 3152   2.00  -0.40880234768475
MO: 3153   2.00  -0.40848278082890 | MO: 3154   2.00  -0.40813337576096
MO: 3155   2.00  -0.40789578889208 | MO: 3156   2.00  -0.40776636141616
MO: 3157   2.00  -0.40729988651457 | MO: 3158   2.00  -0.40662364965811
MO: 3159   2.00  -0.40659907090998 | MO: 3160   2.00  -0.40645640668737
MO: 3161   2.00  -0.40643601497865 | MO: 3162   2.00  -0.40639866292527
MO: 3163   2.00  -0.40625311151935 | MO: 3164   2.00  -0.40625226336809
MO: 3165   2.00  -0.40609518152575 | MO: 3166   2.00  -0.40595644059894
MO: 3167   2.00  -0.40590762865423 | MO: 3168   2.00  -0.40582437154309
MO: 3169   2.00  -0.40582034439203 | MO: 3170   2.00  -0.40578219191788
MO: 3171   2.00  -0.40568512422158 | MO: 3172   2.00  -0.40559314494005
MO: 3173   2.00  -0.40554746782117 | MO: 3174   2.00  -0.40532135247622
MO: 3175   2.00  -0.40527180902224 | MO: 3176   2.00  -0.40526312532813
MO: 3177   2.00  -0.40509868458014 | MO: 3178   2.00  -0.40496480997552
MO: 3179   2.00  -0.40478053054095 | MO: 3180   2.00  -0.40477851172744
MO: 3181   2.00  -0.40476990222066 | MO: 3182   2.00  -0.40471799186302
MO: 3183   2.00  -0.40457527091071 | MO: 3184   2.00  -0.40453419152077
MO: 3185   2.00  -0.40446241079953 | MO: 3186   2.00  -0.40409677275465
MO: 3187   2.00  -0.40406557354888 | MO: 3188   2.00  -0.40403650419093
MO: 3189   2.00  -0.40402385213592 | MO: 3190   2.00  -0.40384464354572
MO: 3191   2.00  -0.40368418182672 | MO: 3192   2.00  -0.40365002513387
MO: 3193   2.00  -0.40352669348465 | MO: 3194   2.00  -0.40348942369361
MO: 3195   2.00  -0.40343593286761 | MO: 3196   2.00  -0.40339999560968
MO: 3197   2.00  -0.40334355302713 | MO: 3198   2.00  -0.40333234642621
MO: 3199   2.00  -0.40327609879682 | MO: 3200   2.00  -0.40286016900672
MO: 3201   2.00  -0.40274031654089 | MO: 3202   2.00  -0.40271859654608
MO: 3203   2.00  -0.40250770527465 | MO: 3204   2.00  -0.40242006253699
MO: 3205   2.00  -0.40210434768613 | MO: 3206   2.00  -0.40208613233828
MO: 3207   2.00  -0.40205484195035 | MO: 3208   2.00  -0.40198365790473
MO: 3209   2.00  -0.40184480060771 | MO: 3210   2.00  -0.40165956948002
MO: 3211   2.00  -0.40163001854929 | MO: 3212   2.00  -0.40143467629936
MO: 3213   2.00  -0.40130871020420 | MO: 3214   2.00  -0.40128765092548
MO: 3215   2.00  -0.40112005227740 | MO: 3216   2.00  -0.40109654276373
MO: 3217   2.00  -0.40089939644162 | MO: 3218   2.00  -0.40084488442648
MO: 3219   2.00  -0.40083209412592 | MO: 3220   2.00  -0.40066205873495
MO: 3221   2.00  -0.40056339783392 | MO: 3222   2.00  -0.40041486489215
MO: 3223   2.00  -0.40024925536297 | MO: 3224   2.00  -0.40020252577463
MO: 3225   2.00  -0.40018248428558 | MO: 3226   2.00  -0.40003294251275
MO: 3227   2.00  -0.39993697933530 | MO: 3228   2.00  -0.39990504996471
MO: 3229   2.00  -0.39959586534045 | MO: 3230   2.00  -0.39926268286723
MO: 3231   2.00  -0.39925629650176 | MO: 3232   2.00  -0.39908657237635
MO: 3233   2.00  -0.39877525900006 | MO: 3234   2.00  -0.39839026422225
MO: 3235   2.00  -0.39822760745160 | MO: 3236   2.00  -0.39804757407864
MO: 3237   2.00  -0.39794002019950 | MO: 3238   2.00  -0.39786324575478
MO: 3239   2.00  -0.39778373678420 | MO: 3240   2.00  -0.39747253231330
MO: 3241   2.00  -0.39726776523902 | MO: 3242   2.00  -0.39700018950768
MO: 3243   2.00  -0.39680177161243 | MO: 3244   2.00  -0.39670236878718
MO: 3245   2.00  -0.39638410980616 | MO: 3246   2.00  -0.39582880183049
MO: 3247   2.00  -0.39579668874364 | MO: 3248   2.00  -0.39573219360643
MO: 3249   2.00  -0.39554472708055 | MO: 3250   2.00  -0.39541406262118
MO: 3251   2.00  -0.39533922561110 | MO: 3252   2.00  -0.39496683647528
MO: 3253   2.00  -0.39457102091356 | MO: 3254   2.00  -0.39447874166194
MO: 3255   2.00  -0.39440750352784 | MO: 3256   2.00  -0.39436491101594
MO: 3257   2.00  -0.39412162383159 | MO: 3258   2.00  -0.39386218042289
MO: 3259   2.00  -0.39376076762408 | MO: 3260   2.00  -0.39354628246218
MO: 3261   2.00  -0.39349424497471 | MO: 3262   2.00  -0.39345205830958
MO: 3263   2.00  -0.39342737802520 | MO: 3264   2.00  -0.39334530356459
MO: 3265   2.00  -0.39325888544359 | MO: 3266   2.00  -0.39304902904786
MO: 3267   2.00  -0.39279602551383 | MO: 3268   2.00  -0.39265267633409
MO: 3269   2.00  -0.39262433650516 | MO: 3270   2.00  -0.39209874454286
MO: 3271   2.00  -0.39183142061443 | MO: 3272   2.00  -0.39183031226650
MO: 3273   2.00  -0.39179571189843 | MO: 3274   2.00  -0.39175355269067
MO: 3275   2.00  -0.39157237828968 | MO: 3276   2.00  -0.39136144012960
MO: 3277   2.00  -0.39086228848125 | MO: 3278   2.00  -0.38971187911820
MO: 3279   2.00  -0.38245265488518 | MO: 3280   2.00  -0.38184499967245
MO: 3281   2.00  -0.38175944433093 | MO: 3282   2.00  -0.38084364311997
MO: 3283   2.00  -0.38067611552645 | MO: 3284   2.00  -0.38039009472685
MO: 3285   2.00  -0.38018683745203 | MO: 3286   2.00  -0.37985232398960
MO: 3287   2.00  -0.37964120018896 | MO: 3288   2.00  -0.37958654671926
MO: 3289   2.00  -0.37956380646406 | MO: 3290   2.00  -0.37953801210237
MO: 3291   2.00  -0.37910790774000 | MO: 3292   2.00  -0.37894518188061
MO: 3293   2.00  -0.37817585908512 | MO: 3294   2.00  -0.37767386850248
MO: 3295   2.00  -0.37590517445692 | MO: 3296   2.00  -0.37250854289053
MO: 3297   2.00  -0.37181087798581 | MO: 3298   2.00  -0.37096489037715
MO: 3299   2.00  -0.37084207804628 | MO: 3300   2.00  -0.37074245545352
MO: 3301   2.00  -0.37034146160531 | MO: 3302   2.00  -0.36947584830112
MO: 3303   2.00  -0.36940975118176 | MO: 3304   2.00  -0.36871348120893
MO: 3305   2.00  -0.36852206725265 | MO: 3306   2.00  -0.36820877815590
MO: 3307   2.00  -0.36807387119862 | MO: 3308   2.00  -0.36746111886427
MO: 3309   2.00  -0.36702125475266 | MO: 3310   2.00  -0.36635435303860
MO: 3311   2.00  -0.36599312157205 | MO: 3312   2.00  -0.36478073131678
MO: 3313   2.00  -0.36459645490493 | MO: 3314   2.00  -0.36450453773817
MO: 3315   2.00  -0.36269929908085 | MO: 3316   2.00  -0.36256501024124
MO: 3317   2.00  -0.36176342655778 | MO: 3318   2.00  -0.36091215524485
MO: 3319   2.00  -0.35905246772697 | MO: 3320   2.00  -0.35883927849930
MO: 3321   2.00  -0.35853181587523 | MO: 3322   2.00  -0.35705583444672
MO: 3323   2.00  -0.35610562891130 | MO: 3324   2.00  -0.35516874439429
MO: 3325   2.00  -0.35488474831037 | MO: 3326   2.00  -0.35430907516851
MO: 3327   2.00  -0.35391746896088 | MO: 3328   2.00  -0.35386361785997
MO: 3329   2.00  -0.35361122458633 | MO: 3330   2.00  -0.35337247230171
MO: 3331   2.00  -0.35262240524788 | MO: 3332   2.00  -0.34964502249392
MO: 3333   2.00  -0.34964113887728 | MO: 3334   2.00  -0.34958042246317
MO: 3335   2.00  -0.34941731447883 | MO: 3336   2.00  -0.34934522986612
MO: 3337   2.00  -0.34809294496122 | MO: 3338   2.00  -0.34804056773951
MO: 3339   0.00  -0.28924544858758 | MO: 3340   0.00  -0.28404247352485
MO: 3341   0.00  -0.27853322884035 | MO: 3342   0.00  -0.27688732532741
MO: 3343   0.00  -0.27639512623725 | MO: 3344   0.00  -0.27498778012726
MO: 3345   0.00  -0.27454580930424 | MO: 3346   0.00  -0.27442820510831
MO: 3347   0.00  -0.27430227984925 | MO: 3348   0.00  -0.27409950594414
MO: 3349   0.00  -0.27395909669492 | MO: 3350   0.00  -0.27346882712348
MO: 3351   0.00  -0.27239238298614 | MO: 3352   0.00  -0.27197370288883
MO: 3353   0.00  -0.27151580151812 | MO: 3354   0.00  -0.27136121881668
MO: 3355   0.00  -0.27109140407341 | MO: 3356   0.00  -0.27094724970650
MO: 3357   0.00  -0.27089267906029 | MO: 3358   0.00  -0.27084810294002
MO: 3359   0.00  -0.27058359426532 | MO: 3360   0.00  -0.27003592922931
MO: 3361   0.00  -0.27003485833439 | MO: 3362   0.00  -0.26940655972372
MO: 3363   0.00  -0.26922337505002 | MO: 3364   0.00  -0.26898599909894
MO: 3365   0.00  -0.26896376671348 | MO: 3366   0.00  -0.26803677446372
MO: 3367   0.00  -0.26745817083559 | MO: 3368   0.00  -0.26664078077612
MO: 3369   0.00  -0.24287164979386 | MO: 3370   0.00  -0.24157794124874
MO: 3371   0.00  -0.24125963970902 | MO: 3372   0.00  -0.24049894980491
MO: 3373   0.00  -0.23738470632172 | MO: 3374   0.00  -0.23709369281753
MO: 3375   0.00  -0.23667781280008 | MO: 3376   0.00  -0.23660854783876
MO: 3377   0.00  -0.23629633743932 | MO: 3378   0.00  -0.23410142052325
MO: 3379   0.00  -0.23409068723554 | MO: 3380   0.00  -0.23397921718716
MO: 3381   0.00  -0.23335371642466 | MO: 3382   0.00  -0.23292496289993
MO: 3383   0.00  -0.23237812063997 | MO: 3384   0.00  -0.23236080737769
MO: 3385   0.00  -0.23142095205546 | MO: 3386   0.00  -0.22996799580166
MO: 3387   0.00  -0.22895232183936 | MO: 3388   0.00  -0.22815441204147
MO: 3389   0.00  -0.22742307028909 | MO: 3390   0.00  -0.22729242051118
MO: 3391   0.00  -0.22723628578463 | MO: 3392   0.00  -0.22707158147291
MO: 3393   0.00  -0.22682139524758 | MO: 3394   0.00  -0.22674153908527
MO: 3395   0.00  -0.22580086342980 | MO: 3396   0.00  -0.22562540344479
MO: 3397   0.00  -0.22498377839963 | MO: 3398   0.00  -0.22440828443306
MO: 3399   0.00  -0.22425847999406 | MO: 3400   0.00  -0.22414219913946
MO: 3401   0.00  -0.22408297140833 | MO: 3402   0.00  -0.22389070071437
MO: 3403   0.00  -0.22346824305719 | MO: 3404   0.00  -0.22339924482578
MO: 3405   0.00  -0.22310685198016 | MO: 3406   0.00  -0.22308157647448
MO: 3407   0.00  -0.22302188154297 | MO: 3408   0.00  -0.22255999882402
MO: 3409   0.00  -0.22234519412626 | MO: 3410   0.00  -0.22233920362213
MO: 3411   0.00  -0.22214879982332 | MO: 3412   0.00  -0.22181627739478
MO: 3413   0.00  -0.22176270540308 | MO: 3414   0.00  -0.22171868517427
MO: 3415   0.00  -0.22170501740251 | MO: 3416   0.00  -0.22139813468600
MO: 3417   0.00  -0.22137934814543 | MO: 3418   0.00  -0.22123465520506
MO: 3419   0.00  -0.22116800507280 | MO: 3420   0.00  -0.22110336083265
MO: 3421   0.00  -0.22097972405528 | MO: 3422   0.00  -0.22043162898362
MO: 3423   0.00  -0.22036102926024 | MO: 3424   0.00  -0.22016781403472
MO: 3425   0.00  -0.22003780513189 | MO: 3426   0.00  -0.22002798991088
MO: 3427   0.00  -0.21995464257880 | MO: 3428   0.00  -0.21947781996309
MO: 3429   0.00  -0.21930644170295 | MO: 3430   0.00  -0.21898234560734
MO: 3431   0.00  -0.21839401096750 | MO: 3432   0.00  -0.21838349698557
MO: 3433   0.00  -0.21779322043717 | MO: 3434   0.00  -0.21751034657049
MO: 3435   0.00  -0.21745900022773 | MO: 3436   0.00  -0.21732103540094
MO: 3437   0.00  -0.21700024186493 | MO: 3438   0.00  -0.21634967962804
MO: 3439   0.00  -0.21505807956178 | MO: 3440   0.00  -0.21505388538151
MO: 3441   0.00  -0.21455445827113 | MO: 3442   0.00  -0.21452869597624
MO: 3443   0.00  -0.21452506776897 | MO: 3444   0.00  -0.21439509997799
MO: 3445   0.00  -0.21434355320309 | MO: 3446   0.00  -0.21394855391499
MO: 3447   0.00  -0.21358518981874 | MO: 3448   0.00  -0.21321528203125
MO: 3449   0.00  -0.21291009805598 | MO: 3450   0.00  -0.21237000699144
MO: 3451   0.00  -0.21229856726253 | MO: 3452   0.00  -0.21178352946407
MO: 3453   0.00  -0.21156229313356 | MO: 3454   0.00  -0.21088342751880
MO: 3455   0.00  -0.21077569050597 | MO: 3456   0.00  -0.21035121293109
MO: 3457   0.00  -0.20990460800648 | MO: 3458   0.00  -0.20853235624232
MO: 3459   0.00  -0.20601277723912 | MO: 3460   0.00  -0.20018613639064
MO: 3461   0.00  -0.19991512534067 | MO: 3462   0.00  -0.19774212384423
MO: 3463   0.00  -0.19683008404758 | MO: 3464   0.00  -0.19500889470989
MO: 3465   0.00  -0.19472650696048 | MO: 3466   0.00  -0.19420220342088
MO: 3467   0.00  -0.19402762428274 | MO: 3468   0.00  -0.19362532983859
MO: 3469   0.00  -0.19254663066625 | MO: 3470   0.00  -0.19233488417558
MO: 3471   0.00  -0.19199316530452 | MO: 3472   0.00  -0.19183839782853
MO: 3473   0.00  -0.19167898342309 | MO: 3474   0.00  -0.19154496645954
MO: 3475   0.00  -0.19139829031058 | MO: 3476   0.00  -0.19124577733672
MO: 3477   0.00  -0.19092458379938 | MO: 3478   0.00  -0.19083500549248
MO: 3479   0.00  -0.19033098131447 | MO: 3480   0.00  -0.19032177524433
MO: 3481   0.00  -0.19012966911813 | MO: 3482   0.00  -0.19007930234851
MO: 3483   0.00  -0.19007008154953 | MO: 3484   0.00  -0.18984023872498
MO: 3485   0.00  -0.18941706776194 | MO: 3486   0.00  -0.18917036830009
MO: 3487   0.00  -0.18898418063357 | MO: 3488   0.00  -0.18888035491007
MO: 3489   0.00  -0.18855869284807 | MO: 3490   0.00  -0.18826813898389
MO: 3491   0.00  -0.18808695200057 | MO: 3492   0.00  -0.18797858062762
MO: 3493   0.00  -0.18779076572753 | MO: 3494   0.00  -0.18762906518497
MO: 3495   0.00  -0.18745486001436 | MO: 3496   0.00  -0.18732790688621
MO: 3497   0.00  -0.18715348530947 | MO: 3498   0.00  -0.18714939094271
MO: 3499   0.00  -0.18714869583337 | MO: 3500   0.00  -0.18701000921379
MO: 3501   0.00  -0.18681820730836 | MO: 3502   0.00  -0.18679192593761
MO: 3503   0.00  -0.18661342240654 | MO: 3504   0.00  -0.18638884805292
MO: 3505   0.00  -0.18618971933226 | MO: 3506   0.00  -0.18593235610303
MO: 3507   0.00  -0.18578908259200 | MO: 3508   0.00  -0.18557104315159
MO: 3509   0.00  -0.18549729772566 | MO: 3510   0.00  -0.18525279760162
MO: 3511   0.00  -0.18493964996587 | MO: 3512   0.00  -0.18471201418875
MO: 3513   0.00  -0.18445283404177 | MO: 3514   0.00  -0.18435178271696
MO: 3515   0.00  -0.18431065736503 | MO: 3516   0.00  -0.18421897860048
MO: 3517   0.00  -0.18409038652201 | MO: 3518   0.00  -0.18408069284957
MO: 3519   0.00  -0.18384752849070 | MO: 3520   0.00  -0.18352984747151
MO: 3521   0.00  -0.18328239785669 | MO: 3522   0.00  -0.18324976615769
MO: 3523   0.00  -0.18303805009099 | MO: 3524   0.00  -0.18282380187128
MO: 3525   0.00  -0.18259072740634 | MO: 3526   0.00  -0.18255039613740
MO: 3527   0.00  -0.18247824285658 | MO: 3528   0.00  -0.18247809049722
MO: 3529   0.00  -0.18244151838468 | MO: 3530   0.00  -0.18227279833932
MO: 3531   0.00  -0.18224649002508 | MO: 3532   0.00  -0.18214622565165
MO: 3533   0.00  -0.18179181299287 | MO: 3534   0.00  -0.18158289198604
MO: 3535   0.00  -0.18130813068012 | MO: 3536   0.00  -0.18096307355664
MO: 3537   0.00  -0.18003814361722 | MO: 3538   0.00  -0.17940515666584
MO: 3539   0.00  -0.17910778351019 | MO: 3540   0.00  -0.17891534733861
MO: 3541   0.00  -0.17858513737883 | MO: 3542   0.00  -0.17819740923203
MO: 3543   0.00  -0.17808151098813 | MO: 3544   0.00  -0.17802583356985
MO: 3545   0.00  -0.17753965693790 | MO: 3546   0.00  -0.17644347302461
MO: 3547   0.00  -0.17524393234194 | MO: 3548   0.00  -0.17502715647385
MO: 3549   0.00  -0.16888283165262 | MO: 3550   0.00  -0.16780561178390
MO: 3551   0.00  -0.16120570242209 | MO: 3552   0.00  -0.15720651888988
MO: 3553   0.00  -0.14982292652071 | MO: 3554   0.00  -0.14968668720153
MO: 3555   0.00  -0.14960489852527 | MO: 3556   0.00  -0.14900357255871
MO: 3557   0.00  -0.14893008023459 | MO: 3558   0.00  -0.14710294255365
MO: 3559   0.00  -0.14698288525813 | MO: 3560   0.00  -0.14697815066041
MO: 3561   0.00  -0.14658209171770 | MO: 3562   0.00  -0.14655293484545
MO: 3563   0.00  -0.14640726556678 | MO: 3564   0.00  -0.14607235223233
MO: 3565   0.00  -0.14565857103353 | MO: 3566   0.00  -0.14538300935960
MO: 3567   0.00  -0.14474947085761 | MO: 3568   0.00  -0.14468651646677
MO: 3569   0.00  -0.14458295323392 | MO: 3570   0.00  -0.14442868677341
MO: 3571   0.00  -0.14424040433375 | MO: 3572   0.00  -0.14419822232316
MO: 3573   0.00  -0.14396784488477 | MO: 3574   0.00  -0.14365347874315
MO: 3575   0.00  -0.14354095765462 | MO: 3576   0.00  -0.14301397801275
MO: 3577   0.00  -0.14265770223714 | MO: 3578   0.00  -0.14233591872088
MO: 3579   0.00  -0.14199752205389 | MO: 3580   0.00  -0.14180744138943
MO: 3581   0.00  -0.14144862643332 | MO: 3582   0.00  -0.14140719974440
MO: 3583   0.00  -0.14114008786142 | MO: 3584   0.00  -0.14101185876159
MO: 3585   0.00  -0.14084605126470 | MO: 3586   0.00  -0.14063490943443
MO: 3587   0.00  -0.13996117514015 | MO: 3588   0.00  -0.13969657615810
MO: 3589   0.00  -0.13968210426351 | MO: 3590   0.00  -0.13950888021807
MO: 3591   0.00  -0.13949508508195 | MO: 3592   0.00  -0.13937646018252
MO: 3593   0.00  -0.13920501979440 | MO: 3594   0.00  -0.13908766639233
MO: 3595   0.00  -0.13887007808074 | MO: 3596   0.00  -0.13879097523679
MO: 3597   0.00  -0.13874425066354 | MO: 3598   0.00  -0.13872700633258
MO: 3599   0.00  -0.13869412812922 | MO: 3600   0.00  -0.13866804414218
MO: 3601   0.00  -0.13866379907633 | MO: 3602   0.00  -0.13862030103299
MO: 3603   0.00  -0.13841391694397 | MO: 3604   0.00  -0.13796698632416
MO: 3605   0.00  -0.13788740601363 | MO: 3606   0.00  -0.13772751353760
MO: 3607   0.00  -0.13771440898370 | MO: 3608   0.00  -0.13741867455633
MO: 3609   0.00  -0.13734275616459 | MO: 3610   0.00  -0.13699154238107
MO: 3611   0.00  -0.13689373020224 | MO: 3612   0.00  -0.13673661922889
MO: 3613   0.00  -0.13641665784067 | MO: 3614   0.00  -0.13636493729727
MO: 3615   0.00  -0.13618286745920 | MO: 3616   0.00  -0.13583072869427
MO: 3617   0.00  -0.13582146907054 | MO: 3618   0.00  -0.13573014874209
MO: 3619   0.00  -0.13543741036230 | MO: 3620   0.00  -0.13542027451604
MO: 3621   0.00  -0.13529877057803 | MO: 3622   0.00  -0.13524711377264
MO: 3623   0.00  -0.13507447952385 | MO: 3624   0.00  -0.13506870931941
MO: 3625   0.00  -0.13494554162934 | MO: 3626   0.00  -0.13484796791106
MO: 3627   0.00  -0.13471060033541 | MO: 3628   0.00  -0.13446134225158
MO: 3629   0.00  -0.13437479940256 | MO: 3630   0.00  -0.13431765187699
MO: 3631   0.00  -0.13430255936500 | MO: 3632   0.00  -0.13424710280886
MO: 3633   0.00  -0.13417885158352 | MO: 3634   0.00  -0.13388976742298
MO: 3635   0.00  -0.13375206211688 | MO: 3636   0.00  -0.13362795866709
MO: 3637   0.00  -0.13333565665302 | MO: 3638   0.00  -0.13288722168288
MO: 3639   0.00  -0.13276374784795 | MO: 3640   0.00  -0.13267303945276
MO: 3641   0.00  -0.13255767840180 | MO: 3642   0.00  -0.13253354319681
MO: 3643   0.00  -0.13250642010618 | MO: 3644   0.00  -0.13244178500549
MO: 3645   0.00  -0.13243575564148 | MO: 3646   0.00  -0.13193488742066
MO: 3647   0.00  -0.13163015646153 | MO: 3648   0.00  -0.13146256396656
MO: 3649   0.00  -0.13138950372092 | MO: 3650   0.00  -0.13056086553077
MO: 3651   0.00  -0.13054367562422 | MO: 3652   0.00  -0.13052859466587
MO: 3653   0.00  -0.13025323633458 | MO: 3654   0.00  -0.13021293489089
MO: 3655   0.00  -0.12985870649176 | MO: 3656   0.00  -0.12984386019890
MO: 3657   0.00  -0.12983296849932 | MO: 3658   0.00  -0.12926583289994
MO: 3659   0.00  -0.12926341282972 | MO: 3660   0.00  -0.12895289254092
MO: 3661   0.00  -0.12873409994190 | MO: 3662   0.00  -0.12849880513048
MO: 3663   0.00  -0.12843063590251 | MO: 3664   0.00  -0.12833663014490
MO: 3665   0.00  -0.12831396117266 | MO: 3666   0.00  -0.12823075342921
MO: 3667   0.00  -0.12795864759667 | MO: 3668   0.00  -0.12733986754340
MO: 3669   0.00  -0.12733079031105 | MO: 3670   0.00  -0.12726577293405
MO: 3671   0.00  -0.12703802679383 | MO: 3672   0.00  -0.12702911514899
MO: 3673   0.00  -0.12677241865109 | MO: 3674   0.00  -0.12672318012291
MO: 3675   0.00  -0.12660517921682 | MO: 3676   0.00  -0.12654946980143
MO: 3677   0.00  -0.12641625846718 | MO: 3678   0.00  -0.12632232145228
MO: 3679   0.00  -0.12629088199143 | MO: 3680   0.00  -0.12601486485049
MO: 3681   0.00  -0.12580646934586 | MO: 3682   0.00  -0.12569748906385
MO: 3683   0.00  -0.12556508312567 | MO: 3684   0.00  -0.12555385686616
MO: 3685   0.00  -0.12549699204320 | MO: 3686   0.00  -0.12537353379440
MO: 3687   0.00  -0.12530539469541 | MO: 3688   0.00  -0.12508614939455
MO: 3689   0.00  -0.12495337765039 | MO: 3690   0.00  -0.12489692957476
MO: 3691   0.00  -0.12469841317686 | MO: 3692   0.00  -0.12465528730920
MO: 3693   0.00  -0.12450458840565 | MO: 3694   0.00  -0.12443458014651
MO: 3695   0.00  -0.12421446903694 | MO: 3696   0.00  -0.12418609955138
MO: 3697   0.00  -0.12407900459474 | MO: 3698   0.00  -0.12319828035938
MO: 3699   0.00  -0.12316046580340 | MO: 3700   0.00  -0.12280149039623
MO: 3701   0.00  -0.12264879589108 | MO: 3702   0.00  -0.12260243435654
MO: 3703   0.00  -0.12254089188076 | MO: 3704   0.00  -0.12220574380914
MO: 3705   0.00  -0.12213469821009 | MO: 3706   0.00  -0.12198564031431
MO: 3707   0.00  -0.12175184407857 | MO: 3708   0.00  -0.12171442581408
MO: 3709   0.00  -0.12161673354882 | MO: 3710   0.00  -0.12143496255120
MO: 3711   0.00  -0.12141856418699 | MO: 3712   0.00  -0.12087539872081
MO: 3713   0.00  -0.12087172629507 | MO: 3714   0.00  -0.12082460632824
MO: 3715   0.00  -0.12068768713263 | MO: 3716   0.00  -0.12063211053938
MO: 3717   0.00  -0.12061374162099 | MO: 3718   0.00  -0.12055199206737
MO: 3719   0.00  -0.12046210939903 | MO: 3720   0.00  -0.12020185603880
MO: 3721   0.00  -0.12007324096534 | MO: 3722   0.00  -0.11992144760242
MO: 3723   0.00  -0.11991045042870 | MO: 3724   0.00  -0.11983523608959
MO: 3725   0.00  -0.11975438916113 | MO: 3726   0.00  -0.11960321295008
MO: 3727   0.00  -0.11957851325434 | MO: 3728   0.00  -0.11951266099878
MO: 3729   0.00  -0.11929429867742 | MO: 3730   0.00  -0.11925944400035
MO: 3731   0.00  -0.11907734446993 | MO: 3732   0.00  -0.11903126106169
MO: 3733   0.00  -0.11872167840506 | MO: 3734   0.00  -0.11863059819905
MO: 3735   0.00  -0.11835835214724 | MO: 3736   0.00  -0.11829889113581
MO: 3737   0.00  -0.11824475689309 | MO: 3738   0.00  -0.11814642670016
MO: 3739   0.00  -0.11806141679936 | MO: 3740   0.00  -0.11772248137976
MO: 3741   0.00  -0.11767639129110 | MO: 3742   0.00  -0.11767227341914
MO: 3743   0.00  -0.11754293652360 | MO: 3744   0.00  -0.11749393581490
MO: 3745   0.00  -0.11748372968962 | MO: 3746   0.00  -0.11732958781271
MO: 3747   0.00  -0.11729270354779 | MO: 3748   0.00  -0.11722349492848
MO: 3749   0.00  -0.11710471886273 | MO: 3750   0.00  -0.11697447721934
MO: 3751   0.00  -0.11689341585409 | MO: 3752   0.00  -0.11667631822752
MO: 3753   0.00  -0.11664756647390 | MO: 3754   0.00  -0.11657340857889
MO: 3755   0.00  -0.11645734213576 | MO: 3756   0.00  -0.11640217840484
MO: 3757   0.00  -0.11637874273839 | MO: 3758   0.00  -0.11619844556504
MO: 3759   0.00  -0.11608257962813 | MO: 3760   0.00  -0.11579742441369
MO: 3761   0.00  -0.11578980131110 | MO: 3762   0.00  -0.11575506311204
MO: 3763   0.00  -0.11554418084173 | MO: 3764   0.00  -0.11534406562832
MO: 3765   0.00  -0.11532218499817 | MO: 3766   0.00  -0.11506889132994
MO: 3767   0.00  -0.11483186777194 | MO: 3768   0.00  -0.11465917603310
MO: 3769   0.00  -0.11457016072488 | MO: 3770   0.00  -0.11451517993995
MO: 3771   0.00  -0.11423493202380 | MO: 3772   0.00  -0.11413233910231
MO: 3773   0.00  -0.11393614003723 | MO: 3774   0.00  -0.11384353855576
MO: 3775   0.00  -0.11365736117154 | MO: 3776   0.00  -0.11346733465814
MO: 3777   0.00  -0.11343592459393 | MO: 3778   0.00  -0.11315280921443
MO: 3779   0.00  -0.11301492378704 | MO: 3780   0.00  -0.11292024771386
MO: 3781   0.00  -0.11288669415155 | MO: 3782   0.00  -0.11279590750643
MO: 3783   0.00  -0.11276064458071 | MO: 3784   0.00  -0.11268909607546
MO: 3785   0.00  -0.11239600855294 | MO: 3786   0.00  -0.11216955924707
MO: 3787   0.00  -0.11205651553363 | MO: 3788   0.00  -0.11176272811784
MO: 3789   0.00  -0.11143923934919 | MO: 3790   0.00  -0.11141745209022
MO: 3791   0.00  -0.11123548746928 | MO: 3792   0.00  -0.11103444287362
MO: 3793   0.00  -0.11075173922515 | MO: 3794   0.00  -0.11052503630979
MO: 3795   0.00  -0.11049632684638 | MO: 3796   0.00  -0.11009298878009
MO: 3797   0.00  -0.11003408924591 | MO: 3798   0.00  -0.10991081679499
MO: 3799   0.00  -0.10968941442697 | MO: 3800   0.00  -0.10959270087492
MO: 3801   0.00  -0.10911298694959 | MO: 3802   0.00  -0.10888426152928
MO: 3803   0.00  -0.10887086899159 | MO: 3804   0.00  -0.10878829819539
MO: 3805   0.00  -0.10863107338305 | MO: 3806   0.00  -0.10832800670014
MO: 3807   0.00  -0.10814586617507 | MO: 3808   0.00  -0.10779715491680
MO: 3809   0.00  -0.10779322885223 | MO: 3810   0.00  -0.10773798996164
MO: 3811   0.00  -0.10701304831124 | MO: 3812   0.00  -0.10671660448065
MO: 3813   0.00  -0.10671010299470 | MO: 3814   0.00  -0.10664220001739
MO: 3815   0.00  -0.10633641568926 | MO: 3816   0.00  -0.10595495837397
MO: 3817   0.00  -0.10592178987074 | MO: 3818   0.00  -0.10583332668769
MO: 3819   0.00  -0.10569348191769 | MO: 3820   0.00  -0.10549179186510
MO: 3821   0.00  -0.10497712327542 | MO: 3822   0.00  -0.10493506078230
MO: 3823   0.00  -0.10489134335867 | MO: 3824   0.00  -0.10476031710011
MO: 3825   0.00  -0.10470500652263 | MO: 3826   0.00  -0.10464805257018
MO: 3827   0.00  -0.10418039175538 | MO: 3828   0.00  -0.10415941107317
MO: 3829   0.00  -0.10415143826978 | MO: 3830   0.00  -0.10402570215260
MO: 3831   0.00  -0.10394125243816 | MO: 3832   0.00  -0.10356423452478
MO: 3833   0.00  -0.10345762691783 | MO: 3834   0.00  -0.10315639412267
MO: 3835   0.00  -0.10303993120313 | MO: 3836   0.00  -0.10301743995716
MO: 3837   0.00  -0.10285963253716 | MO: 3838   0.00  -0.10243133577018
MO: 3839   0.00  -0.10235776303535 | MO: 3840   0.00  -0.10204493650133
MO: 3841   0.00  -0.10112263420403 | MO: 3842   0.00  -0.10103039251017
MO: 3843   0.00  -0.10101808137232 | MO: 3844   0.00  -0.10097475434313
MO: 3845   0.00  -0.10088327693627 | MO: 3846   0.00  -0.10039666249093
MO: 3847   0.00  -0.09992630864726 | MO: 3848   0.00  -0.09943415848895
MO: 3849   0.00  -0.09938079348174 | MO: 3850   0.00  -0.09925651754596
MO: 3851   0.00  -0.09911200320531 | MO: 3852   0.00  -0.09868768270334
MO: 3853   0.00  -0.09853384856470 | MO: 3854   0.00  -0.09837556366058
MO: 3855   0.00  -0.09831974364388 | MO: 3856   0.00  -0.09725425795186
MO: 3857   0.00  -0.09706044186091 | MO: 3858   0.00  -0.09683609028530
MO: 3859   0.00  -0.09682966004815 | MO: 3860   0.00  -0.09651131140135
MO: 3861   0.00  -0.09606130596988 | MO: 3862   0.00  -0.09598532736110
MO: 3863   0.00  -0.09571899693850 | MO: 3864   0.00  -0.09547067749577
MO: 3865   0.00  -0.09500899675262 | MO: 3866   0.00  -0.09490373438077
MO: 3867   0.00  -0.09490036922193 | MO: 3868   0.00  -0.09477785221134
MO: 3869   0.00  -0.09477115670836 | MO: 3870   0.00  -0.09472407158776
MO: 3871   0.00  -0.09470197221128 | MO: 3872   0.00  -0.09443346140524
MO: 3873   0.00  -0.09418957133450 | MO: 3874   0.00  -0.09398917842827
MO: 3875   0.00  -0.09396071900202 | MO: 3876   0.00  -0.09332954532484
MO: 3877   0.00  -0.09330099674608 | MO: 3878   0.00  -0.09329360705332
MO: 3879   0.00  -0.09327365426767 | MO: 3880   0.00  -0.09323915081460
MO: 3881   0.00  -0.09311818178795 | MO: 3882   0.00  -0.09310214660317
MO: 3883   0.00  -0.09294222439924 | MO: 3884   0.00  -0.09282096602023
MO: 3885   0.00  -0.09278748152009 | MO: 3886   0.00  -0.09276619260213
MO: 3887   0.00  -0.09273024082326 | MO: 3888   0.00  -0.09257562157773
MO: 3889   0.00  -0.09245762938559 | MO: 3890   0.00  -0.09243882325427
MO: 3891   0.00  -0.09207512341162 | MO: 3892   0.00  -0.09200209008050
MO: 3893   0.00  -0.09190482138582 | MO: 3894   0.00  -0.09164965087287
MO: 3895   0.00  -0.09141335768278 | MO: 3896   0.00  -0.09128451368220
MO: 3897   0.00  -0.09115285883352 | MO: 3898   0.00  -0.09112060073263
MO: 3899   0.00  -0.09108327508255 | MO: 3900   0.00  -0.09092609082574
MO: 3901   0.00  -0.09084127183460 | MO: 3902   0.00  -0.09078209047181
MO: 3903   0.00  -0.09073618397191 | MO: 3904   0.00  -0.09073455599362
MO: 3905   0.00  -0.09061012967275 | MO: 3906   0.00  -0.09055414027493
MO: 3907   0.00  -0.09052732859923 | MO: 3908   0.00  -0.09047213899357
MO: 3909   0.00  -0.09022676185763 | MO: 3910   0.00  -0.09016399051890
MO: 3911   0.00  -0.08995477814940 | MO: 3912   0.00  -0.08985130249895
MO: 3913   0.00  -0.08982377800043 | MO: 3914   0.00  -0.08974087355098
MO: 3915   0.00  -0.08967830463957 | MO: 3916   0.00  -0.08952021764239
MO: 3917   0.00  -0.08929959588148 | MO: 3918   0.00  -0.08927424480812
MO: 3919   0.00  -0.08901668092956 | MO: 3920   0.00  -0.08886843589578
MO: 3921   0.00  -0.08876818839960 | MO: 3922   0.00  -0.08870136909039
MO: 3923   0.00  -0.08869222212697 | MO: 3924   0.00  -0.08859653227845
MO: 3925   0.00  -0.08831956911826 | MO: 3926   0.00  -0.08819405655305
MO: 3927   0.00  -0.08809267315279 | MO: 3928   0.00  -0.08801464791514
MO: 3929   0.00  -0.08796487897688 | MO: 3930   0.00  -0.08788673884835
MO: 3931   0.00  -0.08786647151767 | MO: 3932   0.00  -0.08781712532375
MO: 3933   0.00  -0.08753128882258 | MO: 3934   0.00  -0.08727694036192
MO: 3935   0.00  -0.08717246844595 | MO: 3936   0.00  -0.08715426661089
MO: 3937   0.00  -0.08714484989230 | MO: 3938   0.00  -0.08701027789609
MO: 3939   0.00  -0.08694369443283 | MO: 3940   0.00  -0.08694320332124
MO: 3941   0.00  -0.08689828072933 | MO: 3942   0.00  -0.08682427870396
MO: 3943   0.00  -0.08669781777880 | MO: 3944   0.00  -0.08645871768958
MO: 3945   0.00  -0.08639473197906 | MO: 3946   0.00  -0.08630196807945
MO: 3947   0.00  -0.08624325919368 | MO: 3948   0.00  -0.08617656825070
MO: 3949   0.00  -0.08612531092080 | MO: 3950   0.00  -0.08592311898265
MO: 3951   0.00  -0.08585123561545 | MO: 3952   0.00  -0.08581333960603
MO: 3953   0.00  -0.08571783410279 | MO: 3954   0.00  -0.08550067584921
MO: 3955   0.00  -0.08529761731609 | MO: 3956   0.00  -0.08525390790174
MO: 3957   0.00  -0.08508043600275 | MO: 3958   0.00  -0.08484089078617
MO: 3959   0.00  -0.08474449530098 | MO: 3960   0.00  -0.08466267500891
MO: 3961   0.00  -0.08466187043301 | MO: 3962   0.00  -0.08446443720725
MO: 3963   0.00  -0.08436661045761 | MO: 3964   0.00  -0.08425924069853
MO: 3965   0.00  -0.08417711379189 | MO: 3966   0.00  -0.08406016258114
MO: 3967   0.00  -0.08400979800316 | MO: 3968   0.00  -0.08384663462199
MO: 3969   0.00  -0.08380878883556 | MO: 3970   0.00  -0.08374556086590
MO: 3971   0.00  -0.08362568899874 | MO: 3972   0.00  -0.08328127957133
MO: 3973   0.00  -0.08306646336715 | MO: 3974   0.00  -0.08289958865596
MO: 3975   0.00  -0.08287451089073 | MO: 3976   0.00  -0.08281381614914
MO: 3977   0.00  -0.08271510760219 | MO: 3978   0.00  -0.08271330353703
MO: 3979   0.00  -0.08256763075613 | MO: 3980   0.00  -0.08249998540887
MO: 3981   0.00  -0.08234961125482 | MO: 3982   0.00  -0.08234774357595
MO: 3983   0.00  -0.08206627537789 | MO: 3984   0.00  -0.08169748866161
MO: 3985   0.00  -0.08144977294328 | MO: 3986   0.00  -0.08099821818822
MO: 3987   0.00  -0.08087794693422 | MO: 3988   0.00  -0.08084258268101
MO: 3989   0.00  -0.08069438662458 | MO: 3990   0.00  -0.08053710754207
MO: 3991   0.00  -0.08053503965464 | MO: 3992   0.00  -0.08038032956041
MO: 3993   0.00  -0.08036610713694 | MO: 3994   0.00  -0.08023132497918
MO: 3995   0.00  -0.08019830086312 | MO: 3996   0.00  -0.08013315904456
MO: 3997   0.00  -0.08000253982487 | MO: 3998   0.00  -0.07986053709026
MO: 3999   0.00  -0.07978766811395 | MO: 4000   0.00  -0.07903518277518
MO: 4001   0.00  -0.07901407533148 | MO: 4002   0.00  -0.07882396079377
MO: 4003   0.00  -0.07875368783896 | MO: 4004   0.00  -0.07866111533580
MO: 4005   0.00  -0.07862525995898 | MO: 4006   0.00  -0.07855393520288
MO: 4007   0.00  -0.07851341256168 | MO: 4008   0.00  -0.07850523947850
MO: 4009   0.00  -0.07829335671039 | MO: 4010   0.00  -0.07816511681129
MO: 4011   0.00  -0.07801327240663 | MO: 4012   0.00  -0.07773989613876
MO: 4013   0.00  -0.07758687843392 | MO: 4014   0.00  -0.07719211508936
MO: 4015   0.00  -0.07717685957932 | MO: 4016   0.00  -0.07713717400417
MO: 4017   0.00  -0.07710250644596 | MO: 4018   0.00  -0.07672689638322
MO: 4019   0.00  -0.07672349536473 | MO: 4020   0.00  -0.07663854128531
MO: 4021   0.00  -0.07653455747624 | MO: 4022   0.00  -0.07634698480489
MO: 4023   0.00  -0.07630095981364 | MO: 4024   0.00  -0.07611635852974
MO: 4025   0.00  -0.07611279720585 | MO: 4026   0.00  -0.07592700111988
MO: 4027   0.00  -0.07586960073747 | MO: 4028   0.00  -0.07580483799191
MO: 4029   0.00  -0.07558328227249 | MO: 4030   0.00  -0.07557007572171
MO: 4031   0.00  -0.07551573552464 | MO: 4032   0.00  -0.07527478912552
MO: 4033   0.00  -0.07521932045924 | MO: 4034   0.00  -0.07513416993245
MO: 4035   0.00  -0.07489629353176 | MO: 4036   0.00  -0.07488536894815
MO: 4037   0.00  -0.07480589047564 | MO: 4038   0.00  -0.07459080794037
MO: 4039   0.00  -0.07434302999673 | MO: 4040   0.00  -0.07398011688843
MO: 4041   0.00  -0.07395906594554 | MO: 4042   0.00  -0.07394449634888
MO: 4043   0.00  -0.07382186314570 | MO: 4044   0.00  -0.07375860412512
MO: 4045   0.00  -0.07330981930379 | MO: 4046   0.00  -0.07306397721678
MO: 4047   0.00  -0.07291031466965 | MO: 4048   0.00  -0.07285971816898
MO: 4049   0.00  -0.07282357176108 | MO: 4050   0.00  -0.07247229971053
MO: 4051   0.00  -0.07239955659504 | MO: 4052   0.00  -0.07220962817486
MO: 4053   0.00  -0.07199733891153 | MO: 4054   0.00  -0.07189218637147
MO: 4055   0.00  -0.07169580272007 | MO: 4056   0.00  -0.07146231871102
MO: 4057   0.00  -0.07144548094571 | MO: 4058   0.00  -0.07103516798763
MO: 4059   0.00  -0.07065325321979 | MO: 4060   0.00  -0.07048522269999
MO: 4061   0.00  -0.07011367021695 | MO: 4062   0.00  -0.06992167431912
MO: 4063   0.00  -0.06974839951499 | MO: 4064   0.00  -0.06965901677179
MO: 4065   0.00  -0.06955619048079 | MO: 4066   0.00  -0.06932518666985
MO: 4067   0.00  -0.06920246303639 | MO: 4068   0.00  -0.06919648130152
MO: 4069   0.00  -0.06857104276112 | MO: 4070   0.00  -0.06851658934355
MO: 4071   0.00  -0.06817944290344 | MO: 4072   0.00  -0.06780651013151
MO: 4073   0.00  -0.06773138242346 | MO: 4074   0.00  -0.06758943999411
MO: 4075   0.00  -0.06748682835960 | MO: 4076   0.00  -0.06734229259483
MO: 4077   0.00  -0.06707242687817 | MO: 4078   0.00  -0.06694705046827
MO: 4079   0.00  -0.06669477726488 | MO: 4080   0.00  -0.06612180115991
MO: 4081   0.00  -0.06589011369689 | MO: 4082   0.00  -0.06573321816035
MO: 4083   0.00  -0.06547077732353 | MO: 4084   0.00  -0.06546107904086
MO: 4085   0.00  -0.06517163824346 | MO: 4086   0.00  -0.06504176366280
MO: 4087   0.00  -0.06480044759862 | MO: 4088   0.00  -0.06455561680546
MO: 4089   0.00  -0.06425054768703 | MO: 4090   0.00  -0.06396548518862
MO: 4091   0.00  -0.06345099816750 | MO: 4092   0.00  -0.06339286370766
MO: 4093   0.00  -0.06334800911191 | MO: 4094   0.00  -0.06326132472264
MO: 4095   0.00  -0.06285806051440 | MO: 4096   0.00  -0.06274453101083
MO: 4097   0.00  -0.06273760150973 | MO: 4098   0.00  -0.06270864317027
MO: 4099   0.00  -0.06264750243391 | MO: 4100   0.00  -0.06211834954227
MO: 4101   0.00  -0.06208850531512 | MO: 4102   0.00  -0.06163682272336
MO: 4103   0.00  -0.06156347267020 | MO: 4104   0.00  -0.06153319594856
MO: 4105   0.00  -0.06138074106942 | MO: 4106   0.00  -0.06077839216487
MO: 4107   0.00  -0.06072200854317 | MO: 4108   0.00  -0.06043208716827
MO: 4109   0.00  -0.06034807478919 | MO: 4110   0.00  -0.06023452478646
MO: 4111   0.00  -0.06014730907794 | MO: 4112   0.00  -0.06005819437237
MO: 4113   0.00  -0.05986241353390 | MO: 4114   0.00  -0.05957313668156
MO: 4115   0.00  -0.05929970439597 | MO: 4116   0.00  -0.05887615482002
MO: 4117   0.00  -0.05878822068959 | MO: 4118   0.00  -0.05872576661536
MO: 4119   0.00  -0.05851753184129 | MO: 4120   0.00  -0.05806697121271
MO: 4121   0.00  -0.05804013160906 | MO: 4122   0.00  -0.05803179185371
MO: 4123   0.00  -0.05797617157826 | MO: 4124   0.00  -0.05794548855149
MO: 4125   0.00  -0.05773010074914 | MO: 4126   0.00  -0.05731462732994
MO: 4127   0.00  -0.05706641233069 | MO: 4128   0.00  -0.05705002912384
MO: 4129   0.00  -0.05700826165098 | MO: 4130   0.00  -0.05686358825126
MO: 4131   0.00  -0.05677562535712 | MO: 4132   0.00  -0.05671190893958
MO: 4133   0.00  -0.05662374479778 | MO: 4134   0.00  -0.05643311340419
MO: 4135   0.00  -0.05642253570500 | MO: 4136   0.00  -0.05627104414904
MO: 4137   0.00  -0.05620070571782 | MO: 4138   0.00  -0.05609067755537
MO: 4139   0.00  -0.05593168684297 | MO: 4140   0.00  -0.05576401358698
MO: 4141   0.00  -0.05555564580840 | MO: 4142   0.00  -0.05526795155905
MO: 4143   0.00  -0.05521984014399 | MO: 4144   0.00  -0.05513883740960
MO: 4145   0.00  -0.05504380281821 | MO: 4146   0.00  -0.05483051208385
MO: 4147   0.00  -0.05481430323913 | MO: 4148   0.00  -0.05472823057247
MO: 4149   0.00  -0.05444716565606 | MO: 4150   0.00  -0.05428735720245
MO: 4151   0.00  -0.05415705346409 | MO: 4152   0.00  -0.05410884124318
MO: 4153   0.00  -0.05394981031633 | MO: 4154   0.00  -0.05386760136912
MO: 4155   0.00  -0.05381452552640 | MO: 4156   0.00  -0.05376409948655
MO: 4157   0.00  -0.05348945063142 | MO: 4158   0.00  -0.05332836921174
MO: 4159   0.00  -0.05318253656135 | MO: 4160   0.00  -0.05313541788980
MO: 4161   0.00  -0.05297038587966 | MO: 4162   0.00  -0.05292777837507
MO: 4163   0.00  -0.05266030309197 | MO: 4164   0.00  -0.05261718014190
MO: 4165   0.00  -0.05251473564497 | MO: 4166   0.00  -0.05241488149582
MO: 4167   0.00  -0.05237322663755 | MO: 4168   0.00  -0.05202425647922
MO: 4169   0.00  -0.05188230904452 | MO: 4170   0.00  -0.05183052787238
MO: 4171   0.00  -0.05166415060497 | MO: 4172   0.00  -0.05164633645744
MO: 4173   0.00  -0.05127778973637 | MO: 4174   0.00  -0.05122035610807
MO: 4175   0.00  -0.05092819585775 | MO: 4176   0.00  -0.05088554976126
MO: 4177   0.00  -0.05085687030409 | MO: 4178   0.00  -0.05076470521653
MO: 4179   0.00  -0.05055858008824 | MO: 4180   0.00  -0.05040614677268
MO: 4181   0.00  -0.05033295921400 | MO: 4182   0.00  -0.05010328297089
MO: 4183   0.00  -0.05005390480139 | MO: 4184   0.00  -0.04997757233760
MO: 4185   0.00  -0.04996103313343 | MO: 4186   0.00  -0.04985600707765
MO: 4187   0.00  -0.04973983016917 | MO: 4188   0.00  -0.04971013217246
MO: 4189   0.00  -0.04948442466979 | MO: 4190   0.00  -0.04939645017591
MO: 4191   0.00  -0.04912905096259 | MO: 4192   0.00  -0.04910597443803
MO: 4193   0.00  -0.04894311637110 | MO: 4194   0.00  -0.04884214920598
MO: 4195   0.00  -0.04882636894537 | MO: 4196   0.00  -0.04880029166934
MO: 4197   0.00  -0.04871772575206 | MO: 4198   0.00  -0.04860194682620
MO: 4199   0.00  -0.04832082088842 | MO: 4200   0.00  -0.04828762117410
MO: 4201   0.00  -0.04814545463150 | MO: 4202   0.00  -0.04800104526628
MO: 4203   0.00  -0.04797613123476 | MO: 4204   0.00  -0.04779656289983
MO: 4205   0.00  -0.04766596744830 | MO: 4206   0.00  -0.04753895760846
MO: 4207   0.00  -0.04743715447559 | MO: 4208   0.00  -0.04739240631315
MO: 4209   0.00  -0.04711520123954 | MO: 4210   0.00  -0.04697298949663
MO: 4211   0.00  -0.04691298339989 | MO: 4212   0.00  -0.04689269065346
MO: 4213   0.00  -0.04679657829047 | MO: 4214   0.00  -0.04671746119073
MO: 4215   0.00  -0.04670544934029 | MO: 4216   0.00  -0.04658432855418
MO: 4217   0.00  -0.04655297422094 | MO: 4218   0.00  -0.04654047475590
MO: 4219   0.00  -0.04636043714468 | MO: 4220   0.00  -0.04625138730046
MO: 4221   0.00  -0.04604873249294 | MO: 4222   0.00  -0.04587570737430
MO: 4223   0.00  -0.04581560605061 | MO: 4224   0.00  -0.04560803945507
MO: 4225   0.00  -0.04535050707642 | MO: 4226   0.00  -0.04520478365578
MO: 4227   0.00  -0.04514975606215 | MO: 4228   0.00  -0.04506476980779
MO: 4229   0.00  -0.04486522478527 | MO: 4230   0.00  -0.04476183113062
MO: 4231   0.00  -0.04466853387196 | MO: 4232   0.00  -0.04436488512482
MO: 4233   0.00  -0.04435959211046 | MO: 4234   0.00  -0.04411026661651
MO: 4235   0.00  -0.04402698881813 | MO: 4236   0.00  -0.04398934667180
MO: 4237   0.00  -0.04348208136755 | MO: 4238   0.00  -0.04346280086189
MO: 4239   0.00  -0.04335912722537 | MO: 4240   0.00  -0.04335074951456
MO: 4241   0.00  -0.04333311070623 | MO: 4242   0.00  -0.04331538138809
MO: 4243   0.00  -0.04318297972560 | MO: 4244   0.00  -0.04314152516240
MO: 4245   0.00  -0.04313708460600 | MO: 4246   0.00  -0.04301849447689
MO: 4247   0.00  -0.04286741672544 | MO: 4248   0.00  -0.04255951291377
MO: 4249   0.00  -0.04253372207699 | MO: 4250   0.00  -0.04237439086997
MO: 4251   0.00  -0.04235619359241 | MO: 4252   0.00  -0.04183729825745
MO: 4253   0.00  -0.04179462037176 | MO: 4254   0.00  -0.04173217694374
MO: 4255   0.00  -0.04149236148087 | MO: 4256   0.00  -0.04147829158962
MO: 4257   0.00  -0.04136372928205 | MO: 4258   0.00  -0.04127650819150
MO: 4259   0.00  -0.04117369964628 | MO: 4260   0.00  -0.04114583447151
MO: 4261   0.00  -0.04080839393944 | MO: 4262   0.00  -0.04079638106666
MO: 4263   0.00  -0.04048299466369 | MO: 4264   0.00  -0.04029938369666
MO: 4265   0.00  -0.04020798255457 | MO: 4266   0.00  -0.04019440637625
MO: 4267   0.00  -0.04008875107661 | MO: 4268   0.00  -0.03993359724736
MO: 4269   0.00  -0.03991666840139 | MO: 4270   0.00  -0.03950274826026
MO: 4271   0.00  -0.03940949531551 | MO: 4272   0.00  -0.03937557272728
MO: 4273   0.00  -0.03919238321147 | MO: 4274   0.00  -0.03915843650879
MO: 4275   0.00  -0.03895009997674 | MO: 4276   0.00  -0.03879053502774
MO: 4277   0.00  -0.03871557815983 | MO: 4278   0.00  -0.03856725465513
MO: 4279   0.00  -0.03844527221728 | MO: 4280   0.00  -0.03820539489744
MO: 4281   0.00  -0.03808870201008 | MO: 4282   0.00  -0.03799848844258
MO: 4283   0.00  -0.03794612710615 | MO: 4284   0.00  -0.03758026761856
MO: 4285   0.00  -0.03744580537536 | MO: 4286   0.00  -0.03734693496674
MO: 4287   0.00  -0.03722904799865 | MO: 4288   0.00  -0.03706693581716
MO: 4289   0.00  -0.03705256162508 | MO: 4290   0.00  -0.03695492730171
MO: 4291   0.00  -0.03680639424644 | MO: 4292   0.00  -0.03677852462455
MO: 4293   0.00  -0.03667291525104 | MO: 4294   0.00  -0.03657359943330
MO: 4295   0.00  -0.03650029857815 | MO: 4296   0.00  -0.03643617529257
MO: 4297   0.00  -0.03634993868580 | MO: 4298   0.00  -0.03626797273141
MO: 4299   0.00  -0.03623743197949 | MO: 4300   0.00  -0.03603035158334
MO: 4301   0.00  -0.03596274635861 | MO: 4302   0.00  -0.03577850123727
MO: 4303   0.00  -0.03574647305249 | MO: 4304   0.00  -0.03564517542773
MO: 4305   0.00  -0.03550472919380 | MO: 4306   0.00  -0.03540646656102
MO: 4307   0.00  -0.03539664830339 | MO: 4308   0.00  -0.03518553212261
MO: 4309   0.00  -0.03496331557960 | MO: 4310   0.00  -0.03468902455041
MO: 4311   0.00  -0.03456932221798 | MO: 4312   0.00  -0.03451615058808
MO: 4313   0.00  -0.03440803295265 | MO: 4314   0.00  -0.03426771789628
MO: 4315   0.00  -0.03396642968506 | MO: 4316   0.00  -0.03393174666920
MO: 4317   0.00  -0.03385784640307 | MO: 4318   0.00  -0.03361287798147
MO: 4319   0.00  -0.03347877854541 | MO: 4320   0.00  -0.03318100294352
MO: 4321   0.00  -0.03314070621770 | MO: 4322   0.00  -0.03311902528354
MO: 4323   0.00  -0.03298146289750 | MO: 4324   0.00  -0.03296010368305
MO: 4325   0.00  -0.03262290081529 | MO: 4326   0.00  -0.03248987966722
MO: 4327   0.00  -0.03239139480631 | MO: 4328   0.00  -0.03226209640040
MO: 4329   0.00  -0.03216024231310 | MO: 4330   0.00  -0.03210832484918
MO: 4331   0.00  -0.03207724323828 | MO: 4332   0.00  -0.03193220976003
MO: 4333   0.00  -0.03183540682420 | MO: 4334   0.00  -0.03171520787998
MO: 4335   0.00  -0.03163609552237 | MO: 4336   0.00  -0.03151648520045
MO: 4337   0.00  -0.03137483947144 | MO: 4338   0.00  -0.03133967301431
MO: 4339   0.00  -0.03105741500173 | MO: 4340   0.00  -0.03100119357784
MO: 4341   0.00  -0.03085045663858 | MO: 4342   0.00  -0.03081609715516
MO: 4343   0.00  -0.03050767394605 | MO: 4344   0.00  -0.03049453834361
MO: 4345   0.00  -0.03029170158851 | MO: 4346   0.00  -0.03011066128595
MO: 4347   0.00  -0.02984667335080 | MO: 4348   0.00  -0.02983869317154
MO: 4349   0.00  -0.02956076082082 | MO: 4350   0.00  -0.02936381317359
MO: 4351   0.00  -0.02916702987893 | MO: 4352   0.00  -0.02909223448595
MO: 4353   0.00  -0.02907802616947 | MO: 4354   0.00  -0.02861468577740
MO: 4355   0.00  -0.02847894683844 | MO: 4356   0.00  -0.02838382021049
MO: 4357   0.00  -0.02824489752635 | MO: 4358   0.00  -0.02818495547778
MO: 4359   0.00  -0.02803595059323 | MO: 4360   0.00  -0.02800577336148
MO: 4361   0.00  -0.02775655578718 | MO: 4362   0.00  -0.02756237477079
MO: 4363   0.00  -0.02753305426313 | MO: 4364   0.00  -0.02740826301727
MO: 4365   0.00  -0.02725148793853 | MO: 4366   0.00  -0.02690592078827
MO: 4367   0.00  -0.02672767493911 | MO: 4368   0.00  -0.02646680111065
MO: 4369   0.00  -0.02630959488023 | MO: 4370   0.00  -0.02620142900448
MO: 4371   0.00  -0.02586257907994 | MO: 4372   0.00  -0.02584616780960
MO: 4373   0.00  -0.02555148887281 | MO: 4374   0.00  -0.02518768745784
MO: 4375   0.00  -0.02498076637684 | MO: 4376   0.00  -0.02476277821939
MO: 4377   0.00  -0.02467204656154 | MO: 4378   0.00  -0.02447831583407
MO: 4379   0.00  -0.02443297911184 | MO: 4380   0.00  -0.02419954238188
MO: 4381   0.00  -0.02392408015306 | MO: 4382   0.00  -0.02368662457305
MO: 4383   0.00  -0.02324067192061 | MO: 4384   0.00  -0.02312369293024
MO: 4385   0.00  -0.02280510779064 | MO: 4386   0.00  -0.02270804627738
MO: 4387   0.00  -0.02245580738029 | MO: 4388   0.00  -0.02242709970997
MO: 4389   0.00  -0.02241220645026 | MO: 4390   0.00  -0.02237995394608
MO: 4391   0.00  -0.02185488888513 | MO: 4392   0.00  -0.02155347604137
MO: 4393   0.00  -0.02152037543706 | MO: 4394   0.00  -0.02108712078708
MO: 4395   0.00  -0.02098718795663 | MO: 4396   0.00  -0.02089222331785
MO: 4397   0.00  -0.02062467575529 | MO: 4398   0.00  -0.02054734099767
MO: 4399   0.00  -0.02010755804900 | MO: 4400   0.00  -0.02005091644699
MO: 4401   0.00  -0.01971878913966 | MO: 4402   0.00  -0.01960523761046
MO: 4403   0.00  -0.01885056153223 | MO: 4404   0.00  -0.01882520572949
MO: 4405   0.00  -0.01875537077179 | MO: 4406   0.00  -0.01864846992872
MO: 4407   0.00  -0.01819038403996 | MO: 4408   0.00  -0.01811219392193
MO: 4409   0.00  -0.01802209644712 | MO: 4410   0.00  -0.01796937735845
MO: 4411   0.00  -0.01733976845281 | MO: 4412   0.00  -0.01710267610465
MO: 4413   0.00  -0.01689860271627 | MO: 4414   0.00  -0.01678861960960
MO: 4415   0.00  -0.01664727338594 | MO: 4416   0.00  -0.01621764597483
MO: 4417   0.00  -0.01601751921158 | MO: 4418   0.00  -0.01576205302150
MO: 4419   0.00  -0.01477958380359 | MO: 4420   0.00  -0.01325405635555
MO: 4421   0.00  -0.01313941811752 | MO: 4422   0.00  -0.01301752340550
MO: 4423   0.00  -0.01243067658779 | MO: 4424   0.00  -0.01197821657345
MO: 4425   0.00  -0.01111336126117 | MO: 4426   0.00  -0.01054329835622
MO: 4427   0.00  -0.00999472112417 | MO: 4428   0.00  -0.00997473505984
MO: 4429   0.00  -0.00978364049998 | MO: 4430   0.00  -0.00964095372676
MO: 4431   0.00  -0.00957293856207 | MO: 4432   0.00  -0.00936421930769
MO: 4433   0.00  -0.00896389602649 | MO: 4434   0.00  -0.00870475106652
MO: 4435   0.00  -0.00824416317737 | MO: 4436   0.00  -0.00805167273613
MO: 4437   0.00  -0.00746774078492 | MO: 4438   0.00  -0.00735928496807
MO: 4439   0.00  -0.00728340383438 | MO: 4440   0.00  -0.00686352119916
MO: 4441   0.00  -0.00664167929158 | MO: 4442   0.00  -0.00620692466861
MO: 4443   0.00  -0.00617349469974 | MO: 4444   0.00  -0.00561802652827
MO: 4445   0.00  -0.00555967500416 | MO: 4446   0.00  -0.00545077461064
MO: 4447   0.00  -0.00524260947225 | MO: 4448   0.00  -0.00502083367261
MO: 4449   0.00  -0.00444641032512 | MO: 4450   0.00  -0.00403651624002
MO: 4451   0.00  -0.00384975798183 | MO: 4452   0.00  -0.00232424729875
MO: 4453   0.00  -0.00223244363294 | MO: 4454   0.00  -0.00102192195238
MO: 4455   0.00  -0.00094427922428 | MO: 4456   0.00  -0.00092227924686
MO: 4457   0.00  -0.00050283456348 | MO: 4458   0.00  -0.00016194056875
MO: 4459   0.00  -0.00012643160653 | MO: 4460   0.00   0.00019589440815
MO: 4461   0.00   0.00026947360121 | MO: 4462   0.00   0.00029266692180
MO: 4463   0.00   0.00031962124342 | MO: 4464   0.00   0.00102167112141
MO: 4465   0.00   0.00102678913548 | MO: 4466   0.00   0.00122468187582
MO: 4467   0.00   0.00164544510089 | MO: 4468   0.00   0.00200102010595
MO: 4469   0.00   0.00214090552507 | MO: 4470   0.00   0.00216923823742
MO: 4471   0.00   0.00249259322897 | MO: 4472   0.00   0.00253795143211
MO: 4473   0.00   0.00282362908374 | MO: 4474   0.00   0.00306925668441
MO: 4475   0.00   0.00353904165853 | MO: 4476   0.00   0.00367214778553
MO: 4477   0.00   0.00370306794692 | MO: 4478   0.00   0.00384080625360
MO: 4479   0.00   0.00398549889572 | MO: 4480   0.00   0.00404393991668
MO: 4481   0.00   0.00418274233648 | MO: 4482   0.00   0.00435295679976
MO: 4483   0.00   0.00459062789188 | MO: 4484   0.00   0.00468838997206
MO: 4485   0.00   0.00474202142040 | MO: 4486   0.00   0.00474370684348
MO: 4487   0.00   0.00487836471658 | MO: 4488   0.00   0.00504911341025
MO: 4489   0.00   0.00512274024048 | MO: 4490   0.00   0.00528373016303
MO: 4491   0.00   0.00551682306086 | MO: 4492   0.00   0.00588752586127
MO: 4493   0.00   0.00627455976580 | MO: 4494   0.00   0.00637383397802
MO: 4495   0.00   0.00642169564541 | MO: 4496   0.00   0.00679535192723
MO: 4497   0.00   0.00680195309338 | MO: 4498   0.00   0.00696915479205
MO: 4499   0.00   0.00727512839567 | MO: 4500   0.00   0.00730556659342
MO: 4501   0.00   0.00736911383251 | MO: 4502   0.00   0.00752581327588
MO: 4503   0.00   0.00755028194805 | MO: 4504   0.00   0.00761865253046
MO: 4505   0.00   0.00776248047283 | MO: 4506   0.00   0.00812884880393
MO: 4507   0.00   0.00826475824029 | MO: 4508   0.00   0.00844267354764
MO: 4509   0.00   0.00869263876383 | MO: 4510   0.00   0.00888401348531
MO: 4511   0.00   0.00888764585512 | MO: 4512   0.00   0.00901483205369
MO: 4513   0.00   0.00913499563552 | MO: 4514   0.00   0.00959258521098
MO: 4515   0.00   0.00979727014551 | MO: 4516   0.00   0.00987453259233
MO: 4517   0.00   0.01008910227185 | MO: 4518   0.00   0.01026972984980
MO: 4519   0.00   0.01039598104014 | MO: 4520   0.00   0.01042804057348
MO: 4521   0.00   0.01051322867015 | MO: 4522   0.00   0.01072490225659
MO: 4523   0.00   0.01091158241900 | MO: 4524   0.00   0.01102435421809
MO: 4525   0.00   0.01106049336765 | MO: 4526   0.00   0.01111553492462
MO: 4527   0.00   0.01127992818016 | MO: 4528   0.00   0.01195676214674
MO: 4529   0.00   0.01203110525076 | MO: 4530   0.00   0.01208561145872
MO: 4531   0.00   0.01209723536452 | MO: 4532   0.00   0.01234960270727
MO: 4533   0.00   0.01248614794457 | MO: 4534   0.00   0.01287551893847
MO: 4535   0.00   0.01308771728574 | MO: 4536   0.00   0.01330988867278
MO: 4537   0.00   0.01334782189481 | MO: 4538   0.00   0.01340475474719
MO: 4539   0.00   0.01358008422039 | MO: 4540   0.00   0.01361560173043
MO: 4541   0.00   0.01388286398005 | MO: 4542   0.00   0.01460605464385
MO: 4543   0.00   0.01469503855529 | MO: 4544   0.00   0.01474359413526
MO: 4545   0.00   0.01507248594790 | MO: 4546   0.00   0.01508700997611
MO: 4547   0.00   0.01584233527544 | MO: 4548   0.00   0.01606722687610
MO: 4549   0.00   0.01626669272415 | MO: 4550   0.00   0.01646158324848
MO: 4551   0.00   0.01653733531795 | MO: 4552   0.00   0.01668980856106
MO: 4553   0.00   0.01691476678126 | MO: 4554   0.00   0.01694833692346
MO: 4555   0.00   0.01713826025334 | MO: 4556   0.00   0.01717751342649
MO: 4557   0.00   0.01726137695409 | MO: 4558   0.00   0.01739288898408
MO: 4559   0.00   0.01764982921597 | MO: 4560   0.00   0.01768375030627
MO: 4561   0.00   0.01795895693248 | MO: 4562   0.00   0.01806392348673
MO: 4563   0.00   0.01812733606146 | MO: 4564   0.00   0.01823904226941
MO: 4565   0.00   0.01830294490891 | MO: 4566   0.00   0.01843384256206
MO: 4567   0.00   0.01875039399656 | MO: 4568   0.00   0.01876516532095
MO: 4569   0.00   0.01946545065287 | MO: 4570   0.00   0.01969744966423
MO: 4571   0.00   0.01988473459143 | MO: 4572   0.00   0.01988558054341
MO: 4573   0.00   0.02008477640171 | MO: 4574   0.00   0.02021841277355
MO: 4575   0.00   0.02030960061729 | MO: 4576   0.00   0.02081034680788
MO: 4577   0.00   0.02145578851390 | MO: 4578   0.00   0.02152935091752
MO: 4579   0.00   0.02159406288406 | MO: 4580   0.00   0.02208797706088
MO: 4581   0.00   0.02244245042177 | MO: 4582   0.00   0.02258281832263
MO: 4583   0.00   0.02294624734746 | MO: 4584   0.00   0.02304053096938
MO: 4585   0.00   0.02378590974395 | MO: 4586   0.00   0.02387062036900
MO: 4587   0.00   0.02414038130686 | MO: 4588   0.00   0.02457795232033
MO: 4589   0.00   0.02474339237400 | MO: 4590   0.00   0.02509179728201
MO: 4591   0.00   0.02510320042101 | MO: 4592   0.00   0.02547556623307
MO: 4593   0.00   0.02555347301682 | MO: 4594   0.00   0.02604798253983
MO: 4595   0.00   0.02639109084623 | MO: 4596   0.00   0.02649082395949
MO: 4597   0.00   0.02665102045848 | MO: 4598   0.00   0.02720546509469
MO: 4599   0.00   0.02732956971739 | MO: 4600   0.00   0.02887423746604
MO: 4601   0.00   0.02890459799259 | MO: 4602   0.00   0.02908861596952
MO: 4603   0.00   0.02915673091097 | MO: 4604   0.00   0.02948588683420
MO: 4605   0.00   0.02960395213105 | MO: 4606   0.00   0.03042742083658
MO: 4607   0.00   0.03070993354314 | MO: 4608   0.00   0.03071370830140
MO: 4609   0.00   0.03162816302058 | MO: 4610   0.00   0.03227037769996
MO: 4611   0.00   0.03316364469738 | MO: 4612   0.00   0.03334376184226
MO: 4613   0.00   0.03367979776211 | MO: 4614   0.00   0.03412703720387
MO: 4615   0.00   0.03417203031186 | MO: 4616   0.00   0.03421402128740
MO: 4617   0.00   0.03470098196342 | MO: 4618   0.00   0.03473816049114
MO: 4619   0.00   0.03476067008457 | MO: 4620   0.00   0.03483048546625
MO: 4621   0.00   0.03503506772287 | MO: 4622   0.00   0.03506221089470
MO: 4623   0.00   0.03529973771255 | MO: 4624   0.00   0.03535752506448
MO: 4625   0.00   0.03562909120102 | MO: 4626   0.00   0.03564465875031
MO: 4627   0.00   0.03618540073134 | MO: 4628   0.00   0.03654045097209
MO: 4629   0.00   0.03658499707136 | MO: 4630   0.00   0.03693641480658
MO: 4631   0.00   0.03724703138078 | MO: 4632   0.00   0.03802767356862
MO: 4633   0.00   0.03874807387977 | MO: 4634   0.00   0.03886942392339
MO: 4635   0.00   0.03982706516732 | MO: 4636   0.00   0.03996545067038
MO: 4637   0.00   0.04021226338585 | MO: 4638   0.00   0.04023251186461
MO: 4639   0.00   0.04088759020589 | MO: 4640   0.00   0.04158465980338
MO: 4641   0.00   0.04165554876705 | MO: 4642   0.00   0.04202245306218
MO: 4643   0.00   0.04250660812460 | MO: 4644   0.00   0.04266756939801
MO: 4645   0.00   0.04379097731134 | MO: 4646   0.00   0.04382033603055
MO: 4647   0.00   0.04415647463229 | MO: 4648   0.00   0.04452503901501
MO: 4649   0.00   0.04459260685112 | MO: 4650   0.00   0.04480106913268
MO: 4651   0.00   0.04481108672308 | MO: 4652   0.00   0.04498984791304
MO: 4653   0.00   0.04504098810288 | MO: 4654   0.00   0.04526286605701
MO: 4655   0.00   0.04528502827133 | MO: 4656   0.00   0.04531129909429
MO: 4657   0.00   0.04537350111921 | MO: 4658   0.00   0.04564040817366
MO: 4659   0.00   0.04623199676772 | MO: 4660   0.00   0.04656565433048
MO: 4661   0.00   0.04671369623759 | MO: 4662   0.00   0.04680545123459
MO: 4663   0.00   0.04688209685390 | MO: 4664   0.00   0.04766846676262
MO: 4665   0.00   0.04779877053699 | MO: 4666   0.00   0.04798197919599
MO: 4667   0.00   0.04798333776754 | MO: 4668   0.00   0.04830968209989
MO: 4669   0.00   0.04833151583988 | MO: 4670   0.00   0.04861917775534
MO: 4671   0.00   0.04910456278503 | MO: 4672   0.00   0.04976484120183
MO: 4673   0.00   0.04997672133606 | MO: 4674   0.00   0.05003752719831
MO: 4675   0.00   0.05016353469344 | MO: 4676   0.00   0.05041212509108
MO: 4677   0.00   0.05042902602695 | MO: 4678   0.00   0.05050879560178
MO: 4679   0.00   0.05089507118740 | MO: 4680   0.00   0.05111420354648
MO: 4681   0.00   0.05119471560453 | MO: 4682   0.00   0.05141460579891
MO: 4683   0.00   0.05142488796114 | MO: 4684   0.00   0.05144439423598
MO: 4685   0.00   0.05153628193702 | MO: 4686   0.00   0.05156234325516
MO: 4687   0.00   0.05165777471706 | MO: 4688   0.00   0.05175138780186
MO: 4689   0.00   0.05177649384970 | MO: 4690   0.00   0.05195101853045
MO: 4691   0.00   0.05198182335064 | MO: 4692   0.00   0.05199433717439
MO: 4693   0.00   0.05216316706501 | MO: 4694   0.00   0.05244942004660
MO: 4695   0.00   0.05311313747582 | MO: 4696   0.00   0.05316164613960
MO: 4697   0.00   0.05351337005672 | MO: 4698   0.00   0.05389058931966
MO: 4699   0.00   0.05407880714281 | MO: 4700   0.00   0.05428249417878
MO: 4701   0.00   0.05454389796176 | MO: 4702   0.00   0.05458031335437
MO: 4703   0.00   0.05459031037370 | MO: 4704   0.00   0.05468814728713
MO: 4705   0.00   0.05481186813514 | MO: 4706   0.00   0.05503750280860
MO: 4707   0.00   0.05525896040635 | MO: 4708   0.00   0.05540335908152
MO: 4709   0.00   0.05555972423458 | MO: 4710   0.00   0.05576218592530
MO: 4711   0.00   0.05582590837564 | MO: 4712   0.00   0.05586189252262
MO: 4713   0.00   0.05621076990621 | MO: 4714   0.00   0.05622381520683
MO: 4715   0.00   0.05627888674326 | MO: 4716   0.00   0.05628786932892
MO: 4717   0.00   0.05634250601631 | MO: 4718   0.00   0.05643875352973
MO: 4719   0.00   0.05657616351261 | MO: 4720   0.00   0.05686261212589
MO: 4721   0.00   0.05707075153626 | MO: 4722   0.00   0.05710917015032
MO: 4723   0.00   0.05733295772056 | MO: 4724   0.00   0.05754580485812
MO: 4725   0.00   0.05764990611487 | MO: 4726   0.00   0.05770227150589
MO: 4727   0.00   0.05777448377219 | MO: 4728   0.00   0.05808311899647
MO: 4729   0.00   0.05826778452119 | MO: 4730   0.00   0.05829047842990
MO: 4731   0.00   0.05868945308017 | MO: 4732   0.00   0.05898333309795
MO: 4733   0.00   0.05923333530256 | MO: 4734   0.00   0.05947575715599
MO: 4735   0.00   0.05963987846463 | MO: 4736   0.00   0.05994369144941
MO: 4737   0.00   0.05995594640999 | MO: 4738   0.00   0.06013521683730
MO: 4739   0.00   0.06019979565411 | MO: 4740   0.00   0.06031274145220
MO: 4741   0.00   0.06074784904806 | MO: 4742   0.00   0.06098443208162
MO: 4743   0.00   0.06166660835125 | MO: 4744   0.00   0.06167578650990
MO: 4745   0.00   0.06190432960833 | MO: 4746   0.00   0.06194420162863
MO: 4747   0.00   0.06214827053235 | MO: 4748   0.00   0.06236233670115
MO: 4749   0.00   0.06237691593899 | MO: 4750   0.00   0.06249668724355
MO: 4751   0.00   0.06260419940326 | MO: 4752   0.00   0.06285091019993
MO: 4753   0.00   0.06306480057515 | MO: 4754   0.00   0.06332972889777
MO: 4755   0.00   0.06395390796936 | MO: 4756   0.00   0.06401487617344
MO: 4757   0.00   0.06401539230231 | MO: 4758   0.00   0.06425390398487
MO: 4759   0.00   0.06468832319475 | MO: 4760   0.00   0.06477693928653
MO: 4761   0.00   0.06479964812381 | MO: 4762   0.00   0.06496960207574
MO: 4763   0.00   0.06502133355193 | MO: 4764   0.00   0.06515325171029
MO: 4765   0.00   0.06546527468269 | MO: 4766   0.00   0.06557014206864
MO: 4767   0.00   0.06570634169086 | MO: 4768   0.00   0.06604958693730
MO: 4769   0.00   0.06609559080816 | MO: 4770   0.00   0.06621065186539
MO: 4771   0.00   0.06736102517781 | MO: 4772   0.00   0.06792152501982
MO: 4773   0.00   0.06799352158353 | MO: 4774   0.00   0.06800667428271
MO: 4775   0.00   0.06802546801344 | MO: 4776   0.00   0.06856336678211
MO: 4777   0.00   0.06886709811721 | MO: 4778   0.00   0.06907738713724
MO: 4779   0.00   0.06925034166180 | MO: 4780   0.00   0.06940266063108
MO: 4781   0.00   0.06959752198896 | MO: 4782   0.00   0.06996573233958
MO: 4783   0.00   0.07035503602171 | MO: 4784   0.00   0.07098442310038
MO: 4785   0.00   0.07147993885912 | MO: 4786   0.00   0.07237322443827
MO: 4787   0.00   0.07239743648285 | MO: 4788   0.00   0.07259039988336
MO: 4789   0.00   0.07277829127008 | MO: 4790   0.00   0.07295549124281
MO: 4791   0.00   0.07306671466197 | MO: 4792   0.00   0.07390966982485
MO: 4793   0.00   0.07410118382071 | MO: 4794   0.00   0.07415946297446
MO: 4795   0.00   0.07432735005373 | MO: 4796   0.00   0.07432803270974
MO: 4797   0.00   0.07449569471731 | MO: 4798   0.00   0.07452100330540
MO: 4799   0.00   0.07467013246203 | MO: 4800   0.00   0.07497482448408
MO: 4801   0.00   0.07566874005440 | MO: 4802   0.00   0.07579731479656
MO: 4803   0.00   0.07596721571964 | MO: 4804   0.00   0.07642222331501
MO: 4805   0.00   0.07645379529784 | MO: 4806   0.00   0.07661604479129
MO: 4807   0.00   0.07663410743587 | MO: 4808   0.00   0.07716766547985
MO: 4809   0.00   0.07726684933535 | MO: 4810   0.00   0.07727326507161
MO: 4811   0.00   0.07756016546173 | MO: 4812   0.00   0.07777141479067
MO: 4813   0.00   0.07789753632612 | MO: 4814   0.00   0.07789842125158
MO: 4815   0.00   0.07798051106061 | MO: 4816   0.00   0.07808199229655
MO: 4817   0.00   0.07851644695290 | MO: 4818   0.00   0.07872206240533
MO: 4819   0.00   0.07872982080890 | MO: 4820   0.00   0.07907377156060
MO: 4821   0.00   0.07910942064688 | MO: 4822   0.00   0.07973655252437
MO: 4823   0.00   0.08036420201655 | MO: 4824   0.00   0.08058802071306
MO: 4825   0.00   0.08087628691156 | MO: 4826   0.00   0.08132474106530
MO: 4827   0.00   0.08134301086424 | MO: 4828   0.00   0.08150881897870
MO: 4829   0.00   0.08163644002421 | MO: 4830   0.00   0.08175688353266
MO: 4831   0.00   0.08176502319178 | MO: 4832   0.00   0.08185228019571
MO: 4833   0.00   0.08194251805386 | MO: 4834   0.00   0.08253100600564
MO: 4835   0.00   0.08262959061599 | MO: 4836   0.00   0.08317110996271
MO: 4837   0.00   0.08359189960869 | MO: 4838   0.00   0.08375678831215
MO: 4839   0.00   0.08378405397367 | MO: 4840   0.00   0.08396091080546
MO: 4841   0.00   0.08426671395772 | MO: 4842   0.00   0.08479983443252
MO: 4843   0.00   0.08491366984636 | MO: 4844   0.00   0.08493147486861
MO: 4845   0.00   0.08510044501674 | MO: 4846   0.00   0.08516704399533
MO: 4847   0.00   0.08568076783573 | MO: 4848   0.00   0.08571604504807
MO: 4849   0.00   0.08584084674881 | MO: 4850   0.00   0.08620527208543
MO: 4851   0.00   0.08633796017949 | MO: 4852   0.00   0.08729652863314
MO: 4853   0.00   0.08749232796405 | MO: 4854   0.00   0.08750553885653
MO: 4855   0.00   0.08819276095719 | MO: 4856   0.00   0.08840978929440
MO: 4857   0.00   0.08896768829354 | MO: 4858   0.00   0.08934528878240
MO: 4859   0.00   0.08949581301164 | MO: 4860   0.00   0.08963236887144
MO: 4861   0.00   0.08970152198999 | MO: 4862   0.00   0.08977833373129
MO: 4863   0.00   0.08983156263976 | MO: 4864   0.00   0.09027046456644
MO: 4865   0.00   0.09055214763444 | MO: 4866   0.00   0.09095457722604
MO: 4867   0.00   0.09100048869194 | MO: 4868   0.00   0.09109809512917
MO: 4869   0.00   0.09113359708842 | MO: 4870   0.00   0.09117200420915
MO: 4871   0.00   0.09124456771034 | MO: 4872   0.00   0.09127309551272
MO: 4873   0.00   0.09132997662616 | MO: 4874   0.00   0.09145079534293
MO: 4875   0.00   0.09147759654456 | MO: 4876   0.00   0.09172386656179
MO: 4877   0.00   0.09174970525164 | MO: 4878   0.00   0.09187122639161
MO: 4879   0.00   0.09221505862700 | MO: 4880   0.00   0.09224711231138
MO: 4881   0.00   0.09231822179684 | MO: 4882   0.00   0.09248500372325
MO: 4883   0.00   0.09271318965675 | MO: 4884   0.00   0.09279098604523
MO: 4885   0.00   0.09284507584385 | MO: 4886   0.00   0.09337577598324
MO: 4887   0.00   0.09351613802229 | MO: 4888   0.00   0.09360786205597
MO: 4889   0.00   0.09363441044914 | MO: 4890   0.00   0.09403063344580
MO: 4891   0.00   0.09415983895368 | MO: 4892   0.00   0.09424244650764
MO: 4893   0.00   0.09425054533429 | MO: 4894   0.00   0.09434541060806
MO: 4895   0.00   0.09448396426609 | MO: 4896   0.00   0.09464189129358
MO: 4897   0.00   0.09518620508924 | MO: 4898   0.00   0.09553224673905
MO: 4899   0.00   0.09575968221958 | MO: 4900   0.00   0.09585375849221
MO: 4901   0.00   0.09620699586898 | MO: 4902   0.00   0.09663936421023
MO: 4903   0.00   0.09705477863796 | MO: 4904   0.00   0.09734798237371
MO: 4905   0.00   0.09761527415807 | MO: 4906   0.00   0.09796243950790
MO: 4907   0.00   0.09823848296522 | MO: 4908   0.00   0.09914206390821
MO: 4909   0.00   0.09955520563118 | MO: 4910   0.00   0.09984670749515
MO: 4911   0.00   0.09989693415027 | MO: 4912   0.00   0.09995305220135
MO: 4913   0.00   0.10025487869945 | MO: 4914   0.00   0.10100735863872
MO: 4915   0.00   0.10129884391167 | MO: 4916   0.00   0.10145063082232
MO: 4917   0.00   0.10151875381005 | MO: 4918   0.00   0.10160837250844
MO: 4919   0.00   0.10171989318560 | MO: 4920   0.00   0.10183875678921
MO: 4921   0.00   0.10184044241012 | MO: 4922   0.00   0.10241004326170
MO: 4923   0.00   0.10291272449888 | MO: 4924   0.00   0.10318055319649
MO: 4925   0.00   0.10357238250104 | MO: 4926   0.00   0.10371633004775
MO: 4927   0.00   0.10390641100393 | MO: 4928   0.00   0.10417759506301
MO: 4929   0.00   0.10425656141996 | MO: 4930   0.00   0.10461304584817
MO: 4931   0.00   0.10511713172233 | MO: 4932   0.00   0.10515902198402
MO: 4933   0.00   0.10522185863848 | MO: 4934   0.00   0.10578840627674
MO: 4935   0.00   0.10596516708963 | MO: 4936   0.00   0.10601650789343
MO: 4937   0.00   0.10649598244592 | MO: 4938   0.00   0.10658436476743
MO: 4939   0.00   0.10694509744095 | MO: 4940   0.00   0.10711474909897
MO: 4941   0.00   0.10728281692423 | MO: 4942   0.00   0.10748285771677
MO: 4943   0.00   0.10757270611865 | MO: 4944   0.00   0.10761348307556
MO: 4945   0.00   0.10801290869891 | MO: 4946   0.00   0.10851018286502
MO: 4947   0.00   0.10854780478305 | MO: 4948   0.00   0.10883924502363
MO: 4949   0.00   0.10960911455472 | MO: 4950   0.00   0.10988224489889
MO: 4951   0.00   0.10998739454699 | MO: 4952   0.00   0.11017462823039
MO: 4953   0.00   0.11017510188001 | MO: 4954   0.00   0.11023335367795
MO: 4955   0.00   0.11031182239952 | MO: 4956   0.00   0.11032331885801
MO: 4957   0.00   0.11056472451638 | MO: 4958   0.00   0.11069128519537
MO: 4959   0.00   0.11094951351923 | MO: 4960   0.00   0.11101707310113
MO: 4961   0.00   0.11104780651243 | MO: 4962   0.00   0.11149118478835
MO: 4963   0.00   0.11187650028272 | MO: 4964   0.00   0.11221028045742
MO: 4965   0.00   0.11239300147281 | MO: 4966   0.00   0.11272082755515
MO: 4967   0.00   0.11290124358908 | MO: 4968   0.00   0.11399612870740
MO: 4969   0.00   0.11417563199836 | MO: 4970   0.00   0.11446366470909
MO: 4971   0.00   0.11456157714419 | MO: 4972   0.00   0.11504199229293
MO: 4973   0.00   0.11743217818833 | MO: 4974   0.00   0.11782284994086
MO: 4975   0.00   0.11818837710999 | MO: 4976   0.00   0.11879366751194
MO: 4977   0.00   0.11905650785554 | MO: 4978   0.00   0.11915274837017
MO: 4979   0.00   0.11923329519557 | MO: 4980   0.00   0.11946775459826
MO: 4981   0.00   0.11983633561077 | MO: 4982   0.00   0.12006922258224
MO: 4983   0.00   0.12040772306423 | MO: 4984   0.00   0.12073043819492
MO: 4985   0.00   0.12083829692401 | MO: 4986   0.00   0.12113959315977
MO: 4987   0.00   0.12121754500125 | MO: 4988   0.00   0.12121945907246
MO: 4989   0.00   0.12123557904590 | MO: 4990   0.00   0.12138554137786
MO: 4991   0.00   0.12155995606156 | MO: 4992   0.00   0.12168105882913
MO: 4993   0.00   0.12186200061088 | MO: 4994   0.00   0.12192739920539
MO: 4995   0.00   0.12222644500725 | MO: 4996   0.00   0.12236317710853
MO: 4997   0.00   0.12243146604270 | MO: 4998   0.00   0.12269106596370
MO: 4999   0.00   0.12282407126880 | MO: 5000   0.00   0.12288850132421
MO: 5001   0.00   0.12293718285104 | MO: 5002   0.00   0.12311161464883
MO: 5003   0.00   0.12312644531105 | MO: 5004   0.00   0.12373117495606
MO: 5005   0.00   0.12387632112555 | MO: 5006   0.00   0.12390575769731
MO: 5007   0.00   0.12397190737116 | MO: 5008   0.00   0.12412396670161
MO: 5009   0.00   0.12438293116624 | MO: 5010   0.00   0.12456791189760
MO: 5011   0.00   0.12457080278212 | MO: 5012   0.00   0.12466255789656
MO: 5013   0.00   0.12491671532369 | MO: 5014   0.00   0.12497651020788
MO: 5015   0.00   0.12504163646673 | MO: 5016   0.00   0.12520749005972
MO: 5017   0.00   0.12582527409113 | MO: 5018   0.00   0.12609759470589
MO: 5019   0.00   0.12622478349762 | MO: 5020   0.00   0.12724125893011
MO: 5021   0.00   0.12758627536968 | MO: 5022   0.00   0.12768916012962
MO: 5023   0.00   0.12789684636052 | MO: 5024   0.00   0.12795592293036
MO: 5025   0.00   0.12838773455448 | MO: 5026   0.00   0.12866419158161
MO: 5027   0.00   0.12882109741444 | MO: 5028   0.00   0.12885225466133
MO: 5029   0.00   0.12922871160314 | MO: 5030   0.00   0.12950775199010
MO: 5031   0.00   0.12972897721215 | MO: 5032   0.00   0.12976210348690
MO: 5033   0.00   0.13003408903191 | MO: 5034   0.00   0.13036725698575
MO: 5035   0.00   0.13057608305467 | MO: 5036   0.00   0.13074956455109
MO: 5037   0.00   0.13088034559437 | MO: 5038   0.00   0.13096402834532
MO: 5039   0.00   0.13144156616595 | MO: 5040   0.00   0.13150700498732
MO: 5041   0.00   0.13194821969472 | MO: 5042   0.00   0.13218040878659
MO: 5043   0.00   0.13253202365361 | MO: 5044   0.00   0.13262159844384
MO: 5045   0.00   0.13304610709321 | MO: 5046   0.00   0.13338348189537
MO: 5047   0.00   0.13477138996462 | MO: 5048   0.00   0.13545172893504
MO: 5049   0.00   0.13552481012725 | MO: 5050   0.00   0.13625596460289
MO: 5051   0.00   0.13656823040500 | MO: 5052   0.00   0.13720190301851
MO: 5053   0.00   0.13739048190320 | MO: 5054   0.00   0.13747667933608
MO: 5055   0.00   0.13782373202626 | MO: 5056   0.00   0.13785473517565
MO: 5057   0.00   0.13919762497149 | MO: 5058   0.00   0.13926230902581
MO: 5059   0.00   0.13927962205934 | MO: 5060   0.00   0.13942822129256
MO: 5061   0.00   0.13998400150473 | MO: 5062   0.00   0.14057074996923
MO: 5063   0.00   0.14107793656317 | MO: 5064   0.00   0.14120486582311
MO: 5065   0.00   0.14125778920855 | MO: 5066   0.00   0.14127375005666
MO: 5067   0.00   0.14145478490035 | MO: 5068   0.00   0.14206881567570
MO: 5069   0.00   0.14218095824893 | MO: 5070   0.00   0.14265720659087
MO: 5071   0.00   0.14366162036504 | MO: 5072   0.00   0.14452614541962
MO: 5073   0.00   0.14475615616246 | MO: 5074   0.00   0.14551392898440
MO: 5075   0.00   0.14593609309076 | MO: 5076   0.00   0.14614872913381
MO: 5077   0.00   0.14618452663043 | MO: 5078   0.00   0.14649779555602
MO: 5079   0.00   0.14668675415059 | MO: 5080   0.00   0.14692677270556
MO: 5081   0.00   0.14703374939315 | MO: 5082   0.00   0.14760085382573
MO: 5083   0.00   0.14778556664020 | MO: 5084   0.00   0.14818079310326
MO: 5085   0.00   0.14818202729543 | MO: 5086   0.00   0.14874282890198
MO: 5087   0.00   0.14896629908855 | MO: 5088   0.00   0.14953257315235
MO: 5089   0.00   0.15073968212146 | MO: 5090   0.00   0.15083414844124
MO: 5091   0.00   0.15109945003180 | MO: 5092   0.00   0.15118437498009
MO: 5093   0.00   0.15136605958727 | MO: 5094   0.00   0.15151208239854
MO: 5095   0.00   0.15183910291982 | MO: 5096   0.00   0.15220787487362
MO: 5097   0.00   0.15224597387054 | MO: 5098   0.00   0.15255906746756
MO: 5099   0.00   0.15279252533804 | MO: 5100   0.00   0.15293046264247
MO: 5101   0.00   0.15357717568646 | MO: 5102   0.00   0.15379688622114
MO: 5103   0.00   0.15401461347411 | MO: 5104   0.00   0.15453624947292
MO: 5105   0.00   0.15466874422332 | MO: 5106   0.00   0.15502505817858
MO: 5107   0.00   0.15517523670397 | MO: 5108   0.00   0.15521985680019
MO: 5109   0.00   0.15526653673023 | MO: 5110   0.00   0.15534701196070
MO: 5111   0.00   0.15566012507670 | MO: 5112   0.00   0.15609804958625
MO: 5113   0.00   0.15626922992940 | MO: 5114   0.00   0.15629261267691
MO: 5115   0.00   0.15671884485236 | MO: 5116   0.00   0.15705556148182
MO: 5117   0.00   0.15716587338227 | MO: 5118   0.00   0.15776072619764
MO: 5119   0.00   0.15799346830538 | MO: 5120   0.00   0.15809271650872
MO: 5121   0.00   0.15810280369028 | MO: 5122   0.00   0.15859272202020
MO: 5123   0.00   0.15863674916939 | MO: 5124   0.00   0.15887951079511
MO: 5125   0.00   0.15893283824137 | MO: 5126   0.00   0.15904829967819
MO: 5127   0.00   0.15909235523545 | MO: 5128   0.00   0.15932926853380
MO: 5129   0.00   0.15935281672587 | MO: 5130   0.00   0.15960044977921
MO: 5131   0.00   0.16000077996364 | MO: 5132   0.00   0.16003972663196
MO: 5133   0.00   0.16016561623373 | MO: 5134   0.00   0.16030201796567
MO: 5135   0.00   0.16032332494214 | MO: 5136   0.00   0.16050457330479
MO: 5137   0.00   0.16078310840909 | MO: 5138   0.00   0.16095147110906
MO: 5139   0.00   0.16146341224678 | MO: 5140   0.00   0.16155729992001
MO: 5141   0.00   0.16160968688145 | MO: 5142   0.00   0.16180256223088
MO: 5143   0.00   0.16190276963415 | MO: 5144   0.00   0.16206940271727
MO: 5145   0.00   0.16214823981915 | MO: 5146   0.00   0.16258921165279
MO: 5147   0.00   0.16283109314928 | MO: 5148   0.00   0.16296606380573
MO: 5149   0.00   0.16301984670602 | MO: 5150   0.00   0.16310633184117
MO: 5151   0.00   0.16312556005505 | MO: 5152   0.00   0.16329256869963
MO: 5153   0.00   0.16348497766894 | MO: 5154   0.00   0.16365157254173
MO: 5155   0.00   0.16369566216262 | MO: 5156   0.00   0.16379482555223
MO: 5157   0.00   0.16398499186266 | MO: 5158   0.00   0.16404176271557
MO: 5159   0.00   0.16408400578095 | MO: 5160   0.00   0.16438774664165
MO: 5161   0.00   0.16441908516591 | MO: 5162   0.00   0.16457684058547
MO: 5163   0.00   0.16508784060809 | MO: 5164   0.00   0.16531782680041
MO: 5165   0.00   0.16536402528585 | MO: 5166   0.00   0.16544680172252
MO: 5167   0.00   0.16585362920529 | MO: 5168   0.00   0.16649584086880
MO: 5169   0.00   0.16674807612799 | MO: 5170   0.00   0.16709766220702
MO: 5171   0.00   0.16755656854639 | MO: 5172   0.00   0.16776336974127
MO: 5173   0.00   0.16785674933823 | MO: 5174   0.00   0.16789010173879
MO: 5175   0.00   0.16794253944624 | MO: 5176   0.00   0.16837660696401
MO: 5177   0.00   0.16857751196437 | MO: 5178   0.00   0.16874692276424
MO: 5179   0.00   0.16895896232935 | MO: 5180   0.00   0.16913129148795
MO: 5181   0.00   0.16935676414124 | MO: 5182   0.00   0.16949458103898
MO: 5183   0.00   0.16955061193414 | MO: 5184   0.00   0.16962946101938
MO: 5185   0.00   0.16989638851137 | MO: 5186   0.00   0.16992071489305
MO: 5187   0.00   0.17014182246298 | MO: 5188   0.00   0.17021135532047
MO: 5189   0.00   0.17022174574891 | MO: 5190   0.00   0.17151317440037
MO: 5191   0.00   0.17200743556192 | MO: 5192   0.00   0.17423944610501
MO: 5193   0.00   0.17471913679218 | MO: 5194   0.00   0.17499301287313
MO: 5195   0.00   0.17540997084527 | MO: 5196   0.00   0.17640236151119
MO: 5197   0.00   0.17683101269004 | MO: 5198   0.00   0.17689198401028
MO: 5199   0.00   0.17747414986240 | MO: 5200   0.00   0.17772042010745
MO: 5201   0.00   0.17790712974832 | MO: 5202   0.00   0.17848210631690
MO: 5203   0.00   0.17914028552101 | MO: 5204   0.00   0.18078529287033
MO: 5205   0.00   0.18368801430650 | MO: 5206   0.00   0.18515241898763
MO: 5207   0.00   0.18727895637268 | MO: 5208   0.00   0.18732823495302
MO: 5209   0.00   0.18860178000600 | MO: 5210   0.00   0.18889100293714
MO: 5211   0.00   0.18892012336384 | MO: 5212   0.00   0.18934707614151
MO: 5213   0.00   0.18961231388407 | MO: 5214   0.00   0.18975128660872
MO: 5215   0.00   0.19000060636423 | MO: 5216   0.00   0.19013161593505
MO: 5217   0.00   0.19028304361456 | MO: 5218   0.00   0.19038910966833
MO: 5219   0.00   0.19121556470032 | MO: 5220   0.00   0.19133083418115
MO: 5221   0.00   0.19216184433128 | MO: 5222   0.00   0.19300818451713
MO: 5223   0.00   0.19504895730998 | MO: 5224   0.00   0.19678493744119
MO: 5225   0.00   0.19735882188429 | MO: 5226   0.00   0.19759134812202
MO: 5227   0.00   0.19785649495128 | MO: 5228   0.00   0.19815459424007
MO: 5229   0.00   0.19868728104829 | MO: 5230   0.00   0.19908421763721
MO: 5231   0.00   0.19914690191425 | MO: 5232   0.00   0.19915732370863
MO: 5233   0.00   0.19958611620078 | MO: 5234   0.00   0.19981743763171
MO: 5235   0.00   0.19990880708135 | MO: 5236   0.00   0.20006136162742
MO: 5237   0.00   0.20007570416992 | MO: 5238   0.00   0.20029927709291
MO: 5239   0.00   0.20050157329352 | MO: 5240   0.00   0.20087348961296
MO: 5241   0.00   0.20120644736448 | MO: 5242   0.00   0.20128546979791
MO: 5243   0.00   0.20132437036187 | MO: 5244   0.00   0.20151290381523
MO: 5245   0.00   0.20170308794151 | MO: 5246   0.00   0.20177808726008
MO: 5247   0.00   0.20219651716288 | MO: 5248   0.00   0.20223425668253
MO: 5249   0.00   0.20282050510769 | MO: 5250   0.00   0.20296446822691
MO: 5251   0.00   0.20307806062047 | MO: 5252   0.00   0.20335671075007
MO: 5253   0.00   0.20346856455240 | MO: 5254   0.00   0.20362678618118
MO: 5255   0.00   0.20395155189715 | MO: 5256   0.00   0.20475856102823
MO: 5257   0.00   0.20493811739456 | MO: 5258   0.00   0.20534670541585
MO: 5259   0.00   0.20571400875484 | MO: 5260   0.00   0.20589312678476
MO: 5261   0.00   0.20593108913734 | MO: 5262   0.00   0.20619381855411
MO: 5263   0.00   0.20640182824463 | MO: 5264   0.00   0.20669431113432
MO: 5265   0.00   0.20673307671581 | MO: 5266   0.00   0.20681580851134
MO: 5267   0.00   0.20692770526456 | MO: 5268   0.00   0.20697499812411
MO: 5269   0.00   0.20699769805205 | MO: 5270   0.00   0.20707647583437
MO: 5271   0.00   0.20719003730935 | MO: 5272   0.00   0.20784583980375
MO: 5273   0.00   0.20804098991593 | MO: 5274   0.00   0.20829078392362
MO: 5275   0.00   0.20829316775547 | MO: 5276   0.00   0.20851036015996
MO: 5277   0.00   0.20854505025161 | MO: 5278   0.00   0.20882348929460
MO: 5279   0.00   0.20900789747686 | MO: 5280   0.00   0.20928153757514
MO: 5281   0.00   0.20932682053293 | MO: 5282   0.00   0.20949449831459
MO: 5283   0.00   0.20965930310572 | MO: 5284   0.00   0.21015714145267
MO: 5285   0.00   0.21030058250865 | MO: 5286   0.00   0.21049132739849
MO: 5287   0.00   0.21060046760703 | MO: 5288   0.00   0.21109083265970
MO: 5289   0.00   0.21117048456155 | MO: 5290   0.00   0.21160968198569
MO: 5291   0.00   0.21173508857364 | MO: 5292   0.00   0.21201899206069
MO: 5293   0.00   0.21213223504356 | MO: 5294   0.00   0.21249936070802
MO: 5295   0.00   0.21263823535462 | MO: 5296   0.00   0.21287983834737
MO: 5297   0.00   0.21347504845608 | MO: 5298   0.00   0.21372884588857
MO: 5299   0.00   0.21394660028780 | MO: 5300   0.00   0.21401351518682
MO: 5301   0.00   0.21427243216696 | MO: 5302   0.00   0.21438204361053
MO: 5303   0.00   0.21463178793641 | MO: 5304   0.00   0.21478944314181
MO: 5305   0.00   0.21494573648124 | MO: 5306   0.00   0.21507661589335
MO: 5307   0.00   0.21514976336879 | MO: 5308   0.00   0.21529132444427
MO: 5309   0.00   0.21583959612450 | MO: 5310   0.00   0.21609902033140
MO: 5311   0.00   0.21618356645335 | MO: 5312   0.00   0.21656438229238
MO: 5313   0.00   0.21674679002286 | MO: 5314   0.00   0.21710803702903
MO: 5315   0.00   0.21729604131489 | MO: 5316   0.00   0.21747563910680
MO: 5317   0.00   0.21772141338590 | MO: 5318   0.00   0.21809798596442
MO: 5319   0.00   0.21885874729016 | MO: 5320   0.00   0.21900923762047
MO: 5321   0.00   0.22017562222359 | MO: 5322   0.00   0.22058525529915
MO: 5323   0.00   0.22065027909755 | MO: 5324   0.00   0.22154057989301
MO: 5325   0.00   0.22203013405483 | MO: 5326   0.00   0.22208539820583
MO: 5327   0.00   0.22216418247832 | MO: 5328   0.00   0.22252058274290
MO: 5329   0.00   0.22265211574055 | MO: 5330   0.00   0.22356386372979
MO: 5331   0.00   0.22417266222108 | MO: 5332   0.00   0.22423484394605
MO: 5333   0.00   0.22560688312930 | MO: 5334   0.00   0.22561688919002
MO: 5335   0.00   0.22572407061241 | MO: 5336   0.00   0.22706790188491
MO: 5337   0.00   0.22738590094554 | MO: 5338   0.00   0.22755770815902
MO: 5339   0.00   0.22829684761224 | MO: 5340   0.00   0.22848164679472
MO: 5341   0.00   0.22852413405538 | MO: 5342   0.00   0.22914508174177
MO: 5343   0.00   0.22973468579776 | MO: 5344   0.00   0.22981925181112
MO: 5345   0.00   0.22988879007101 | MO: 5346   0.00   0.23059340484900
MO: 5347   0.00   0.23071335382753 | MO: 5348   0.00   0.23077436124560
MO: 5349   0.00   0.23095220035215 | MO: 5350   0.00   0.23184784954999
MO: 5351   0.00   0.23253061247899 | MO: 5352   0.00   0.23334030782247
MO: 5353   0.00   0.23477525849257 | MO: 5354   0.00   0.23593480406525
MO: 5355   0.00   0.23612985375581 | MO: 5356   0.00   0.23753317845497
MO: 5357   0.00   0.23839042567908 | MO: 5358   0.00   0.23850936043233
MO: 5359   0.00   0.23929844170144 | MO: 5360   0.00   0.23992614422288
MO: 5361   0.00   0.24025414641954 | MO: 5362   0.00   0.24048037386217
MO: 5363   0.00   0.24097914711526 | MO: 5364   0.00   0.24104006033668
MO: 5365   0.00   0.24110629943233 | MO: 5366   0.00   0.24252181536656
MO: 5367   0.00   0.24312814141343 | MO: 5368   0.00   0.24392226513053
MO: 5369   0.00   0.24602291237789 | MO: 5370   0.00   0.24656144896370
MO: 5371   0.00   0.24667867705337 | MO: 5372   0.00   0.24746009249396
MO: 5373   0.00   0.24818874512643 | MO: 5374   0.00   0.25022707440558
MO: 5375   0.00   0.25051600471119 | MO: 5376   0.00   0.25091985906702
MO: 5377   0.00   0.25094631095723 | MO: 5378   0.00   0.25106045057070
MO: 5379   0.00   0.25130378596206 | MO: 5380   0.00   0.25232816117322
MO: 5381   0.00   0.25246293234840 | MO: 5382   0.00   0.25246886360385
MO: 5383   0.00   0.25282570365882 | MO: 5384   0.00   0.25307637285253
MO: 5385   0.00   0.25359040766929 | MO: 5386   0.00   0.25364083354825
MO: 5387   0.00   0.25392616640737 | MO: 5388   0.00   0.25399270439048
MO: 5389   0.00   0.25454698994306 | MO: 5390   0.00   0.25464708580146
MO: 5391   0.00   0.25487068776197 | MO: 5392   0.00   0.25567666308590
MO: 5393   0.00   0.25580601394515 | MO: 5394   0.00   0.25587273645256
MO: 5395   0.00   0.25593561320218 | MO: 5396   0.00   0.25665763232676
MO: 5397   0.00   0.25691536414191 | MO: 5398   0.00   0.25717250427679
MO: 5399   0.00   0.25721520140934 | MO: 5400   0.00   0.25768774116382
MO: 5401   0.00   0.25798984829664 | MO: 5402   0.00   0.25815993075870
MO: 5403   0.00   0.25833955989383 | MO: 5404   0.00   0.25848423025543
MO: 5405   0.00   0.25879586745927 | MO: 5406   0.00   0.25885537852473
MO: 5407   0.00   0.25903201133220 | MO: 5408   0.00   0.25922617059684
MO: 5409   0.00   0.25936475836761 | MO: 5410   0.00   0.25952356107554
MO: 5411   0.00   0.25971334655157 | MO: 5412   0.00   0.25978980861522
MO: 5413   0.00   0.25981732766555 | MO: 5414   0.00   0.25986163724150
MO: 5415   0.00   0.26013427209903 | MO: 5416   0.00   0.26035061578736
MO: 5417   0.00   0.26048061570574 | MO: 5418   0.00   0.26080522077208
MO: 5419   0.00   0.26095196159073 | MO: 5420   0.00   0.26098475124209
MO: 5421   0.00   0.26136111028269 | MO: 5422   0.00   0.26172739612312
MO: 5423   0.00   0.26191587055783 | MO: 5424   0.00   0.26196516389897
MO: 5425   0.00   0.26224430340050 | MO: 5426   0.00   0.26232045235515
MO: 5427   0.00   0.26267668327761 | MO: 5428   0.00   0.26282318038378
MO: 5429   0.00   0.26300573195804 | MO: 5430   0.00   0.26306249660739
MO: 5431   0.00   0.26316925032071 | MO: 5432   0.00   0.26318172622817
MO: 5433   0.00   0.26331485830093 | MO: 5434   0.00   0.26331585930225
MO: 5435   0.00   0.26359128358561 | MO: 5436   0.00   0.26364423346045
MO: 5437   0.00   0.26365200544062 | MO: 5438   0.00   0.26372558932155
MO: 5439   0.00   0.26387291615488 | MO: 5440   0.00   0.26394837592199
MO: 5441   0.00   0.26397370815238 | MO: 5442   0.00   0.26405533700985
MO: 5443   0.00   0.26419614632324 | MO: 5444   0.00   0.26437761269749
MO: 5445   0.00   0.26476250319502 | MO: 5446   0.00   0.26488343965030
MO: 5447   0.00   0.26492215949883 | MO: 5448   0.00   0.26496387066267
MO: 5449   0.00   0.26515055223071 | MO: 5450   0.00   0.26520992503287
MO: 5451   0.00   0.26534643118125 | MO: 5452   0.00   0.26535434452008
MO: 5453   0.00   0.26537342198359 | MO: 5454   0.00   0.26553167461165
MO: 5455   0.00   0.26582331118487 | MO: 5456   0.00   0.26586911772148
MO: 5457   0.00   0.26601416413400 | MO: 5458   0.00   0.26619336627903
MO: 5459   0.00   0.26622520636369 | MO: 5460   0.00   0.26647161758435
MO: 5461   0.00   0.26655903590899 | MO: 5462   0.00   0.26658467419081
MO: 5463   0.00   0.26678864241992 | MO: 5464   0.00   0.26693735643001
MO: 5465   0.00   0.26695128421861 | MO: 5466   0.00   0.26709248374002
MO: 5467   0.00   0.26721279311534 | MO: 5468   0.00   0.26733723656090
MO: 5469   0.00   0.26755779547650 | MO: 5470   0.00   0.26767760801016
MO: 5471   0.00   0.26778305759316 | MO: 5472   0.00   0.26804050457490
MO: 5473   0.00   0.26824556174879 | MO: 5474   0.00   0.26835573950044
MO: 5475   0.00   0.26838650053726 | MO: 5476   0.00   0.26844787251820
MO: 5477   0.00   0.26847590076963 | MO: 5478   0.00   0.26855667740692
MO: 5479   0.00   0.26877166658043 | MO: 5480   0.00   0.26889805813175
MO: 5481   0.00   0.26900585582153 | MO: 5482   0.00   0.26970758897038
MO: 5483   0.00   0.26975050044527 | MO: 5484   0.00   0.26977572003313
MO: 5485   0.00   0.26995985356421 | MO: 5486   0.00   0.27023912500910
MO: 5487   0.00   0.27027211260914 | MO: 5488   0.00   0.27038679868811
MO: 5489   0.00   0.27058352695042 | MO: 5490   0.00   0.27076319283058
MO: 5491   0.00   0.27083126629714 | MO: 5492   0.00   0.27087084534306
MO: 5493   0.00   0.27092880223983 | MO: 5494   0.00   0.27146635680164
MO: 5495   0.00   0.27153749698948 | MO: 5496   0.00   0.27161014040366
MO: 5497   0.00   0.27180944191187 | MO: 5498   0.00   0.27202324570435
MO: 5499   0.00   0.27207645331049 | MO: 5500   0.00   0.27212448561226
MO: 5501   0.00   0.27274586643257 | MO: 5502   0.00   0.27304129075605
MO: 5503   0.00   0.27433121932133 | MO: 5504   0.00   0.27486461998809
MO: 5505   0.00   0.27490392344279 | MO: 5506   0.00   0.27510657000098
MO: 5507   0.00   0.27515378622666 | MO: 5508   0.00   0.27561842843477
MO: 5509   0.00   0.27772125976441 | MO: 5510   0.00   0.27793832235913
MO: 5511   0.00   0.27795577307587 | MO: 5512   0.00   0.27799099993427
MO: 5513   0.00   0.27799615083829 | MO: 5514   0.00   0.27844004314292
MO: 5515   0.00   0.27965916396943 | MO: 5516   0.00   0.28018780498519
MO: 5517   0.00   0.28025856779539 | MO: 5518   0.00   0.28029654071817
MO: 5519   0.00   0.28051165402074 | MO: 5520   0.00   0.28102195008354
MO: 5521   0.00   0.28202350093931 | MO: 5522   0.00   0.28204900652207
MO: 5523   0.00   0.28267459948386 | MO: 5524   0.00   0.28284730497888
MO: 5525   0.00   0.28290241657878 | MO: 5526   0.00   0.28303623184567
MO: 5527   0.00   0.28316352050471 | MO: 5528   0.00   0.28337907378283
MO: 5529   0.00   0.28379987086684 | MO: 5530   0.00   0.28403142706379
MO: 5531   0.00   0.28451884374493 | MO: 5532   0.00   0.28481446421547
MO: 5533   0.00   0.28484544688402 | MO: 5534   0.00   0.28512524963444
MO: 5535   0.00   0.28584027136575 | MO: 5536   0.00   0.28597194327234
MO: 5537   0.00   0.28600506834540 | MO: 5538   0.00   0.28684009861551
MO: 5539   0.00   0.28714273554519 | MO: 5540   0.00   0.28730996872596
MO: 5541   0.00   0.28781132039452 | MO: 5542   0.00   0.28810854202195
MO: 5543   0.00   0.28820308632533 | MO: 5544   0.00   0.28847669313873
MO: 5545   0.00   0.28849323100765 | MO: 5546   0.00   0.28892240737042
MO: 5547   0.00   0.28893451229704 | MO: 5548   0.00   0.28901485262008
MO: 5549   0.00   0.28929535797396 | MO: 5550   0.00   0.28939077923460
MO: 5551   0.00   0.28943026863683 | MO: 5552   0.00   0.28945020407897
MO: 5553   0.00   0.28969351803696 | MO: 5554   0.00   0.28970444272669
MO: 5555   0.00   0.28977844094000 | MO: 5556   0.00   0.28996874645948
MO: 5557   0.00   0.29001701120196 | MO: 5558   0.00   0.29036440376760
MO: 5559   0.00   0.29039197019707 | MO: 5560   0.00   0.29071720292306
MO: 5561   0.00   0.29078325934308 | MO: 5562   0.00   0.29082632365289
MO: 5563   0.00   0.29107519849741 | MO: 5564   0.00   0.29124033669174
MO: 5565   0.00   0.29139967494069 | MO: 5566   0.00   0.29177466760913
MO: 5567   0.00   0.29187909929585 | MO: 5568   0.00   0.29190193416063
MO: 5569   0.00   0.29198230007416 | MO: 5570   0.00   0.29233040240828
MO: 5571   0.00   0.29267751858758 | MO: 5572   0.00   0.29315246698524
MO: 5573   0.00   0.29323658819844 | MO: 5574   0.00   0.29342143893430
MO: 5575   0.00   0.29351174795779 | MO: 5576   0.00   0.29376115233144
MO: 5577   0.00   0.29380259440647 | MO: 5578   0.00   0.29399189947214
MO: 5579   0.00   0.29414184100451 | MO: 5580   0.00   0.29423636002178
MO: 5581   0.00   0.29444990800348 | MO: 5582   0.00   0.29524287582991
MO: 5583   0.00   0.29545814917085 | MO: 5584   0.00   0.29546658813344
MO: 5585   0.00   0.29607460792592 | MO: 5586   0.00   0.29626052108519
MO: 5587   0.00   0.29626453150033 | MO: 5588   0.00   0.29655226232784
MO: 5589   0.00   0.29656101261749 | MO: 5590   0.00   0.29697673783569
MO: 5591   0.00   0.29711925492199 | MO: 5592   0.00   0.29739574294363
MO: 5593   0.00   0.29751029838244 | MO: 5594   0.00   0.29759871989791
MO: 5595   0.00   0.29799402401236 | MO: 5596   0.00   0.29813058007595
MO: 5597   0.00   0.29824388821888 | MO: 5598   0.00   0.29839560137588
MO: 5599   0.00   0.29898845165040 | MO: 5600   0.00   0.29922136972219
MO: 5601   0.00   0.29959302281385 | MO: 5602   0.00   0.30125565106804
MO: 5603   0.00   0.30128537697745 | MO: 5604   0.00   0.30169384890801
MO: 5605   0.00   0.30185453704846 | MO: 5606   0.00   0.30214435078987
MO: 5607   0.00   0.30253693445075 | MO: 5608   0.00   0.30258959822556
MO: 5609   0.00   0.30305998573829 | MO: 5610   0.00   0.30318956653365
MO: 5611   0.00   0.30321509508537 | MO: 5612   0.00   0.30323637355949
MO: 5613   0.00   0.30329756578655 | MO: 5614   0.00   0.30345601363210
MO: 5615   0.00   0.30352958531571 | MO: 5616   0.00   0.30354319338475
MO: 5617   0.00   0.30388702268568 | MO: 5618   0.00   0.30394046098295
MO: 5619   0.00   0.30424777745539 | MO: 5620   0.00   0.30434198015994
MO: 5621   0.00   0.30434532129210 | MO: 5622   0.00   0.30453597522641
MO: 5623   0.00   0.30459508846473 | MO: 5624   0.00   0.30512414017834
MO: 5625   0.00   0.30597191770164 | MO: 5626   0.00   0.30602883088658
MO: 5627   0.00   0.30603762997682 | MO: 5628   0.00   0.30614583294635
MO: 5629   0.00   0.30615572390882 | MO: 5630   0.00   0.30649260624309
MO: 5631   0.00   0.30656482748164 | MO: 5632   0.00   0.30665823842451
MO: 5633   0.00   0.30666901191816 | MO: 5634   0.00   0.30686510985368
MO: 5635   0.00   0.30751296812777 | MO: 5636   0.00   0.30754236868861
MO: 5637   0.00   0.30826118051273 | MO: 5638   0.00   0.30856762155124
MO: 5639   0.00   0.30886420960021 | MO: 5640   0.00   0.30898695608304
MO: 5641   0.00   0.30943301731252 | MO: 5642   0.00   0.30970133249507
MO: 5643   0.00   0.30989107644151 | MO: 5644   0.00   0.31003442688490
MO: 5645   0.00   0.31013386538327 | MO: 5646   0.00   0.31038432665732
MO: 5647   0.00   0.31093272344162 | MO: 5648   0.00   0.31093385416121
MO: 5649   0.00   0.31101336204325 | MO: 5650   0.00   0.31128518243810
MO: 5651   0.00   0.31132103506010 | MO: 5652   0.00   0.31180484935420
MO: 5653   0.00   0.31196440977320 | MO: 5654   0.00   0.31276678591241
MO: 5655   0.00   0.31308933602234 | MO: 5656   0.00   0.31317325758748
MO: 5657   0.00   0.31341441567345 | MO: 5658   0.00   0.31348447818458
MO: 5659   0.00   0.31362777356867 | MO: 5660   0.00   0.31378386369485
MO: 5661   0.00   0.31395040625871 | MO: 5662   0.00   0.31406655855432
MO: 5663   0.00   0.31436420403246 | MO: 5664   0.00   0.31437874224860
MO: 5665   0.00   0.31449618207913 | MO: 5666   0.00   0.31460166872859
MO: 5667   0.00   0.31478763974109 | MO: 5668   0.00   0.31487439986079
MO: 5669   0.00   0.31489519790872 | MO: 5670   0.00   0.31525154178041
MO: 5671   0.00   0.31558618047690 | MO: 5672   0.00   0.31570402870211
MO: 5673   0.00   0.31573442663060 | MO: 5674   0.00   0.31575878125479
MO: 5675   0.00   0.31636537094122 | MO: 5676   0.00   0.31670287829900
MO: 5677   0.00   0.31671851786368 | MO: 5678   0.00   0.31672516629571
MO: 5679   0.00   0.31680817812151 | MO: 5680   0.00   0.31685428831000
MO: 5681   0.00   0.31691577315303 | MO: 5682   0.00   0.31700759868012
MO: 5683   0.00   0.31705657458943 | MO: 5684   0.00   0.31710521868549
MO: 5685   0.00   0.31733101165299 | MO: 5686   0.00   0.31747798154302
MO: 5687   0.00   0.31754633180925 | MO: 5688   0.00   0.31770500665788
MO: 5689   0.00   0.31807555161392 | MO: 5690   0.00   0.31812302945984
MO: 5691   0.00   0.31822820259596 | MO: 5692   0.00   0.31826632779693
MO: 5693   0.00   0.31852893133017 | MO: 5694   0.00   0.31863737956604
MO: 5695   0.00   0.31877784284120 | MO: 5696   0.00   0.31888859766851
MO: 5697   0.00   0.31894073372595 | MO: 5698   0.00   0.31914462092004
MO: 5699   0.00   0.31923805678959 | MO: 5700   0.00   0.31928686174693
MO: 5701   0.00   0.31931961563866 | MO: 5702   0.00   0.31941243487779
MO: 5703   0.00   0.31975200173015 | MO: 5704   0.00   0.31990125351271
MO: 5705   0.00   0.31996961713380 | MO: 5706   0.00   0.32027498330100
MO: 5707   0.00   0.32097577178655 | MO: 5708   0.00   0.32136292824785
MO: 5709   0.00   0.32150295958011 | MO: 5710   0.00   0.32155590171363
MO: 5711   0.00   0.32184197063880 | MO: 5712   0.00   0.32197651276142
MO: 5713   0.00   0.32226659836043 | MO: 5714   0.00   0.32244400012195
MO: 5715   0.00   0.32272753219638 | MO: 5716   0.00   0.32304616912781
MO: 5717   0.00   0.32326761086208 | MO: 5718   0.00   0.32336795780842
MO: 5719   0.00   0.32368626329869 | MO: 5720   0.00   0.32370866542361
MO: 5721   0.00   0.32378408501134 | MO: 5722   0.00   0.32413204806766
MO: 5723   0.00   0.32442810710233 | MO: 5724   0.00   0.32469223044599
MO: 5725   0.00   0.32479780534365 | MO: 5726   0.00   0.32492329725962
MO: 5727   0.00   0.32501643718577 | MO: 5728   0.00   0.32514138799153
MO: 5729   0.00   0.32532950857640 | MO: 5730   0.00   0.32540109146944
MO: 5731   0.00   0.32565597230720 | MO: 5732   0.00   0.32595487227106
MO: 5733   0.00   0.32595884615889 | MO: 5734   0.00   0.32603249475963
MO: 5735   0.00   0.32609487817044 | MO: 5736   0.00   0.32624296358335
MO: 5737   0.00   0.32644365937347 | MO: 5738   0.00   0.32671619364185
MO: 5739   0.00   0.32686109589442 | MO: 5740   0.00   0.32711341282996
MO: 5741   0.00   0.32717143723647 | MO: 5742   0.00   0.32754815944685
MO: 5743   0.00   0.32773980895502 | MO: 5744   0.00   0.32786457874962
MO: 5745   0.00   0.32788670214444 | MO: 5746   0.00   0.32823650745979
MO: 5747   0.00   0.32824527593805 | MO: 5748   0.00   0.32825881788422
MO: 5749   0.00   0.32826019225311 | MO: 5750   0.00   0.32880576682402
MO: 5751   0.00   0.32925156278290 | MO: 5752   0.00   0.32967187523999
MO: 5753   0.00   0.32972552243753 | MO: 5754   0.00   0.32981218521190
MO: 5755   0.00   0.33003971925359 | MO: 5756   0.00   0.33010899957235
MO: 5757   0.00   0.33014390335521 | MO: 5758   0.00   0.33040785115326
MO: 5759   0.00   0.33061666439631 | MO: 5760   0.00   0.33082608623195
MO: 5761   0.00   0.33093286070014 | MO: 5762   0.00   0.33115545508285
MO: 5763   0.00   0.33117739080186 | MO: 5764   0.00   0.33169100494671
MO: 5765   0.00   0.33169448552697 | MO: 5766   0.00   0.33216272885191
MO: 5767   0.00   0.33225760895461 | MO: 5768   0.00   0.33226647558132
MO: 5769   0.00   0.33253043450806 | MO: 5770   0.00   0.33266467172328
MO: 5771   0.00   0.33283807547753 | MO: 5772   0.00   0.33311243464711
MO: 5773   0.00   0.33338465993574 | MO: 5774   0.00   0.33347166089917
MO: 5775   0.00   0.33357273612767 | MO: 5776   0.00   0.33380688064845
MO: 5777   0.00   0.33394962610958 | MO: 5778   0.00   0.33407643988065
MO: 5779   0.00   0.33411936123986 | MO: 5780   0.00   0.33424718012138
MO: 5781   0.00   0.33466180240030 | MO: 5782   0.00   0.33486539832441
MO: 5783   0.00   0.33505964871067 | MO: 5784   0.00   0.33526220795544
MO: 5785   0.00   0.33548706941712 | MO: 5786   0.00   0.33622733891316
MO: 5787   0.00   0.33641484984753 | MO: 5788   0.00   0.33648691105275
MO: 5789   0.00   0.33715804555742 | MO: 5790   0.00   0.33716142363836
MO: 5791   0.00   0.33729110191283 | MO: 5792   0.00   0.33788527049284
MO: 5793   0.00   0.33812630488739 | MO: 5794   0.00   0.33824072787533
MO: 5795   0.00   0.33837400577955 | MO: 5796   0.00   0.33846035132894
MO: 5797   0.00   0.33871902271706 | MO: 5798   0.00   0.33877917220661
MO: 5799   0.00   0.33886883796689 | MO: 5800   0.00   0.33911174495255
MO: 5801   0.00   0.33912303555570 | MO: 5802   0.00   0.33969692288912
MO: 5803   0.00   0.34027320950634 | MO: 5804   0.00   0.34075697361878
MO: 5805   0.00   0.34080084499771 | MO: 5806   0.00   0.34097875760496
MO: 5807   0.00   0.34119940387817 | MO: 5808   0.00   0.34220576301729
MO: 5809   0.00   0.34240839258553 | MO: 5810   0.00   0.34293374094463
MO: 5811   0.00   0.34344736683933 | MO: 5812   0.00   0.34406701347582
MO: 5813   0.00   0.34418335894202 | MO: 5814   0.00   0.34440123751238
MO: 5815   0.00   0.34477734542999 | MO: 5816   0.00   0.34509147337296
MO: 5817   0.00   0.34512232618403 | MO: 5818   0.00   0.34584235944721
MO: 5819   0.00   0.34587416443920 | MO: 5820   0.00   0.34599099031354
MO: 5821   0.00   0.34611143157662 | MO: 5822   0.00   0.34634631806587
MO: 5823   0.00   0.34641619769741 | MO: 5824   0.00   0.34668900061845
MO: 5825   0.00   0.34719577137304 | MO: 5826   0.00   0.34786718708881
MO: 5827   0.00   0.34787642864699 | MO: 5828   0.00   0.34792758835327
MO: 5829   0.00   0.34833642439440 | MO: 5830   0.00   0.34835600201514
MO: 5831   0.00   0.34848570371668 | MO: 5832   0.00   0.34860169221725
MO: 5833   0.00   0.34877115099180 | MO: 5834   0.00   0.34961868368393
MO: 5835   0.00   0.34962859517044 | MO: 5836   0.00   0.34970788858838
MO: 5837   0.00   0.34981389404031 | MO: 5838   0.00   0.35013744314983
MO: 5839   0.00   0.35022975858158 | MO: 5840   0.00   0.35026975597852
MO: 5841   0.00   0.35041116796454 | MO: 5842   0.00   0.35114156893558
MO: 5843   0.00   0.35118237370071 | MO: 5844   0.00   0.35159862246509
MO: 5845   0.00   0.35198987914336 | MO: 5846   0.00   0.35218736178269
MO: 5847   0.00   0.35239742695408 | MO: 5848   0.00   0.35246050719477
MO: 5849   0.00   0.35249301529255 | MO: 5850   0.00   0.35304184143751
MO: 5851   0.00   0.35379661707999 | MO: 5852   0.00   0.35516304590975
MO: 5853   0.00   0.36120849261248 | MO: 5854   0.00   0.36136303604119
MO: 5855   0.00   0.36228550547735 | MO: 5856   0.00   0.36256451903437
MO: 5857   0.00   0.36412585654084 | MO: 5858   0.00   0.36427629535102
MO: 5859   0.00   0.36428674577537 | MO: 5860   0.00   0.36457494120395
MO: 5861   0.00   0.36462451692352 | MO: 5862   0.00   0.36514024202989
MO: 5863   0.00   0.36557974312825 | MO: 5864   0.00   0.36567371944631
MO: 5865   0.00   0.36627194681244 | MO: 5866   0.00   0.36654152543710
MO: 5867   0.00   0.36706405160400 | MO: 5868   0.00   0.36776390663575
MO: 5869   0.00   0.36783855933258 | MO: 5870   0.00   0.36876552665946
MO: 5871   0.00   0.36940038577256 | MO: 5872   0.00   0.37092585810805
MO: 5873   0.00   0.37138501350751 | MO: 5874   0.00   0.37148726979253
MO: 5875   0.00   0.37181559889171 | MO: 5876   0.00   0.37193356421541
MO: 5877   0.00   0.37220021557929 | MO: 5878   0.00   0.37328185106522
MO: 5879   0.00   0.37359670957308 | MO: 5880   0.00   0.37400912965080
MO: 5881   0.00   0.37472434783729 | MO: 5882   0.00   0.37475878867787
MO: 5883   0.00   0.37485696735853 | MO: 5884   0.00   0.37554467821793
MO: 5885   0.00   0.37569262064269 | MO: 5886   0.00   0.37592573381553
MO: 5887   0.00   0.37608401921487 | MO: 5888   0.00   0.37648047499495
MO: 5889   0.00   0.37676196784315 | MO: 5890   0.00   0.37728939520933
MO: 5891   0.00   0.37735147003747 | MO: 5892   0.00   0.37760853991464
MO: 5893   0.00   0.37770450171772 | MO: 5894   0.00   0.37779931615737
MO: 5895   0.00   0.37801223238920 | MO: 5896   0.00   0.37819799555529
MO: 5897   0.00   0.37839193836453 | MO: 5898   0.00   0.37845214197632
MO: 5899   0.00   0.37869824933554 | MO: 5900   0.00   0.37935502484092
MO: 5901   0.00   0.37948048498823 | MO: 5902   0.00   0.37951603666491
MO: 5903   0.00   0.37960361125081 | MO: 5904   0.00   0.38011956828232
MO: 5905   0.00   0.38040516026996 | MO: 5906   0.00   0.38095623608645
MO: 5907   0.00   0.38126967694349 | MO: 5908   0.00   0.38231856540528
MO: 5909   0.00   0.38274500126964 | MO: 5910   0.00   0.38317644288900
MO: 5911   0.00   0.38423874403979 | MO: 5912   0.00   0.38475224633104
MO: 5913   0.00   0.38478322717318 | MO: 5914   0.00   0.38482133196338
MO: 5915   0.00   0.38483966729425 | MO: 5916   0.00   0.38546589608775
MO: 5917   0.00   0.38563194874669 | MO: 5918   0.00   0.38566154845610
MO: 5919   0.00   0.38672460560534 | MO: 5920   0.00   0.38702890750450
MO: 5921   0.00   0.38773115815760 | MO: 5922   0.00   0.38790166843256
MO: 5923   0.00   0.38867711213007 | MO: 5924   0.00   0.38889012295424
MO: 5925   0.00   0.39036317049935 | MO: 5926   0.00   0.39113406840449
MO: 5927   0.00   0.39119586493798 | MO: 5928   0.00   0.39160543002768
MO: 5929   0.00   0.39166316258527 | MO: 5930   0.00   0.39221931394349
MO: 5931   0.00   0.39229391262832 | MO: 5932   0.00   0.39234093466867
MO: 5933   0.00   0.39245806657674 | MO: 5934   0.00   0.39284255828392
MO: 5935   0.00   0.39344614225659 | MO: 5936   0.00   0.39391499395919
MO: 5937   0.00   0.39411936696589 | MO: 5938   0.00   0.39443000589400
MO: 5939   0.00   0.39446202291922 | MO: 5940   0.00   0.39456669704134
MO: 5941   0.00   0.39500268512787 | MO: 5942   0.00   0.39538927570455
MO: 5943   0.00   0.39609123521630 | MO: 5944   0.00   0.39610381593762
MO: 5945   0.00   0.39655344849238 | MO: 5946   0.00   0.39667150371008
MO: 5947   0.00   0.39699580778314 | MO: 5948   0.00   0.39702506041436
MO: 5949   0.00   0.39738111906571 | MO: 5950   0.00   0.39751585261242
MO: 5951   0.00   0.39758150394696 | MO: 5952   0.00   0.39779873245734
MO: 5953   0.00   0.39827231462449 | MO: 5954   0.00   0.39878719327905
MO: 5955   0.00   0.39924078057684 | MO: 5956   0.00   0.39926433903924
MO: 5957   0.00   0.40021463526978 | MO: 5958   0.00   0.40063538711874
MO: 5959   0.00   0.40071970218554 | MO: 5960   0.00   0.40100138714109
MO: 5961   0.00   0.40186351319632 | MO: 5962   0.00   0.40202766823811
MO: 5963   0.00   0.40216997423723 | MO: 5964   0.00   0.40232479257779
MO: 5965   0.00   0.40237382469358 | MO: 5966   0.00   0.40259483496528
MO: 5967   0.00   0.40260406005128 | MO: 5968   0.00   0.40277635111617
MO: 5969   0.00   0.40313856472241 | MO: 5970   0.00   0.40365312618478
MO: 5971   0.00   0.40370619175926 | MO: 5972   0.00   0.40383095061267
MO: 5973   0.00   0.40391049909371 | MO: 5974   0.00   0.40395979730258
MO: 5975   0.00   0.40398040962289 | MO: 5976   0.00   0.40405007554449
MO: 5977   0.00   0.40419918117707 | MO: 5978   0.00   0.40479255140523
MO: 5979   0.00   0.40489553558482 | MO: 5980   0.00   0.40515785782180
MO: 5981   0.00   0.40577238152019 | MO: 5982   0.00   0.40600639875398
MO: 5983   0.00   0.40605899079522 | MO: 5984   0.00   0.40701983048854
MO: 5985   0.00   0.40730537121334 | MO: 5986   0.00   0.40738620241414
MO: 5987   0.00   0.40758871174111 | MO: 5988   0.00   0.40763910600620
MO: 5989   0.00   0.40836525959197 | MO: 5990   0.00   0.40845060101624
MO: 5991   0.00   0.40845265901151 | MO: 5992   0.00   0.40860304144553
MO: 5993   0.00   0.40871210101228 | MO: 5994   0.00   0.40885185527276
MO: 5995   0.00   0.40910752000100 | MO: 5996   0.00   0.41014013976123
MO: 5997   0.00   0.41055224163939 | MO: 5998   0.00   0.41100306992951
MO: 5999   0.00   0.41141737206611 | MO: 6000   0.00   0.41148023849324
MO: 6001   0.00   0.41162928415386 | MO: 6002   0.00   0.41199325136214
MO: 6003   0.00   0.41252916469325 | MO: 6004   0.00   0.41270194779877
MO: 6005   0.00   0.41279467707767 | MO: 6006   0.00   0.41323346180437
MO: 6007   0.00   0.41355769585150 | MO: 6008   0.00   0.41357191210945
MO: 6009   0.00   0.41406153212023 | MO: 6010   0.00   0.41414756212312
MO: 6011   0.00   0.41416055262666 | MO: 6012   0.00   0.41453310407189
MO: 6013   0.00   0.41465832464895 | MO: 6014   0.00   0.41506919183155
MO: 6015   0.00   0.41552650260229 | MO: 6016   0.00   0.41564274475822
MO: 6017   0.00   0.41592188479949 | MO: 6018   0.00   0.41601058063242
MO: 6019   0.00   0.41629594130742 | MO: 6020   0.00   0.41634215700006
MO: 6021   0.00   0.41689505700880 | MO: 6022   0.00   0.41693308644790
MO: 6023   0.00   0.41720900014456 | MO: 6024   0.00   0.41785796301577
MO: 6025   0.00   0.41798971776315 | MO: 6026   0.00   0.41821215029509
MO: 6027   0.00   0.41892724960362 | MO: 6028   0.00   0.41947013591163
MO: 6029   0.00   0.41960492217401 | MO: 6030   0.00   0.41969813895261
MO: 6031   0.00   0.41993328593363 | MO: 6032   0.00   0.42051061214272
MO: 6033   0.00   0.42066328127298 | MO: 6034   0.00   0.42083040664895
MO: 6035   0.00   0.42142073175964 | MO: 6036   0.00   0.42169259578166
MO: 6037   0.00   0.42175637325294 | MO: 6038   0.00   0.42183859115683
MO: 6039   0.00   0.42199779537899 | MO: 6040   0.00   0.42209704186350
MO: 6041   0.00   0.42252417664617 | MO: 6042   0.00   0.42317130715681
MO: 6043   0.00   0.42321069330612 | MO: 6044   0.00   0.42335143862653
MO: 6045   0.00   0.42359922529032 | MO: 6046   0.00   0.42382717609681
MO: 6047   0.00   0.42387963934532 | MO: 6048   0.00   0.42393669059717
MO: 6049   0.00   0.42454045329583 | MO: 6050   0.00   0.42466065192023
MO: 6051   0.00   0.42518701517262 | MO: 6052   0.00   0.42538110859004
MO: 6053   0.00   0.42540490894949 | MO: 6054   0.00   0.42544095319746
MO: 6055   0.00   0.42565325826542 | MO: 6056   0.00   0.42581359564756
MO: 6057   0.00   0.42581761832730 | MO: 6058   0.00   0.42598549821006
MO: 6059   0.00   0.42609717374878 | MO: 6060   0.00   0.42635776357746
MO: 6061   0.00   0.42657506414721 | MO: 6062   0.00   0.42729161098602
MO: 6063   0.00   0.42766375846502 | MO: 6064   0.00   0.42771625149987
MO: 6065   0.00   0.42790232315887 | MO: 6066   0.00   0.42796056903590
MO: 6067   0.00   0.42829762740778 | MO: 6068   0.00   0.42871737442291
MO: 6069   0.00   0.42874726731473 | MO: 6070   0.00   0.42883194603712
MO: 6071   0.00   0.42890752018590 | MO: 6072   0.00   0.42930157204091
MO: 6073   0.00   0.42980954539830 | MO: 6074   0.00   0.43070332583278
MO: 6075   0.00   0.43115230849092 | MO: 6076   0.00   0.43137193616161
MO: 6077   0.00   0.43157042411768 | MO: 6078   0.00   0.43174013882274
MO: 6079   0.00   0.43209584729543 | MO: 6080   0.00   0.43219942327043
MO: 6081   0.00   0.43306415386116 | MO: 6082   0.00   0.43342537691793
MO: 6083   0.00   0.43440783318702 | MO: 6084   0.00   0.43460121001588
MO: 6085   0.00   0.43514510654203 | MO: 6086   0.00   0.43535786735982
MO: 6087   0.00   0.43550024678847 | MO: 6088   0.00   0.43589268631277
MO: 6089   0.00   0.43635517438834 | MO: 6090   0.00   0.43681584333539
MO: 6091   0.00   0.43689881252602 | MO: 6092   0.00   0.43785587832909
MO: 6093   0.00   0.45140559806255 | MO: 6094   0.00   0.45418383503469
MO: 6095   0.00   0.46015074816910 | MO: 6096   0.00   0.46072333183335
MO: 6097   0.00   0.46098852505564 | MO: 6098   0.00   0.46137842596291
MO: 6099   0.00   0.46270943588021 | MO: 6100   0.00   0.46283794342115
MO: 6101   0.00   0.46353004778685 | MO: 6102   0.00   0.46366723765571
MO: 6103   0.00   0.46449236722499 | MO: 6104   0.00   0.46608188059339
MO: 6105   0.00   0.46666856998851 | MO: 6106   0.00   0.46681838047519
MO: 6107   0.00   0.46684801724476 | MO: 6108   0.00   0.46705545748746
MO: 6109   0.00   0.46708994661731 | MO: 6110   0.00   0.46779911218734
MO: 6111   0.00   0.46798358099452 | MO: 6112   0.00   0.46845127195029
MO: 6113   0.00   0.46847924802335 | MO: 6114   0.00   0.46863047363146
MO: 6115   0.00   0.46869848251491 | MO: 6116   0.00   0.46878346941821
MO: 6117   0.00   0.46901024582297 | MO: 6118   0.00   0.46905055868626
MO: 6119   0.00   0.46969423078358 | MO: 6120   0.00   0.46998145649827
MO: 6121   0.00   0.47000166566275 | MO: 6122   0.00   0.47046560277076
MO: 6123   0.00   0.47049895488684 | MO: 6124   0.00   0.47091159566070
MO: 6125   0.00   0.47110659545739 | MO: 6126   0.00   0.47135485360631
MO: 6127   0.00   0.47143383010339 | MO: 6128   0.00   0.47169772986011
MO: 6129   0.00   0.47254146543569 | MO: 6130   0.00   0.47275122418099
MO: 6131   0.00   0.47277605777603 | MO: 6132   0.00   0.47285135891633
MO: 6133   0.00   0.47314772613083 | MO: 6134   0.00   0.47315718626339
MO: 6135   0.00   0.47388700262123 | MO: 6136   0.00   0.47412460979089
MO: 6137   0.00   0.47442730627188 | MO: 6138   0.00   0.47446081811746
MO: 6139   0.00   0.47472268962294 | MO: 6140   0.00   0.47502675022800
MO: 6141   0.00   0.47509658673605 | MO: 6142   0.00   0.47642272893838
MO: 6143   0.00   0.47654327577372 | MO: 6144   0.00   0.47698059686210
MO: 6145   0.00   0.47703639245809 | MO: 6146   0.00   0.47712189755325
MO: 6147   0.00   0.47718798822988 | MO: 6148   0.00   0.47723364139724
MO: 6149   0.00   0.47765647344581 | MO: 6150   0.00   0.47810154010869
MO: 6151   0.00   0.47826817765324 | MO: 6152   0.00   0.47849318385973
MO: 6153   0.00   0.47872231198948 | MO: 6154   0.00   0.47885140237622
MO: 6155   0.00   0.47894666710220 | MO: 6156   0.00   0.47923543218296
MO: 6157   0.00   0.48010475566775 | MO: 6158   0.00   0.48022892462282
MO: 6159   0.00   0.48037300951044 | MO: 6160   0.00   0.48041157122760
MO: 6161   0.00   0.48041344968663 | MO: 6162   0.00   0.48138780513170
MO: 6163   0.00   0.48152629309898 | MO: 6164   0.00   0.48157473088772
MO: 6165   0.00   0.48193073932340 | MO: 6166   0.00   0.48200347352780
MO: 6167   0.00   0.48200772245803 | MO: 6168   0.00   0.48206519898277
MO: 6169   0.00   0.48206785182581 | MO: 6170   0.00   0.48217862131418
MO: 6171   0.00   0.48222909138341 | MO: 6172   0.00   0.48251693276000
MO: 6173   0.00   0.48259000004659 | MO: 6174   0.00   0.48313729357076
MO: 6175   0.00   0.48323882609594 | MO: 6176   0.00   0.48366064606183
MO: 6177   0.00   0.48374667192198 | MO: 6178   0.00   0.48381810493364
MO: 6179   0.00   0.48403813742986 | MO: 6180   0.00   0.48431985659703
MO: 6181   0.00   0.48437241994277 | MO: 6182   0.00   0.48445948699028
MO: 6183   0.00   0.48472201794662 | MO: 6184   0.00   0.48497971109148
MO: 6185   0.00   0.48513957164224 | MO: 6186   0.00   0.48547244498868
MO: 6187   0.00   0.48560295987056 | MO: 6188   0.00   0.48640367981523
MO: 6189   0.00   0.48641256887208 | MO: 6190   0.00   0.48675502652272
MO: 6191   0.00   0.48684160955152 | MO: 6192   0.00   0.48715576229788
MO: 6193   0.00   0.48734362848965 | MO: 6194   0.00   0.48748564217330
MO: 6195   0.00   0.48780593680766 | MO: 6196   0.00   0.48828400306520
MO: 6197   0.00   0.48836150584449 | MO: 6198   0.00   0.48848411939961
MO: 6199   0.00   0.48862513464460 | MO: 6200   0.00   0.48932866280649
MO: 6201   0.00   0.48939620330619 | MO: 6202   0.00   0.48970588877666
MO: 6203   0.00   0.48976080916412 | MO: 6204   0.00   0.49047666014293
MO: 6205   0.00   0.49055173355968 | MO: 6206   0.00   0.49070062401578
MO: 6207   0.00   0.49087278545185 | MO: 6208   0.00   0.49106137776478
MO: 6209   0.00   0.49157038687693 | MO: 6210   0.00   0.49158016485360
MO: 6211   0.00   0.49159947819914 | MO: 6212   0.00   0.49194507968849
MO: 6213   0.00   0.49254180411819 | MO: 6214   0.00   0.49361777332483
MO: 6215   0.00   0.49367312001877 | MO: 6216   0.00   0.49424618745605
MO: 6217   0.00   0.49470879758311 | MO: 6218   0.00   0.49479780966589
MO: 6219   0.00   0.49495552115947 | MO: 6220   0.00   0.49524354862180
MO: 6221   0.00   0.49560711415205 | MO: 6222   0.00   0.49576488506080
MO: 6223   0.00   0.49606047603693 | MO: 6224   0.00   0.49853985083069
MO: 6225   0.00   0.49865132082579 | MO: 6226   0.00   0.49867866673910
MO: 6227   0.00   0.49904617772099 | MO: 6228   0.00   0.49926329223246
MO: 6229   0.00   0.49929724159033 | MO: 6230   0.00   0.49958122418444
MO: 6231   0.00   0.50100015257443 | MO: 6232   0.00   0.50118528830495
MO: 6233   0.00   0.50150003335218 | MO: 6234   0.00   0.50154257626418
MO: 6235   0.00   0.50155844009875 | MO: 6236   0.00   0.50168066679097
MO: 6237   0.00   0.50201127575911 | MO: 6238   0.00   0.50348573158551
MO: 6239   0.00   0.50366342998964 | MO: 6240   0.00   0.50382805913083
MO: 6241   0.00   0.50389004712510 | MO: 6242   0.00   0.50392871269000
MO: 6243   0.00   0.50506632331028 | MO: 6244   0.00   0.50531576985198
MO: 6245   0.00   0.50558080692621 | MO: 6246   0.00   0.50561592704191
MO: 6247   0.00   0.50573093819621 | MO: 6248   0.00   0.50574774793493
MO: 6249   0.00   0.50577429338168 | MO: 6250   0.00   0.50584084481249
MO: 6251   0.00   0.50606230625221 | MO: 6252   0.00   0.50666002463488
MO: 6253   0.00   0.50675180172886 | MO: 6254   0.00   0.50741293719968
MO: 6255   0.00   0.50829540431937 | MO: 6256   0.00   0.50839493075118
MO: 6257   0.00   0.50846352881935 | MO: 6258   0.00   0.50848593388298
MO: 6259   0.00   0.50849377159813 | MO: 6260   0.00   0.50864194877483
MO: 6261   0.00   0.50864864357939 | MO: 6262   0.00   0.50890115845313
MO: 6263   0.00   0.50912757261555 | MO: 6264   0.00   0.50927394587141
MO: 6265   0.00   0.50928790398555 | MO: 6266   0.00   0.50936745810926
MO: 6267   0.00   0.50941863377466 | MO: 6268   0.00   0.50962164511060
MO: 6269   0.00   0.50975928133463 | MO: 6270   0.00   0.51001104544491
MO: 6271   0.00   0.51027601469333 | MO: 6272   0.00   0.51077189012570
MO: 6273   0.00   0.51126284307592 | MO: 6274   0.00   0.51139609944224
MO: 6275   0.00   0.51189770467287 | MO: 6276   0.00   0.51190042911745
MO: 6277   0.00   0.51195300581319 | MO: 6278   0.00   0.51204185673513
MO: 6279   0.00   0.51217454571297 | MO: 6280   0.00   0.51258482182381
MO: 6281   0.00   0.51262193196748 | MO: 6282   0.00   0.51267944035556
MO: 6283   0.00   0.51323712285690 | MO: 6284   0.00   0.51329616929084
MO: 6285   0.00   0.51337921996601 | MO: 6286   0.00   0.51346253135750
MO: 6287   0.00   0.51352631932721 | MO: 6288   0.00   0.51355045993158
MO: 6289   0.00   0.51363547268425 | MO: 6290   0.00   0.51383803405311
MO: 6291   0.00   0.51449121024695 | MO: 6292   0.00   0.51510860637637
MO: 6293   0.00   0.51545906206712 | MO: 6294   0.00   0.51571140571260
MO: 6295   0.00   0.51587791588105 | MO: 6296   0.00   0.51593120477459
MO: 6297   0.00   0.51599126288188 | MO: 6298   0.00   0.51625138575826
MO: 6299   0.00   0.51634552005707 | MO: 6300   0.00   0.51635410750388
MO: 6301   0.00   0.51660649053270 | MO: 6302   0.00   0.51681987299766
MO: 6303   0.00   0.51734933239688 | MO: 6304   0.00   0.51755013284899
MO: 6305   0.00   0.51824053394359 | MO: 6306   0.00   0.51849690419847
MO: 6307   0.00   0.51916324943085 | MO: 6308   0.00   0.51935459608402
MO: 6309   0.00   0.51992314979690 | MO: 6310   0.00   0.52026898353108
MO: 6311   0.00   0.52041772115295 | MO: 6312   0.00   0.52051667746612
MO: 6313   0.00   0.52206975951453 | MO: 6314   0.00   0.52279337220172
MO: 6315   0.00   0.52306202963045 | MO: 6316   0.00   0.52509675310675
MO: 6317   0.00   0.52614745107883 | MO: 6318   0.00   0.53008069058494
MO: 6319   0.00   0.53148837291780 | MO: 6320   0.00   0.53175204419570
MO: 6321   0.00   0.53391240286637 | MO: 6322   0.00   0.53428308997620
MO: 6323   0.00   0.53452949651542 | MO: 6324   0.00   0.53461379563555
MO: 6325   0.00   0.53602726364154 | MO: 6326   0.00   0.53625066427546
MO: 6327   0.00   0.53671016654026 | MO: 6328   0.00   0.53687614324221
MO: 6329   0.00   0.53691094917815 | MO: 6330   0.00   0.53729830261525
MO: 6331   0.00   0.53805656608120 | MO: 6332   0.00   0.53834896007343
MO: 6333   0.00   0.53980405314956 | MO: 6334   0.00   0.54015810050039
MO: 6335   0.00   0.54107840747864 | MO: 6336   0.00   0.54123922267880
MO: 6337   0.00   0.54137264819505 | MO: 6338   0.00   0.54231881923206
MO: 6339   0.00   0.54236755831915 | MO: 6340   0.00   0.54294141509822
MO: 6341   0.00   0.54374315625524 | MO: 6342   0.00   0.54389632133274
MO: 6343   0.00   0.54446170884048 | MO: 6344   0.00   0.54455766403071
MO: 6345   0.00   0.54472331122151 | MO: 6346   0.00   0.54492596322044
MO: 6347   0.00   0.54519583667883 | MO: 6348   0.00   0.54528578166465
MO: 6349   0.00   0.54599832837198 | MO: 6350   0.00   0.54612648353800
MO: 6351   0.00   0.54635607387290 | MO: 6352   0.00   0.54674313251011
MO: 6353   0.00   0.54674734794916 | MO: 6354   0.00   0.54701243068872
MO: 6355   0.00   0.54712105812801 | MO: 6356   0.00   0.54740630729083
MO: 6357   0.00   0.54909279695711 | MO: 6358   0.00   0.54952685546060
MO: 6359   0.00   0.55001525960322 | MO: 6360   0.00   0.55032704450405
MO: 6361   0.00   0.55050093313919 | MO: 6362   0.00   0.55057993555354
MO: 6363   0.00   0.55131615290582 | MO: 6364   0.00   0.55168374150009
MO: 6365   0.00   0.55184803175115 | MO: 6366   0.00   0.55423756032872
MO: 6367   0.00   0.55516750427930 | MO: 6368   0.00   0.55553141266461
MO: 6369   0.00   0.55587260883917 | MO: 6370   0.00   0.55800654898156
MO: 6371   0.00   0.55813036415182 | MO: 6372   0.00   0.55815143610578
MO: 6373   0.00   0.55900000716251 | MO: 6374   0.00   0.55926146403457
MO: 6375   0.00   0.55944526833798 | MO: 6376   0.00   0.56026840828218
MO: 6377   0.00   0.56094733027174 | MO: 6378   0.00   0.56244827568002
MO: 6379   0.00   0.58228250977535 | MO: 6380   0.00   0.58228848662461
MO: 6381   0.00   0.58256730717567 | MO: 6382   0.00   0.58276173305604
MO: 6383   0.00   0.58278791377422 | MO: 6384   0.00   0.58281884918799
MO: 6385   0.00   0.58305863808585 | MO: 6386   0.00   0.58342894833641
MO: 6387   0.00   0.58344316896441 | MO: 6388   0.00   0.58412022533722
MO: 6389   0.00   0.58466988408525 | MO: 6390   0.00   0.58471551098719
MO: 6391   0.00   0.58478959748614 | MO: 6392   0.00   0.58531902296715
MO: 6393   0.00   0.58542316581496 | MO: 6394   0.00   0.58641134319884
MO: 6395   0.00   0.58875439266638 | MO: 6396   0.00   0.59302324166214
MO: 6397   0.00   0.59384562086588 | MO: 6398   0.00   0.59401255512582
MO: 6399   0.00   0.59442103262188 | MO: 6400   0.00   0.59535767411928
MO: 6401   0.00   0.59555588966841 | MO: 6402   0.00   0.59561535473440
MO: 6403   0.00   0.59577371626166 | MO: 6404   0.00   0.59621395901138
MO: 6405   0.00   0.59631281555094 | MO: 6406   0.00   0.59677075947269
MO: 6407   0.00   0.59729370357620 | MO: 6408   0.00   0.59743407303320
MO: 6409   0.00   0.59784095106799 | MO: 6410   0.00   0.59797963580758
MO: 6411   0.00   0.59840714400028 | MO: 6412   0.00   0.59863028889749
MO: 6413   0.00   0.59916116593437 | MO: 6414   0.00   0.59955067963989
MO: 6415   0.00   0.59959316531094 | MO: 6416   0.00   0.60096035343686
MO: 6417   0.00   0.60155092316725 | MO: 6418   0.00   0.60169305967438
MO: 6419   0.00   0.60292367438617 | MO: 6420   0.00   0.60304185682323
MO: 6421   0.00   0.60518974825800 | MO: 6422   0.00   0.60613653004404
MO: 6423   0.00   0.63999531556203 | MO: 6424   0.00   0.64099548505485
MO: 6425   0.00   0.64215481633595 | MO: 6426   0.00   0.64699018783751
MO: 6427   0.00   0.64737691442516 | MO: 6428   0.00   0.64764737077701
MO: 6429   0.00   0.64803525821058 | MO: 6430   0.00   0.64893061863191
MO: 6431   0.00   0.64903255235305 | MO: 6432   0.00   0.64978072143066
MO: 6433   0.00   0.65007235782423 | MO: 6434   0.00   0.65080975067516
MO: 6435   0.00   0.65082877835036 | MO: 6436   0.00   0.65178903285173
MO: 6437   0.00   0.65204258299824 | MO: 6438   0.00   0.65339705867719
MO: 6439   0.00   0.66145607244195 | MO: 6440   0.00   0.66383232767524
MO: 6441   0.00   0.67249014011299 | MO: 6442   0.00   0.67328427001973
MO: 6443   0.00   0.67334652695985 | MO: 6444   0.00   0.67354881682853
MO: 6445   0.00   0.67377533491891 | MO: 6446   0.00   0.67407350767858
MO: 6447   0.00   0.67468547202503 | MO: 6448   0.00   0.67473353646594
MO: 6449   0.00   0.67502957288764 | MO: 6450   0.00   0.67512676737261
MO: 6451   0.00   0.67546071294947 | MO: 6452   0.00   0.67552689200178
MO: 6453   0.00   0.67558894165761 | MO: 6454   0.00   0.67558923982331
MO: 6455   0.00   0.67565018249840 | MO: 6456   0.00   0.67577287162283
MO: 6457   0.00   0.67587649071712 | MO: 6458   0.00   0.67603182753681
MO: 6459   0.00   0.67612697230771 | MO: 6460   0.00   0.67674860713542
MO: 6461   0.00   0.67754749974851 | MO: 6462   0.00   0.67781564558720
MO: 6463   0.00   0.67851410714937 | MO: 6464   0.00   0.67860196122272
MO: 6465   0.00   0.67886400795349 | MO: 6466   0.00   0.67906359016313
MO: 6467   0.00   0.67940272173944 | MO: 6468   0.00   0.68181853283865
MO: 6469   0.00   0.68831101040637 | MO: 6470   0.00   0.68924402751598
MO: 6471   0.00   0.69190949887643 | MO: 6472   0.00   0.69224683940857
MO: 6473   0.00   0.69224804785932 | MO: 6474   0.00   0.69249037120138
MO: 6475   0.00   0.69299841558084 | MO: 6476   0.00   0.69319330941458
MO: 6477   0.00   0.69340516026257 | MO: 6478   0.00   0.69368501579680
MO: 6479   0.00   0.69383628137754 | MO: 6480   0.00   0.69408086475227
MO: 6481   0.00   0.69549036826058 | MO: 6482   0.00   0.69626780421277
MO: 6483   0.00   0.69722003211913 | MO: 6484   0.00   0.69742528866454
MO: 6485   0.00   0.69777949389950 | MO: 6486   0.00   0.69784566770164
MO: 6487   0.00   0.69818097575370 | MO: 6488   0.00   0.69860758640027
MO: 6489   0.00   0.69948357663021 | MO: 6490   0.00   0.69989463947623
MO: 6491   0.00   0.69998362476866 | MO: 6492   0.00   0.70064928049458
MO: 6493   0.00   0.70073158823655 | MO: 6494   0.00   0.70183691832449
MO: 6495   0.00   0.70196921238063 | MO: 6496   0.00   0.70215620684161
MO: 6497   0.00   0.70289858552662 | MO: 6498   0.00   0.70426040698047
MO: 6499   0.00   0.72499338851538 | MO: 6500   0.00   0.72732787812685
MO: 6501   0.00   0.73737411430543 | MO: 6502   0.00   0.73821643979812
MO: 6503   0.00   0.73848001295546 | MO: 6504   0.00   0.73858158381889
MO: 6505   0.00   0.73882557317774 | MO: 6506   0.00   0.73938322197074
MO: 6507   0.00   0.73949779999273 | MO: 6508   0.00   0.74008116136656
MO: 6509   0.00   0.74203905517396 | MO: 6510   0.00   0.74220167155589
MO: 6511   0.00   0.74246030607244 | MO: 6512   0.00   0.74266530216331
MO: 6513   0.00   0.74276044018834 | MO: 6514   0.00   0.74521435314095
MO: 6515   0.00   0.76822981371795 | MO: 6516   0.00   0.76865402042963
MO: 6517   0.00   0.77003453109404 | MO: 6518   0.00   0.77011506008137
MO: 6519   0.00   0.77039237424601 | MO: 6520   0.00   0.77047326323264
MO: 6521   0.00   0.77084374446974 | MO: 6522   0.00   0.77166423288348
MO: 6523   0.00   0.77178266197538 | MO: 6524   0.00   0.77187974868617
MO: 6525   0.00   0.77241459438009 | MO: 6526   0.00   0.77270467932409
MO: 6527   0.00   0.77279163783627 | MO: 6528   0.00   0.77384827056318
MO: 6529   0.00   1.14993258577566 | MO: 6530   0.00   1.15259951553767
MO: 6531   0.00   1.20843780919052 | MO: 6532   0.00   1.20870418199879
MO: 6533   0.00   1.21147434366068 | MO: 6534   0.00   1.21161988704424
MO: 6535   0.00   1.21237476399709 | MO: 6536   0.00   1.21340384536776
MO: 6537   0.00   1.21349975316040 | MO: 6538   0.00   1.21386800573123
MO: 6539   0.00   1.21445180173326 | MO: 6540   0.00   1.21496315970938
MO: 6541   0.00   1.21507979981086 | MO: 6542   0.00   1.21536559577622
MO: 6543   0.00   1.21642377914114 | MO: 6544   0.00   1.21659819779380
MO: 6545   0.00   1.21743218352253 | MO: 6546   0.00   1.21799801836343
MO: 6547   0.00   1.21822219681912 | MO: 6548   0.00   1.21875267389394
MO: 6549   0.00   1.21951489133912 | MO: 6550   0.00   1.21992836344411
MO: 6551   0.00   1.22046974570705 | MO: 6552   0.00   1.22163960911205
MO: 6553   0.00   1.22198167197617 | MO: 6554   0.00   1.22256900419722
MO: 6555   0.00   1.22265565003830 | MO: 6556   0.00   1.22380054502581
MO: 6557   0.00   1.22391963495371 | MO: 6558   0.00   1.22455202102766
MO: 6559   0.00   1.22501006382961 | MO: 6560   0.00   1.22641360473686
MO: 6561   0.00   1.22687777252339 | MO: 6562   0.00   1.22732210051839
MO: 6563   0.00   1.22847806914631 | MO: 6564   0.00   1.22849351906306
MO: 6565   0.00   1.22875621019635 | MO: 6566   0.00   1.22901997303175
MO: 6567   0.00   1.22913948248677 | MO: 6568   0.00   1.23068754933834
MO: 6569   0.00   1.23177299915090 | MO: 6570   0.00   1.23205066854500
MO: 6571   0.00   1.23233675175268 | MO: 6572   0.00   1.23263290056276
MO: 6573   0.00   1.23371599443429 | MO: 6574   0.00   1.23500918225833
MO: 6575   0.00   1.23570528251026 | MO: 6576   0.00   1.23699027450542
MO: 6577   0.00   1.24130296190147 | MO: 6578   0.00   1.24154667657455
MO: 6579   0.00   1.24331317358854 | MO: 6580   0.00   1.24344902115247
MO: 6581   0.00   1.24705593493871 | MO: 6582   0.00   1.24919831382900
MO: 6583   0.00   1.24934441644277 | MO: 6584   0.00   1.24975870715036
MO: 6585   0.00   1.25381582494390 | MO: 6586   0.00   1.25507076962950
MO: 6587   0.00   1.25543383113541 | MO: 6588   0.00   1.25811413575492
MO: 6589   0.00   1.52614151123749 | MO: 6590   0.00   1.52811304270274
MO: 6591   0.00   1.52824129492140 | MO: 6592   0.00   1.52861975017314
MO: 6593   0.00   1.52932684546417 | MO: 6594   0.00   1.52965789990366
MO: 6595   0.00   1.53198206398054 | MO: 6596   0.00   1.53224268363378
MO: 6597   0.00   1.53330091736675 | MO: 6598   0.00   1.53340521761421
MO: 6599   0.00   1.53345343142521 | MO: 6600   0.00   1.53448234965464
MO: 6601   0.00   1.53488211545942 | MO: 6602   0.00   1.53500961635735
MO: 6603   0.00   1.53514434469647 | MO: 6604   0.00   1.53612927298752
MO: 6605   0.00   1.53747455205459 | MO: 6606   0.00   1.53773912603824
MO: 6607   0.00   1.53918985379358 | MO: 6608   0.00   1.53958344028571
MO: 6609   0.00   1.53964469636487 | MO: 6610   0.00   1.53993664703911
MO: 6611   0.00   1.54017080874444 | MO: 6612   0.00   1.54036452978432
MO: 6613   0.00   1.54097689814861 | MO: 6614   0.00   1.54216824942871
MO: 6615   0.00   1.54224114611829 | MO: 6616   0.00   1.54291327405709
MO: 6617   0.00   1.54324927349365 | MO: 6618   0.00   1.54330219513670
MO: 6619   0.00   1.54375102810414 | MO: 6620   0.00   1.54477577089250
MO: 6621   0.00   1.54532696071805 | MO: 6622   0.00   1.54533580366513
MO: 6623   0.00   1.54544138713431 | MO: 6624   0.00   1.54793983573690
MO: 6625   0.00   1.54809988118741 | MO: 6626   0.00   1.54810423958286
MO: 6627   0.00   1.54862855099870 | MO: 6628   0.00   1.55098900171967
MO: 6629   0.00   1.55194254516530 | MO: 6630   0.00   1.55238695055258
MO: 6631   0.00   1.55538286113884 | MO: 6632   0.00   1.55798580137453
MO: 6633   0.00   1.56071904278462 | MO: 6634   0.00   1.56397953289274
MO: 6635   0.00   1.56545986298276 | MO: 6636   0.00   1.56848434605914
MO: 6637   0.00   1.59600658643715 | MO: 6638   0.00   1.60100121729434
MO: 6639   0.00   1.60303154476948 | MO: 6640   0.00   1.60403373996118
MO: 6641   0.00   1.60645799335724 | MO: 6642   0.00   1.60979895896165
MO: 6643   0.00   1.62373490917360 | MO: 6644   0.00   1.62512949375674
MO: 6645   0.00   1.62704427528796 | MO: 6646   0.00   1.62841526594724
MO: 6647   0.00   1.62993855323105 | MO: 6648   0.00   1.63161602807200
MO: 6649   0.00   1.67744351852965 | MO: 6650   0.00   1.68344120909529
MO: 6651   0.00   1.68725895333592 | MO: 6652   0.00   1.68761953502940
MO: 6653   0.00   1.68818193086762 | MO: 6654   0.00   1.68829995286596
MO: 6655   0.00   1.68904212056760 | MO: 6656   0.00   1.69081074477811
MO: 6657   0.00   1.69139216265174 | MO: 6658   0.00   1.69141917252798
MO: 6659   0.00   1.69199626272901 | MO: 6660   0.00   1.69228380740304
MO: 6661   0.00   1.69250520322834 | MO: 6662   0.00   1.69278864586476
MO: 6663   0.00   1.69442392943105 | MO: 6664   0.00   1.69522287830031
MO: 6665   0.00   1.69528570695530 | MO: 6666   0.00   1.69579183992980
MO: 6667   0.00   1.69615925630344 | MO: 6668   0.00   1.69833766140620
MO: 6669   0.00   1.69901566135717 | MO: 6670   0.00   1.69963968992403
MO: 6671   0.00   1.69964898343413 | MO: 6672   0.00   1.69990000772557
MO: 6673   0.00   1.70043012027525 | MO: 6674   0.00   1.70254724183314
MO: 6675   0.00   1.70288415806145 | MO: 6676   0.00   1.70308196037169
MO: 6677   0.00   1.70385343808237 | MO: 6678   0.00   1.70423340209467
MO: 6679   0.00   1.70440101833324 | MO: 6680   0.00   1.70580595849216
MO: 6681   0.00   1.70678263519917 | MO: 6682   0.00   1.70731062265050
MO: 6683   0.00   1.70852694836402 | MO: 6684   0.00   1.70907588835051
MO: 6685   0.00   1.70938115153022 | MO: 6686   0.00   1.71017867036323
MO: 6687   0.00   1.71225811598823 | MO: 6688   0.00   1.71377037843268
MO: 6689   0.00   1.71413088085362 | MO: 6690   0.00   1.71666264577886
MO: 6691   0.00   1.71667768981290 | MO: 6692   0.00   1.71902486293112
MO: 6693   0.00   1.71923857686257 | MO: 6694   0.00   1.72081007891881
MO: 6695   0.00   1.72103710912729 | MO: 6696   0.00   1.72109213371966
MO: 6697   0.00   1.72207265856666 | MO: 6698   0.00   1.72238587458816
MO: 6699   0.00   1.72287055827282 | MO: 6700   0.00   1.72324995268993
MO: 6701   0.00   1.72327104921345 | MO: 6702   0.00   1.72390679234984
MO: 6703   0.00   1.72565571118194 | MO: 6704   0.00   1.72637969383420
MO: 6705   0.00   1.72684070758319 | MO: 6706   0.00   1.72752008810630
MO: 6707   0.00   1.72892588446033 | MO: 6708   0.00   1.73072407150506
----------------------------------------------------------------------- 
                                                                                
-------------------------------------------------------------------------------- 
                                                 total elapsed time:  1761.32 s
                                                                                
                    :::::::::::::::::::::::::::::::::::::::                     
                    ::    Thank you for using DIALECT    ::                     
                    :::::::::::::::::::::::::::::::::::::::                     
                                                                                
